--------------------------------------------------------
--  File created - Tuesday-September-10-2019   
--------------------------------------------------------
--------------------------------------------------------
--  DDL for Table BROKERS
--------------------------------------------------------

  CREATE TABLE "BROKERS" 
   (	"BROKER_NAME" VARCHAR2(30 BYTE)
   ) SEGMENT CREATION IMMEDIATE 
  PCTFREE 10 PCTUSED 40 INITRANS 1 MAXTRANS 255 NOCOMPRESS LOGGING
  STORAGE(INITIAL 65536 NEXT 1048576 MINEXTENTS 1 MAXEXTENTS 2147483645
  PCTINCREASE 0 FREELISTS 1 FREELIST GROUPS 1 BUFFER_POOL DEFAULT FLASH_CACHE DEFAULT CELL_FLASH_CACHE DEFAULT)
  TABLESPACE "SYSTEM" ;
--------------------------------------------------------
--  DDL for Table FIRMS
--------------------------------------------------------

  CREATE TABLE "FIRMS" 
   (	"FIRM_ID" NUMBER(*,0), 
	"NAME" VARCHAR2(20 BYTE)
   ) SEGMENT CREATION IMMEDIATE 
  PCTFREE 10 PCTUSED 40 INITRANS 1 MAXTRANS 255 NOCOMPRESS LOGGING
  STORAGE(INITIAL 65536 NEXT 1048576 MINEXTENTS 1 MAXEXTENTS 2147483645
  PCTINCREASE 0 FREELISTS 1 FREELIST GROUPS 1 BUFFER_POOL DEFAULT FLASH_CACHE DEFAULT CELL_FLASH_CACHE DEFAULT)
  TABLESPACE "SYSTEM" ;
--------------------------------------------------------
--  DDL for Table SECURITIES
--------------------------------------------------------

  CREATE TABLE "SECURITIES" 
   (	"SECURITY_ID" NUMBER(*,0), 
	"NAME" VARCHAR2(20 BYTE), 
	"LOT_SIZE" NUMBER(*,0) DEFAULT 0
   ) SEGMENT CREATION IMMEDIATE 
  PCTFREE 10 PCTUSED 40 INITRANS 1 MAXTRANS 255 NOCOMPRESS LOGGING
  STORAGE(INITIAL 65536 NEXT 1048576 MINEXTENTS 1 MAXEXTENTS 2147483645
  PCTINCREASE 0 FREELISTS 1 FREELIST GROUPS 1 BUFFER_POOL DEFAULT FLASH_CACHE DEFAULT CELL_FLASH_CACHE DEFAULT)
  TABLESPACE "SYSTEM" ;
--------------------------------------------------------
--  DDL for Table STOCKS
--------------------------------------------------------

  CREATE TABLE "STOCKS" 
   (	"FIRM_ID" NUMBER(*,0), 
	"SECURITY_ID" NUMBER(*,0), 
	"HIGHEST_PRICE" FLOAT(126), 
	"LOWEST_PRICE" FLOAT(126), 
	"LTP" FLOAT(126)
   ) SEGMENT CREATION IMMEDIATE 
  PCTFREE 10 PCTUSED 40 INITRANS 1 MAXTRANS 255 NOCOMPRESS LOGGING
  STORAGE(INITIAL 65536 NEXT 1048576 MINEXTENTS 1 MAXEXTENTS 2147483645
  PCTINCREASE 0 FREELISTS 1 FREELIST GROUPS 1 BUFFER_POOL DEFAULT FLASH_CACHE DEFAULT CELL_FLASH_CACHE DEFAULT)
  TABLESPACE "SYSTEM" ;
--------------------------------------------------------
--  DDL for Table TRADES
--------------------------------------------------------

  CREATE TABLE "TRADES" 
   (	"TRADE_ID" NUMBER(*,0), 
	"TRADER" VARCHAR2(20 BYTE), 
	"TIMESTAMP" TIMESTAMP (6), 
	"BUY_SELL" VARCHAR2(20 BYTE), 
	"SECURITY" NUMBER(*,0), 
	"QUANTITY" NUMBER(*,0), 
	"DEAL_PRICE" FLOAT(126), 
	"FIRM" NUMBER(*,0), 
	"BROKER" VARCHAR2(40 BYTE), 
	"IS_WASHTRADE" NUMBER(*,0) DEFAULT 0
   ) SEGMENT CREATION IMMEDIATE 
  PCTFREE 10 PCTUSED 40 INITRANS 1 MAXTRANS 255 NOCOMPRESS LOGGING
  STORAGE(INITIAL 65536 NEXT 1048576 MINEXTENTS 1 MAXEXTENTS 2147483645
  PCTINCREASE 0 FREELISTS 1 FREELIST GROUPS 1 BUFFER_POOL DEFAULT FLASH_CACHE DEFAULT CELL_FLASH_CACHE DEFAULT)
  TABLESPACE "SYSTEM" ;
--------------------------------------------------------
--  DDL for Table USERS
--------------------------------------------------------

  CREATE TABLE "USERS" 
   (	"TRADER_ID" VARCHAR2(20 BYTE), 
	"TRADER_NAME" VARCHAR2(20 BYTE), 
	"DATE_REG" DATE, 
	"USERNAME" VARCHAR2(20 BYTE), 
	"PASSWORD" VARCHAR2(20 BYTE), 
	"EMAIL_ID" VARCHAR2(40 BYTE), 
	"PHONE" LONG, 
	"DOB" DATE, 
	"IS_ADMIN" NUMBER(*,0) DEFAULT 0
   ) SEGMENT CREATION IMMEDIATE 
  PCTFREE 10 PCTUSED 40 INITRANS 1 MAXTRANS 255 NOCOMPRESS LOGGING
  STORAGE(INITIAL 65536 NEXT 1048576 MINEXTENTS 1 MAXEXTENTS 2147483645
  PCTINCREASE 0 FREELISTS 1 FREELIST GROUPS 1 BUFFER_POOL DEFAULT FLASH_CACHE DEFAULT CELL_FLASH_CACHE DEFAULT)
  TABLESPACE "SYSTEM" ;
REM INSERTING into BROKERS
SET DEFINE OFF;
Insert into BROKERS (BROKER_NAME) values ('5PAISA');
Insert into BROKERS (BROKER_NAME) values ('ANGEL BROKING');
Insert into BROKERS (BROKER_NAME) values ('FYERS');
Insert into BROKERS (BROKER_NAME) values ('ICICI DIRECT');
Insert into BROKERS (BROKER_NAME) values ('MOTILAL OSWAL');
Insert into BROKERS (BROKER_NAME) values ('SHAREKHAN');
Insert into BROKERS (BROKER_NAME) values ('UPSTOX');
Insert into BROKERS (BROKER_NAME) values ('ZERODHA');
REM INSERTING into FIRMS
SET DEFINE OFF;
Insert into FIRMS (FIRM_ID,NAME) values (101,'Facebook');
Insert into FIRMS (FIRM_ID,NAME) values (102,'Walmart');
Insert into FIRMS (FIRM_ID,NAME) values (103,'Apple');
REM INSERTING into SECURITIES
SET DEFINE OFF;
Insert into SECURITIES (SECURITY_ID,NAME,LOT_SIZE) values (7890,'Equity Shares',0);
Insert into SECURITIES (SECURITY_ID,NAME,LOT_SIZE) values (9811,'Futures',0);
Insert into SECURITIES (SECURITY_ID,NAME,LOT_SIZE) values (3030,'Call Option',0);
Insert into SECURITIES (SECURITY_ID,NAME,LOT_SIZE) values (1204,'Put Option',0);
REM INSERTING into STOCKS
SET DEFINE OFF;
Insert into STOCKS (FIRM_ID,SECURITY_ID,HIGHEST_PRICE,LOWEST_PRICE,LTP) values (101,3030,196.1417,192.6314,194.43861311719886);
Insert into STOCKS (FIRM_ID,SECURITY_ID,HIGHEST_PRICE,LOWEST_PRICE,LTP) values (101,1204,196.2333,192.7823,193.1253248359119);
Insert into STOCKS (FIRM_ID,SECURITY_ID,HIGHEST_PRICE,LOWEST_PRICE,LTP) values (102,7890,117.96,115.27,115.99604637705706);
Insert into STOCKS (FIRM_ID,SECURITY_ID,HIGHEST_PRICE,LOWEST_PRICE,LTP) values (102,9811,120.3192,117.5754,118.61310886803044);
Insert into STOCKS (FIRM_ID,SECURITY_ID,HIGHEST_PRICE,LOWEST_PRICE,LTP) values (102,3030,123.858,121.0335,121.0899300356118);
Insert into STOCKS (FIRM_ID,SECURITY_ID,HIGHEST_PRICE,LOWEST_PRICE,LTP) values (102,1204,123.7622,121.5467,123.64781059699409);
Insert into STOCKS (FIRM_ID,SECURITY_ID,HIGHEST_PRICE,LOWEST_PRICE,LTP) values (103,7890,191.36,187.94,188.22538437022394);
Insert into STOCKS (FIRM_ID,SECURITY_ID,HIGHEST_PRICE,LOWEST_PRICE,LTP) values (103,9811,195.187,191.6988,192.8345177474332);
Insert into STOCKS (FIRM_ID,SECURITY_ID,HIGHEST_PRICE,LOWEST_PRICE,LTP) values (103,3030,200.928,197.337,199.6224466866306);
Insert into STOCKS (FIRM_ID,SECURITY_ID,HIGHEST_PRICE,LOWEST_PRICE,LTP) values (103,1204,200.054,197.222,197.72268105448515);
Insert into STOCKS (FIRM_ID,SECURITY_ID,HIGHEST_PRICE,LOWEST_PRICE,LTP) values (101,7890,186.8017,183.4585,186.33947925622923);
Insert into STOCKS (FIRM_ID,SECURITY_ID,HIGHEST_PRICE,LOWEST_PRICE,LTP) values (101,9811,190.5377,187.1276,189.32272752278766);
REM INSERTING into TRADES
SET DEFINE OFF;
Insert into TRADES (TRADE_ID,TRADER,TIMESTAMP,BUY_SELL,SECURITY,QUANTITY,DEAL_PRICE,FIRM,BROKER,IS_WASHTRADE) values (100405,'GAU7P0MO',to_timestamp('08-SEP-19 04.28.57.283000000 PM','DD-MON-RR HH.MI.SSXFF AM'),'buy',9811,46452,189.60580478009066,101,'FYERS',0);
Insert into TRADES (TRADE_ID,TRADER,TIMESTAMP,BUY_SELL,SECURITY,QUANTITY,DEAL_PRICE,FIRM,BROKER,IS_WASHTRADE) values (100406,'JANYOUWQ',to_timestamp('08-SEP-19 09.35.33.939000000 AM','DD-MON-RR HH.MI.SSXFF AM'),'buy',9811,80141,189.57980397611664,101,'ANGEL BROKING',0);
Insert into TRADES (TRADE_ID,TRADER,TIMESTAMP,BUY_SELL,SECURITY,QUANTITY,DEAL_PRICE,FIRM,BROKER,IS_WASHTRADE) values (100407,'SAN99MVO',to_timestamp('08-SEP-19 05.11.57.022000000 PM','DD-MON-RR HH.MI.SSXFF AM'),'sell',3030,77208,195.2533683618215,101,'MOTILAL OSWAL',0);
Insert into TRADES (TRADE_ID,TRADER,TIMESTAMP,BUY_SELL,SECURITY,QUANTITY,DEAL_PRICE,FIRM,BROKER,IS_WASHTRADE) values (100408,'MEL90RDH',to_timestamp('08-SEP-19 03.20.56.198000000 PM','DD-MON-RR HH.MI.SSXFF AM'),'sell',3030,17813,199.16543197534443,103,'ANGEL BROKING',0);
Insert into TRADES (TRADE_ID,TRADER,TIMESTAMP,BUY_SELL,SECURITY,QUANTITY,DEAL_PRICE,FIRM,BROKER,IS_WASHTRADE) values (100409,'MARJKAEW',to_timestamp('08-SEP-19 05.45.05.729000000 PM','DD-MON-RR HH.MI.SSXFF AM'),'buy',3030,84892,121.3138915702668,102,'ANGEL BROKING',0);
Insert into TRADES (TRADE_ID,TRADER,TIMESTAMP,BUY_SELL,SECURITY,QUANTITY,DEAL_PRICE,FIRM,BROKER,IS_WASHTRADE) values (100410,'CHAZWV3E',to_timestamp('08-SEP-19 10.37.23.686000000 PM','DD-MON-RR HH.MI.SSXFF AM'),'sell',1204,25845,195.98217489716143,101,'ANGEL BROKING',0);
Insert into TRADES (TRADE_ID,TRADER,TIMESTAMP,BUY_SELL,SECURITY,QUANTITY,DEAL_PRICE,FIRM,BROKER,IS_WASHTRADE) values (100411,'JORQC1K8',to_timestamp('08-SEP-19 05.59.27.198000000 PM','DD-MON-RR HH.MI.SSXFF AM'),'buy',1204,41928,194.2659587842583,101,'5PAISA',0);
Insert into TRADES (TRADE_ID,TRADER,TIMESTAMP,BUY_SELL,SECURITY,QUANTITY,DEAL_PRICE,FIRM,BROKER,IS_WASHTRADE) values (100412,'DAVYDUWM',to_timestamp('08-SEP-19 03.44.59.717000000 PM','DD-MON-RR HH.MI.SSXFF AM'),'buy',1204,2321,199.95615261720727,103,'ICICI DIRECT',0);
Insert into TRADES (TRADE_ID,TRADER,TIMESTAMP,BUY_SELL,SECURITY,QUANTITY,DEAL_PRICE,FIRM,BROKER,IS_WASHTRADE) values (100413,'VIC62V98',to_timestamp('08-SEP-19 05.05.00.173000000 PM','DD-MON-RR HH.MI.SSXFF AM'),'buy',9811,45012,187.49553858565554,101,'SHAREKHAN',0);
Insert into TRADES (TRADE_ID,TRADER,TIMESTAMP,BUY_SELL,SECURITY,QUANTITY,DEAL_PRICE,FIRM,BROKER,IS_WASHTRADE) values (100414,'CHE9I7EY',to_timestamp('08-SEP-19 09.31.02.844000000 PM','DD-MON-RR HH.MI.SSXFF AM'),'buy',1204,11130,193.14306828982782,101,'ICICI DIRECT',0);
Insert into TRADES (TRADE_ID,TRADER,TIMESTAMP,BUY_SELL,SECURITY,QUANTITY,DEAL_PRICE,FIRM,BROKER,IS_WASHTRADE) values (100415,'HEIH0KV5',to_timestamp('08-SEP-19 01.02.20.133000000 AM','DD-MON-RR HH.MI.SSXFF AM'),'sell',1204,18294,122.1936320932388,102,'MOTILAL OSWAL',0);
Insert into TRADES (TRADE_ID,TRADER,TIMESTAMP,BUY_SELL,SECURITY,QUANTITY,DEAL_PRICE,FIRM,BROKER,IS_WASHTRADE) values (100416,'CHR22C80',to_timestamp('08-SEP-19 10.09.18.631000000 PM','DD-MON-RR HH.MI.SSXFF AM'),'sell',1204,52031,194.74514104123938,101,'ICICI DIRECT',0);
Insert into TRADES (TRADE_ID,TRADER,TIMESTAMP,BUY_SELL,SECURITY,QUANTITY,DEAL_PRICE,FIRM,BROKER,IS_WASHTRADE) values (100417,'JAN4TTH1',to_timestamp('08-SEP-19 08.46.42.873000000 AM','DD-MON-RR HH.MI.SSXFF AM'),'buy',1204,3608,122.05403642147319,102,'SHAREKHAN',0);
Insert into TRADES (TRADE_ID,TRADER,TIMESTAMP,BUY_SELL,SECURITY,QUANTITY,DEAL_PRICE,FIRM,BROKER,IS_WASHTRADE) values (100418,'BLAEKYYI',to_timestamp('08-SEP-19 06.02.29.642000000 AM','DD-MON-RR HH.MI.SSXFF AM'),'sell',1204,9418,195.71152616055116,101,'ANGEL BROKING',0);
Insert into TRADES (TRADE_ID,TRADER,TIMESTAMP,BUY_SELL,SECURITY,QUANTITY,DEAL_PRICE,FIRM,BROKER,IS_WASHTRADE) values (100419,'ZAC15CCX',to_timestamp('08-SEP-19 10.50.38.160000000 AM','DD-MON-RR HH.MI.SSXFF AM'),'sell',7890,41318,183.61531992538258,101,'FYERS',0);
Insert into TRADES (TRADE_ID,TRADER,TIMESTAMP,BUY_SELL,SECURITY,QUANTITY,DEAL_PRICE,FIRM,BROKER,IS_WASHTRADE) values (100420,'LAUC4KJN',to_timestamp('08-SEP-19 06.45.55.994000000 AM','DD-MON-RR HH.MI.SSXFF AM'),'sell',3030,26066,122.04913337973386,102,'ANGEL BROKING',0);
Insert into TRADES (TRADE_ID,TRADER,TIMESTAMP,BUY_SELL,SECURITY,QUANTITY,DEAL_PRICE,FIRM,BROKER,IS_WASHTRADE) values (100421,'DAW9KSVT',to_timestamp('08-SEP-19 04.56.20.266000000 PM','DD-MON-RR HH.MI.SSXFF AM'),'sell',1204,43041,123.62793796284167,102,'FYERS',0);
Insert into TRADES (TRADE_ID,TRADER,TIMESTAMP,BUY_SELL,SECURITY,QUANTITY,DEAL_PRICE,FIRM,BROKER,IS_WASHTRADE) values (100422,'SOUPBVBV',to_timestamp('08-SEP-19 10.56.44.463000000 AM','DD-MON-RR HH.MI.SSXFF AM'),'buy',7890,72797,116.02034895129316,102,'UPSTOX',0);
Insert into TRADES (TRADE_ID,TRADER,TIMESTAMP,BUY_SELL,SECURITY,QUANTITY,DEAL_PRICE,FIRM,BROKER,IS_WASHTRADE) values (100423,'JORQC1K8',to_timestamp('08-SEP-19 03.36.02.137000000 PM','DD-MON-RR HH.MI.SSXFF AM'),'buy',9811,56708,194.11218439552005,103,'FYERS',0);
Insert into TRADES (TRADE_ID,TRADER,TIMESTAMP,BUY_SELL,SECURITY,QUANTITY,DEAL_PRICE,FIRM,BROKER,IS_WASHTRADE) values (100424,'JANOVB6M',to_timestamp('08-SEP-19 07.31.49.637000000 PM','DD-MON-RR HH.MI.SSXFF AM'),'sell',1204,17229,123.4360465621672,102,'UPSTOX',0);
Insert into TRADES (TRADE_ID,TRADER,TIMESTAMP,BUY_SELL,SECURITY,QUANTITY,DEAL_PRICE,FIRM,BROKER,IS_WASHTRADE) values (100425,'CHRBN6M5',to_timestamp('08-SEP-19 01.18.55.928000000 AM','DD-MON-RR HH.MI.SSXFF AM'),'buy',9811,25154,190.4658548989824,101,'ZERODHA',0);
Insert into TRADES (TRADE_ID,TRADER,TIMESTAMP,BUY_SELL,SECURITY,QUANTITY,DEAL_PRICE,FIRM,BROKER,IS_WASHTRADE) values (100426,'SUMQV73B',to_timestamp('08-SEP-19 07.30.05.489000000 AM','DD-MON-RR HH.MI.SSXFF AM'),'buy',3030,14655,122.04371209115604,102,'ZERODHA',0);
Insert into TRADES (TRADE_ID,TRADER,TIMESTAMP,BUY_SELL,SECURITY,QUANTITY,DEAL_PRICE,FIRM,BROKER,IS_WASHTRADE) values (100427,'CRAEM3BA',to_timestamp('08-SEP-19 09.36.38.796000000 PM','DD-MON-RR HH.MI.SSXFF AM'),'buy',7890,11044,185.23686347897703,101,'ZERODHA',0);
Insert into TRADES (TRADE_ID,TRADER,TIMESTAMP,BUY_SELL,SECURITY,QUANTITY,DEAL_PRICE,FIRM,BROKER,IS_WASHTRADE) values (100428,'ERIE2FOK',to_timestamp('08-SEP-19 03.41.29.386000000 AM','DD-MON-RR HH.MI.SSXFF AM'),'buy',9811,25026,193.35336263585123,103,'FYERS',0);
Insert into TRADES (TRADE_ID,TRADER,TIMESTAMP,BUY_SELL,SECURITY,QUANTITY,DEAL_PRICE,FIRM,BROKER,IS_WASHTRADE) values (100429,'SHAR5F6A',to_timestamp('08-SEP-19 09.41.33.689000000 PM','DD-MON-RR HH.MI.SSXFF AM'),'sell',7890,53954,186.52555701069903,101,'5PAISA',0);
Insert into TRADES (TRADE_ID,TRADER,TIMESTAMP,BUY_SELL,SECURITY,QUANTITY,DEAL_PRICE,FIRM,BROKER,IS_WASHTRADE) values (100430,'DANSQJD0',to_timestamp('08-SEP-19 03.53.42.134000000 AM','DD-MON-RR HH.MI.SSXFF AM'),'buy',1204,8533,123.05364522251278,102,'5PAISA',0);
Insert into TRADES (TRADE_ID,TRADER,TIMESTAMP,BUY_SELL,SECURITY,QUANTITY,DEAL_PRICE,FIRM,BROKER,IS_WASHTRADE) values (100431,'GAB8QU2G',to_timestamp('08-SEP-19 12.07.04.714000000 AM','DD-MON-RR HH.MI.SSXFF AM'),'sell',3030,73757,121.96433575390357,102,'FYERS',0);
Insert into TRADES (TRADE_ID,TRADER,TIMESTAMP,BUY_SELL,SECURITY,QUANTITY,DEAL_PRICE,FIRM,BROKER,IS_WASHTRADE) values (100432,'SAMTFFLS',to_timestamp('08-SEP-19 06.03.26.904000000 PM','DD-MON-RR HH.MI.SSXFF AM'),'buy',3030,75410,200.70732393303516,103,'ICICI DIRECT',0);
Insert into TRADES (TRADE_ID,TRADER,TIMESTAMP,BUY_SELL,SECURITY,QUANTITY,DEAL_PRICE,FIRM,BROKER,IS_WASHTRADE) values (100433,'MAR2KY8Q',to_timestamp('08-SEP-19 09.08.49.963000000 PM','DD-MON-RR HH.MI.SSXFF AM'),'sell',9811,69589,117.70412767522085,102,'ZERODHA',0);
Insert into TRADES (TRADE_ID,TRADER,TIMESTAMP,BUY_SELL,SECURITY,QUANTITY,DEAL_PRICE,FIRM,BROKER,IS_WASHTRADE) values (100434,'JUAFOXS2',to_timestamp('08-SEP-19 06.54.15.780000000 AM','DD-MON-RR HH.MI.SSXFF AM'),'sell',3030,20460,193.032797557352,101,'ZERODHA',0);
Insert into TRADES (TRADE_ID,TRADER,TIMESTAMP,BUY_SELL,SECURITY,QUANTITY,DEAL_PRICE,FIRM,BROKER,IS_WASHTRADE) values (100435,'KEN13ID0',to_timestamp('08-SEP-19 03.37.55.651000000 AM','DD-MON-RR HH.MI.SSXFF AM'),'buy',9811,98153,118.5700310809485,102,'FYERS',0);
Insert into TRADES (TRADE_ID,TRADER,TIMESTAMP,BUY_SELL,SECURITY,QUANTITY,DEAL_PRICE,FIRM,BROKER,IS_WASHTRADE) values (100436,'CHRIREI1',to_timestamp('08-SEP-19 11.08.24.863000000 AM','DD-MON-RR HH.MI.SSXFF AM'),'buy',7890,81789,184.23881321956452,101,'ICICI DIRECT',0);
Insert into TRADES (TRADE_ID,TRADER,TIMESTAMP,BUY_SELL,SECURITY,QUANTITY,DEAL_PRICE,FIRM,BROKER,IS_WASHTRADE) values (100437,'WANECTKW',to_timestamp('08-SEP-19 02.40.08.681000000 PM','DD-MON-RR HH.MI.SSXFF AM'),'buy',1204,76194,197.83067111811692,103,'FYERS',0);
Insert into TRADES (TRADE_ID,TRADER,TIMESTAMP,BUY_SELL,SECURITY,QUANTITY,DEAL_PRICE,FIRM,BROKER,IS_WASHTRADE) values (100438,'ROS53TGD',to_timestamp('08-SEP-19 08.52.46.711000000 AM','DD-MON-RR HH.MI.SSXFF AM'),'sell',7890,36173,190.07294254301308,103,'UPSTOX',0);
Insert into TRADES (TRADE_ID,TRADER,TIMESTAMP,BUY_SELL,SECURITY,QUANTITY,DEAL_PRICE,FIRM,BROKER,IS_WASHTRADE) values (100439,'DERTAZB7',to_timestamp('08-SEP-19 07.20.14.359000000 AM','DD-MON-RR HH.MI.SSXFF AM'),'sell',9811,5796,191.8152272219029,103,'ANGEL BROKING',0);
Insert into TRADES (TRADE_ID,TRADER,TIMESTAMP,BUY_SELL,SECURITY,QUANTITY,DEAL_PRICE,FIRM,BROKER,IS_WASHTRADE) values (100440,'COLS34TU',to_timestamp('08-SEP-19 09.14.31.505000000 PM','DD-MON-RR HH.MI.SSXFF AM'),'buy',9811,62368,189.5744048720491,101,'ZERODHA',0);
Insert into TRADES (TRADE_ID,TRADER,TIMESTAMP,BUY_SELL,SECURITY,QUANTITY,DEAL_PRICE,FIRM,BROKER,IS_WASHTRADE) values (100441,'SUMQV73B',to_timestamp('08-SEP-19 10.31.46.668000000 PM','DD-MON-RR HH.MI.SSXFF AM'),'buy',3030,22600,194.70102435165015,101,'SHAREKHAN',0);
Insert into TRADES (TRADE_ID,TRADER,TIMESTAMP,BUY_SELL,SECURITY,QUANTITY,DEAL_PRICE,FIRM,BROKER,IS_WASHTRADE) values (100442,'BRIHFIYO',to_timestamp('08-SEP-19 06.22.35.498000000 AM','DD-MON-RR HH.MI.SSXFF AM'),'buy',3030,71843,194.67582578553112,101,'5PAISA',0);
Insert into TRADES (TRADE_ID,TRADER,TIMESTAMP,BUY_SELL,SECURITY,QUANTITY,DEAL_PRICE,FIRM,BROKER,IS_WASHTRADE) values (100443,'SHEMG1R5',to_timestamp('08-SEP-19 12.26.54.352000000 PM','DD-MON-RR HH.MI.SSXFF AM'),'sell',1204,13539,195.59744804985266,101,'ICICI DIRECT',0);
Insert into TRADES (TRADE_ID,TRADER,TIMESTAMP,BUY_SELL,SECURITY,QUANTITY,DEAL_PRICE,FIRM,BROKER,IS_WASHTRADE) values (100444,'GINU6KRU',to_timestamp('08-SEP-19 10.17.46.065000000 PM','DD-MON-RR HH.MI.SSXFF AM'),'sell',1204,10925,121.9922039614684,102,'FYERS',0);
Insert into TRADES (TRADE_ID,TRADER,TIMESTAMP,BUY_SELL,SECURITY,QUANTITY,DEAL_PRICE,FIRM,BROKER,IS_WASHTRADE) values (100445,'TAYKKPA8',to_timestamp('08-SEP-19 11.25.51.567000000 PM','DD-MON-RR HH.MI.SSXFF AM'),'buy',1204,21694,122.66789439556055,102,'ZERODHA',0);
Insert into TRADES (TRADE_ID,TRADER,TIMESTAMP,BUY_SELL,SECURITY,QUANTITY,DEAL_PRICE,FIRM,BROKER,IS_WASHTRADE) values (100446,'TYRLL4RI',to_timestamp('08-SEP-19 07.52.56.462000000 AM','DD-MON-RR HH.MI.SSXFF AM'),'sell',3030,54079,123.57750877037576,102,'ANGEL BROKING',0);
Insert into TRADES (TRADE_ID,TRADER,TIMESTAMP,BUY_SELL,SECURITY,QUANTITY,DEAL_PRICE,FIRM,BROKER,IS_WASHTRADE) values (100447,'JESFJTRT',to_timestamp('08-SEP-19 12.24.21.460000000 AM','DD-MON-RR HH.MI.SSXFF AM'),'sell',3030,70300,200.01094721292168,103,'SHAREKHAN',0);
Insert into TRADES (TRADE_ID,TRADER,TIMESTAMP,BUY_SELL,SECURITY,QUANTITY,DEAL_PRICE,FIRM,BROKER,IS_WASHTRADE) values (100448,'SOUPBVBV',to_timestamp('08-SEP-19 05.43.19.863000000 AM','DD-MON-RR HH.MI.SSXFF AM'),'sell',1204,56892,123.27971061899443,102,'MOTILAL OSWAL',0);
Insert into TRADES (TRADE_ID,TRADER,TIMESTAMP,BUY_SELL,SECURITY,QUANTITY,DEAL_PRICE,FIRM,BROKER,IS_WASHTRADE) values (100449,'SHAPXEM3',to_timestamp('08-SEP-19 04.52.08.911000000 PM','DD-MON-RR HH.MI.SSXFF AM'),'sell',3030,62583,199.06439701344647,103,'UPSTOX',0);
Insert into TRADES (TRADE_ID,TRADER,TIMESTAMP,BUY_SELL,SECURITY,QUANTITY,DEAL_PRICE,FIRM,BROKER,IS_WASHTRADE) values (100450,'RON9S76W',to_timestamp('08-SEP-19 11.54.30.256000000 PM','DD-MON-RR HH.MI.SSXFF AM'),'sell',9811,46499,192.80608927563142,103,'SHAREKHAN',0);
Insert into TRADES (TRADE_ID,TRADER,TIMESTAMP,BUY_SELL,SECURITY,QUANTITY,DEAL_PRICE,FIRM,BROKER,IS_WASHTRADE) values (100451,'CHAZWV3E',to_timestamp('08-SEP-19 05.34.19.452000000 AM','DD-MON-RR HH.MI.SSXFF AM'),'buy',9811,63116,118.57201658088329,102,'ANGEL BROKING',0);
Insert into TRADES (TRADE_ID,TRADER,TIMESTAMP,BUY_SELL,SECURITY,QUANTITY,DEAL_PRICE,FIRM,BROKER,IS_WASHTRADE) values (100452,'TIMPUTKJ',to_timestamp('08-SEP-19 03.46.17.267000000 AM','DD-MON-RR HH.MI.SSXFF AM'),'sell',3030,9752,122.84363644898673,102,'UPSTOX',0);
Insert into TRADES (TRADE_ID,TRADER,TIMESTAMP,BUY_SELL,SECURITY,QUANTITY,DEAL_PRICE,FIRM,BROKER,IS_WASHTRADE) values (100453,'ERIE2FOK',to_timestamp('08-SEP-19 09.17.29.237000000 AM','DD-MON-RR HH.MI.SSXFF AM'),'buy',1204,4357,193.48018165550215,101,'5PAISA',0);
Insert into TRADES (TRADE_ID,TRADER,TIMESTAMP,BUY_SELL,SECURITY,QUANTITY,DEAL_PRICE,FIRM,BROKER,IS_WASHTRADE) values (100454,'DEAU7LQT',to_timestamp('08-SEP-19 09.18.31.911000000 AM','DD-MON-RR HH.MI.SSXFF AM'),'buy',3030,36946,198.38007613557986,103,'MOTILAL OSWAL',0);
Insert into TRADES (TRADE_ID,TRADER,TIMESTAMP,BUY_SELL,SECURITY,QUANTITY,DEAL_PRICE,FIRM,BROKER,IS_WASHTRADE) values (100455,'JES3RBBJ',to_timestamp('08-SEP-19 11.36.50.277000000 PM','DD-MON-RR HH.MI.SSXFF AM'),'sell',3030,90795,121.09911912257168,102,'ZERODHA',0);
Insert into TRADES (TRADE_ID,TRADER,TIMESTAMP,BUY_SELL,SECURITY,QUANTITY,DEAL_PRICE,FIRM,BROKER,IS_WASHTRADE) values (100456,'TAYKKPA8',to_timestamp('08-SEP-19 03.47.40.100000000 AM','DD-MON-RR HH.MI.SSXFF AM'),'sell',9811,36589,120.19411415957865,102,'ZERODHA',0);
Insert into TRADES (TRADE_ID,TRADER,TIMESTAMP,BUY_SELL,SECURITY,QUANTITY,DEAL_PRICE,FIRM,BROKER,IS_WASHTRADE) values (100457,'CHRBN6M5',to_timestamp('08-SEP-19 10.31.40.530000000 PM','DD-MON-RR HH.MI.SSXFF AM'),'buy',3030,72018,123.29589543149791,102,'ANGEL BROKING',0);
Insert into TRADES (TRADE_ID,TRADER,TIMESTAMP,BUY_SELL,SECURITY,QUANTITY,DEAL_PRICE,FIRM,BROKER,IS_WASHTRADE) values (100458,'JARTPV5E',to_timestamp('08-SEP-19 05.01.20.166000000 AM','DD-MON-RR HH.MI.SSXFF AM'),'sell',1204,43472,197.26593879502286,103,'MOTILAL OSWAL',0);
Insert into TRADES (TRADE_ID,TRADER,TIMESTAMP,BUY_SELL,SECURITY,QUANTITY,DEAL_PRICE,FIRM,BROKER,IS_WASHTRADE) values (100459,'KEN13ID0',to_timestamp('08-SEP-19 09.02.03.931000000 PM','DD-MON-RR HH.MI.SSXFF AM'),'buy',3030,16792,123.01756483893877,102,'FYERS',0);
Insert into TRADES (TRADE_ID,TRADER,TIMESTAMP,BUY_SELL,SECURITY,QUANTITY,DEAL_PRICE,FIRM,BROKER,IS_WASHTRADE) values (100460,'AUTVR07B',to_timestamp('08-SEP-19 07.34.38.444000000 PM','DD-MON-RR HH.MI.SSXFF AM'),'buy',3030,40199,199.46363692452013,103,'ICICI DIRECT',0);
Insert into TRADES (TRADE_ID,TRADER,TIMESTAMP,BUY_SELL,SECURITY,QUANTITY,DEAL_PRICE,FIRM,BROKER,IS_WASHTRADE) values (100461,'KENFND7Y',to_timestamp('08-SEP-19 09.37.25.671000000 AM','DD-MON-RR HH.MI.SSXFF AM'),'sell',1204,77554,196.2261703480476,101,'ZERODHA',0);
Insert into TRADES (TRADE_ID,TRADER,TIMESTAMP,BUY_SELL,SECURITY,QUANTITY,DEAL_PRICE,FIRM,BROKER,IS_WASHTRADE) values (100462,'KATGCHI5',to_timestamp('08-SEP-19 08.31.03.144000000 AM','DD-MON-RR HH.MI.SSXFF AM'),'sell',7890,41426,115.91468909014682,102,'FYERS',0);
Insert into TRADES (TRADE_ID,TRADER,TIMESTAMP,BUY_SELL,SECURITY,QUANTITY,DEAL_PRICE,FIRM,BROKER,IS_WASHTRADE) values (100463,'JAN4TTH1',to_timestamp('08-SEP-19 02.19.57.320000000 PM','DD-MON-RR HH.MI.SSXFF AM'),'sell',7890,42343,188.11610199264692,103,'ICICI DIRECT',0);
Insert into TRADES (TRADE_ID,TRADER,TIMESTAMP,BUY_SELL,SECURITY,QUANTITY,DEAL_PRICE,FIRM,BROKER,IS_WASHTRADE) values (100464,'CAR6Y40A',to_timestamp('08-SEP-19 03.21.10.172000000 PM','DD-MON-RR HH.MI.SSXFF AM'),'buy',9811,41605,188.05095922455465,101,'UPSTOX',0);
Insert into TRADES (TRADE_ID,TRADER,TIMESTAMP,BUY_SELL,SECURITY,QUANTITY,DEAL_PRICE,FIRM,BROKER,IS_WASHTRADE) values (100465,'JAKWVAYB',to_timestamp('08-SEP-19 04.35.58.938000000 AM','DD-MON-RR HH.MI.SSXFF AM'),'sell',7890,90636,117.35538536613545,102,'ICICI DIRECT',0);
Insert into TRADES (TRADE_ID,TRADER,TIMESTAMP,BUY_SELL,SECURITY,QUANTITY,DEAL_PRICE,FIRM,BROKER,IS_WASHTRADE) values (100466,'REGB527U',to_timestamp('08-SEP-19 05.03.44.957000000 AM','DD-MON-RR HH.MI.SSXFF AM'),'sell',3030,16061,195.08813198671893,101,'5PAISA',0);
Insert into TRADES (TRADE_ID,TRADER,TIMESTAMP,BUY_SELL,SECURITY,QUANTITY,DEAL_PRICE,FIRM,BROKER,IS_WASHTRADE) values (100467,'BAB9Q3TV',to_timestamp('08-SEP-19 05.03.05.816000000 AM','DD-MON-RR HH.MI.SSXFF AM'),'sell',1204,82948,197.81777266430998,103,'UPSTOX',0);
Insert into TRADES (TRADE_ID,TRADER,TIMESTAMP,BUY_SELL,SECURITY,QUANTITY,DEAL_PRICE,FIRM,BROKER,IS_WASHTRADE) values (100468,'CHAU7OK3',to_timestamp('08-SEP-19 08.18.10.889000000 AM','DD-MON-RR HH.MI.SSXFF AM'),'buy',1204,70928,194.1862536223063,101,'UPSTOX',0);
Insert into TRADES (TRADE_ID,TRADER,TIMESTAMP,BUY_SELL,SECURITY,QUANTITY,DEAL_PRICE,FIRM,BROKER,IS_WASHTRADE) values (100469,'GAGEPSYI',to_timestamp('08-SEP-19 08.48.49.968000000 AM','DD-MON-RR HH.MI.SSXFF AM'),'sell',3030,69497,197.60274911594115,103,'ANGEL BROKING',0);
Insert into TRADES (TRADE_ID,TRADER,TIMESTAMP,BUY_SELL,SECURITY,QUANTITY,DEAL_PRICE,FIRM,BROKER,IS_WASHTRADE) values (100470,'SHAQ3Q50',to_timestamp('08-SEP-19 07.31.07.084000000 PM','DD-MON-RR HH.MI.SSXFF AM'),'buy',1204,42521,197.8263451837058,103,'MOTILAL OSWAL',0);
Insert into TRADES (TRADE_ID,TRADER,TIMESTAMP,BUY_SELL,SECURITY,QUANTITY,DEAL_PRICE,FIRM,BROKER,IS_WASHTRADE) values (100471,'SHAQ3Q50',to_timestamp('08-SEP-19 05.29.35.631000000 PM','DD-MON-RR HH.MI.SSXFF AM'),'buy',3030,33148,121.16366197604107,102,'ANGEL BROKING',0);
Insert into TRADES (TRADE_ID,TRADER,TIMESTAMP,BUY_SELL,SECURITY,QUANTITY,DEAL_PRICE,FIRM,BROKER,IS_WASHTRADE) values (100472,'DONN9WWV',to_timestamp('08-SEP-19 10.19.55.374000000 AM','DD-MON-RR HH.MI.SSXFF AM'),'buy',1204,2602,200.03312589889956,103,'ICICI DIRECT',0);
Insert into TRADES (TRADE_ID,TRADER,TIMESTAMP,BUY_SELL,SECURITY,QUANTITY,DEAL_PRICE,FIRM,BROKER,IS_WASHTRADE) values (100473,'BRA2EBST',to_timestamp('08-SEP-19 03.29.57.974000000 AM','DD-MON-RR HH.MI.SSXFF AM'),'buy',1204,79026,194.99402213909377,101,'ANGEL BROKING',0);
Insert into TRADES (TRADE_ID,TRADER,TIMESTAMP,BUY_SELL,SECURITY,QUANTITY,DEAL_PRICE,FIRM,BROKER,IS_WASHTRADE) values (100474,'JEF6G3PC',to_timestamp('08-SEP-19 04.42.07.787000000 PM','DD-MON-RR HH.MI.SSXFF AM'),'sell',7890,1098,185.71404936968764,101,'5PAISA',0);
Insert into TRADES (TRADE_ID,TRADER,TIMESTAMP,BUY_SELL,SECURITY,QUANTITY,DEAL_PRICE,FIRM,BROKER,IS_WASHTRADE) values (100475,'GAB8QU2G',to_timestamp('08-SEP-19 05.09.09.490000000 AM','DD-MON-RR HH.MI.SSXFF AM'),'buy',9811,57488,194.67762941553866,103,'UPSTOX',0);
Insert into TRADES (TRADE_ID,TRADER,TIMESTAMP,BUY_SELL,SECURITY,QUANTITY,DEAL_PRICE,FIRM,BROKER,IS_WASHTRADE) values (100476,'CATCA8NP',to_timestamp('08-SEP-19 05.35.50.960000000 AM','DD-MON-RR HH.MI.SSXFF AM'),'buy',1204,73910,194.28653169981158,101,'SHAREKHAN',0);
Insert into TRADES (TRADE_ID,TRADER,TIMESTAMP,BUY_SELL,SECURITY,QUANTITY,DEAL_PRICE,FIRM,BROKER,IS_WASHTRADE) values (100477,'MAR2KY8Q',to_timestamp('08-SEP-19 03.41.53.405000000 AM','DD-MON-RR HH.MI.SSXFF AM'),'buy',1204,98465,198.7954689863777,103,'SHAREKHAN',0);
Insert into TRADES (TRADE_ID,TRADER,TIMESTAMP,BUY_SELL,SECURITY,QUANTITY,DEAL_PRICE,FIRM,BROKER,IS_WASHTRADE) values (100478,'JOH8XWOI',to_timestamp('08-SEP-19 11.26.12.222000000 AM','DD-MON-RR HH.MI.SSXFF AM'),'sell',3030,56939,194.2868992504471,101,'UPSTOX',0);
Insert into TRADES (TRADE_ID,TRADER,TIMESTAMP,BUY_SELL,SECURITY,QUANTITY,DEAL_PRICE,FIRM,BROKER,IS_WASHTRADE) values (100479,'JOECW7BS',to_timestamp('08-SEP-19 09.57.02.453000000 AM','DD-MON-RR HH.MI.SSXFF AM'),'sell',9811,7751,187.94091085581516,101,'ANGEL BROKING',0);
Insert into TRADES (TRADE_ID,TRADER,TIMESTAMP,BUY_SELL,SECURITY,QUANTITY,DEAL_PRICE,FIRM,BROKER,IS_WASHTRADE) values (100480,'SOUPBVBV',to_timestamp('08-SEP-19 12.45.02.677000000 AM','DD-MON-RR HH.MI.SSXFF AM'),'buy',9811,62593,118.82669472373843,102,'MOTILAL OSWAL',0);
Insert into TRADES (TRADE_ID,TRADER,TIMESTAMP,BUY_SELL,SECURITY,QUANTITY,DEAL_PRICE,FIRM,BROKER,IS_WASHTRADE) values (100481,'HEAOPO1B',to_timestamp('08-SEP-19 09.12.38.546000000 AM','DD-MON-RR HH.MI.SSXFF AM'),'buy',3030,34203,193.19019849135142,101,'ZERODHA',0);
Insert into TRADES (TRADE_ID,TRADER,TIMESTAMP,BUY_SELL,SECURITY,QUANTITY,DEAL_PRICE,FIRM,BROKER,IS_WASHTRADE) values (100482,'TRAPRNSK',to_timestamp('08-SEP-19 11.15.35.252000000 PM','DD-MON-RR HH.MI.SSXFF AM'),'buy',1204,72443,193.21343174456092,101,'ZERODHA',0);
Insert into TRADES (TRADE_ID,TRADER,TIMESTAMP,BUY_SELL,SECURITY,QUANTITY,DEAL_PRICE,FIRM,BROKER,IS_WASHTRADE) values (100483,'CORDAQPS',to_timestamp('08-SEP-19 11.06.49.115000000 AM','DD-MON-RR HH.MI.SSXFF AM'),'sell',7890,43537,117.53787782410578,102,'SHAREKHAN',0);
Insert into TRADES (TRADE_ID,TRADER,TIMESTAMP,BUY_SELL,SECURITY,QUANTITY,DEAL_PRICE,FIRM,BROKER,IS_WASHTRADE) values (100484,'HEAOPO1B',to_timestamp('08-SEP-19 02.02.49.376000000 AM','DD-MON-RR HH.MI.SSXFF AM'),'buy',1204,97326,123.3404006533369,102,'UPSTOX',0);
Insert into TRADES (TRADE_ID,TRADER,TIMESTAMP,BUY_SELL,SECURITY,QUANTITY,DEAL_PRICE,FIRM,BROKER,IS_WASHTRADE) values (100485,'JESFJTRT',to_timestamp('08-SEP-19 03.19.53.028000000 PM','DD-MON-RR HH.MI.SSXFF AM'),'buy',1204,31441,121.70827534552339,102,'MOTILAL OSWAL',0);
Insert into TRADES (TRADE_ID,TRADER,TIMESTAMP,BUY_SELL,SECURITY,QUANTITY,DEAL_PRICE,FIRM,BROKER,IS_WASHTRADE) values (100486,'COLS34TU',to_timestamp('08-SEP-19 09.19.48.307000000 PM','DD-MON-RR HH.MI.SSXFF AM'),'buy',7890,92148,116.00885489170625,102,'ICICI DIRECT',0);
Insert into TRADES (TRADE_ID,TRADER,TIMESTAMP,BUY_SELL,SECURITY,QUANTITY,DEAL_PRICE,FIRM,BROKER,IS_WASHTRADE) values (100487,'CHRS30RF',to_timestamp('08-SEP-19 12.04.27.803000000 PM','DD-MON-RR HH.MI.SSXFF AM'),'sell',1204,58782,199.584070722183,103,'MOTILAL OSWAL',0);
Insert into TRADES (TRADE_ID,TRADER,TIMESTAMP,BUY_SELL,SECURITY,QUANTITY,DEAL_PRICE,FIRM,BROKER,IS_WASHTRADE) values (100488,'DAW9KSVT',to_timestamp('08-SEP-19 11.26.49.379000000 PM','DD-MON-RR HH.MI.SSXFF AM'),'sell',3030,29843,195.5404523550868,101,'5PAISA',0);
Insert into TRADES (TRADE_ID,TRADER,TIMESTAMP,BUY_SELL,SECURITY,QUANTITY,DEAL_PRICE,FIRM,BROKER,IS_WASHTRADE) values (100489,'CHR22C80',to_timestamp('08-SEP-19 08.02.04.522000000 AM','DD-MON-RR HH.MI.SSXFF AM'),'buy',7890,13682,185.96076604217458,101,'SHAREKHAN',0);
Insert into TRADES (TRADE_ID,TRADER,TIMESTAMP,BUY_SELL,SECURITY,QUANTITY,DEAL_PRICE,FIRM,BROKER,IS_WASHTRADE) values (100490,'ROGJLA4F',to_timestamp('08-SEP-19 12.25.11.136000000 AM','DD-MON-RR HH.MI.SSXFF AM'),'sell',7890,24846,116.59161501093686,102,'MOTILAL OSWAL',0);
Insert into TRADES (TRADE_ID,TRADER,TIMESTAMP,BUY_SELL,SECURITY,QUANTITY,DEAL_PRICE,FIRM,BROKER,IS_WASHTRADE) values (100491,'CLAUGG1K',to_timestamp('08-SEP-19 04.02.31.727000000 AM','DD-MON-RR HH.MI.SSXFF AM'),'buy',3030,13930,199.35005363398886,103,'SHAREKHAN',0);
Insert into TRADES (TRADE_ID,TRADER,TIMESTAMP,BUY_SELL,SECURITY,QUANTITY,DEAL_PRICE,FIRM,BROKER,IS_WASHTRADE) values (100492,'GAU7P0MO',to_timestamp('08-SEP-19 12.32.33.622000000 AM','DD-MON-RR HH.MI.SSXFF AM'),'sell',3030,61326,199.1347399813929,103,'SHAREKHAN',0);
Insert into TRADES (TRADE_ID,TRADER,TIMESTAMP,BUY_SELL,SECURITY,QUANTITY,DEAL_PRICE,FIRM,BROKER,IS_WASHTRADE) values (100493,'DIXGY6R2',to_timestamp('08-SEP-19 08.55.39.251000000 PM','DD-MON-RR HH.MI.SSXFF AM'),'buy',9811,28122,188.90816036120347,101,'UPSTOX',0);
Insert into TRADES (TRADE_ID,TRADER,TIMESTAMP,BUY_SELL,SECURITY,QUANTITY,DEAL_PRICE,FIRM,BROKER,IS_WASHTRADE) values (100494,'CHAZWV3E',to_timestamp('08-SEP-19 12.57.38.498000000 AM','DD-MON-RR HH.MI.SSXFF AM'),'sell',1204,89376,195.44691227378826,101,'ICICI DIRECT',0);
Insert into TRADES (TRADE_ID,TRADER,TIMESTAMP,BUY_SELL,SECURITY,QUANTITY,DEAL_PRICE,FIRM,BROKER,IS_WASHTRADE) values (100495,'ZAC15CCX',to_timestamp('08-SEP-19 05.54.41.456000000 PM','DD-MON-RR HH.MI.SSXFF AM'),'sell',3030,99127,199.52625882058592,103,'SHAREKHAN',0);
Insert into TRADES (TRADE_ID,TRADER,TIMESTAMP,BUY_SELL,SECURITY,QUANTITY,DEAL_PRICE,FIRM,BROKER,IS_WASHTRADE) values (100496,'CAL7GPIE',to_timestamp('08-SEP-19 12.36.03.618000000 AM','DD-MON-RR HH.MI.SSXFF AM'),'buy',9811,29518,117.82261990399985,102,'ICICI DIRECT',0);
Insert into TRADES (TRADE_ID,TRADER,TIMESTAMP,BUY_SELL,SECURITY,QUANTITY,DEAL_PRICE,FIRM,BROKER,IS_WASHTRADE) values (100497,'JANOVB6M',to_timestamp('08-SEP-19 10.41.01.431000000 AM','DD-MON-RR HH.MI.SSXFF AM'),'buy',7890,14478,189.5130466868021,103,'ZERODHA',0);
Insert into TRADES (TRADE_ID,TRADER,TIMESTAMP,BUY_SELL,SECURITY,QUANTITY,DEAL_PRICE,FIRM,BROKER,IS_WASHTRADE) values (100498,'JOHA3YWQ',to_timestamp('08-SEP-19 02.57.01.358000000 AM','DD-MON-RR HH.MI.SSXFF AM'),'buy',9811,33652,195.1829129989964,103,'ANGEL BROKING',0);
Insert into TRADES (TRADE_ID,TRADER,TIMESTAMP,BUY_SELL,SECURITY,QUANTITY,DEAL_PRICE,FIRM,BROKER,IS_WASHTRADE) values (100499,'SAN99MVO',to_timestamp('08-SEP-19 11.57.17.460000000 AM','DD-MON-RR HH.MI.SSXFF AM'),'sell',9811,15549,193.6356517235092,103,'UPSTOX',0);
Insert into TRADES (TRADE_ID,TRADER,TIMESTAMP,BUY_SELL,SECURITY,QUANTITY,DEAL_PRICE,FIRM,BROKER,IS_WASHTRADE) values (100500,'AND89IQX',to_timestamp('08-SEP-19 03.13.50.926000000 AM','DD-MON-RR HH.MI.SSXFF AM'),'sell',9811,23656,187.51077358898678,101,'SHAREKHAN',0);
Insert into TRADES (TRADE_ID,TRADER,TIMESTAMP,BUY_SELL,SECURITY,QUANTITY,DEAL_PRICE,FIRM,BROKER,IS_WASHTRADE) values (100501,'PAMLJK33',to_timestamp('08-SEP-19 01.49.04.988000000 AM','DD-MON-RR HH.MI.SSXFF AM'),'sell',1204,92574,194.07372399150867,101,'MOTILAL OSWAL',0);
Insert into TRADES (TRADE_ID,TRADER,TIMESTAMP,BUY_SELL,SECURITY,QUANTITY,DEAL_PRICE,FIRM,BROKER,IS_WASHTRADE) values (100502,'CHE9I7EY',to_timestamp('08-SEP-19 05.06.31.475000000 PM','DD-MON-RR HH.MI.SSXFF AM'),'sell',1204,557,193.05357472640733,101,'FYERS',0);
Insert into TRADES (TRADE_ID,TRADER,TIMESTAMP,BUY_SELL,SECURITY,QUANTITY,DEAL_PRICE,FIRM,BROKER,IS_WASHTRADE) values (100503,'BROJOU6L',to_timestamp('08-SEP-19 01.15.55.794000000 AM','DD-MON-RR HH.MI.SSXFF AM'),'buy',7890,35448,115.43231196904658,102,'MOTILAL OSWAL',0);
Insert into TRADES (TRADE_ID,TRADER,TIMESTAMP,BUY_SELL,SECURITY,QUANTITY,DEAL_PRICE,FIRM,BROKER,IS_WASHTRADE) values (100504,'DORL4QRF',to_timestamp('08-SEP-19 03.08.14.210000000 AM','DD-MON-RR HH.MI.SSXFF AM'),'sell',1204,45628,199.49066658380545,103,'MOTILAL OSWAL',0);
Insert into TRADES (TRADE_ID,TRADER,TIMESTAMP,BUY_SELL,SECURITY,QUANTITY,DEAL_PRICE,FIRM,BROKER,IS_WASHTRADE) values (100505,'SHAR5F6A',to_timestamp('08-SEP-19 08.33.55.405000000 PM','DD-MON-RR HH.MI.SSXFF AM'),'sell',9811,21116,192.637475076928,103,'SHAREKHAN',0);
Insert into TRADES (TRADE_ID,TRADER,TIMESTAMP,BUY_SELL,SECURITY,QUANTITY,DEAL_PRICE,FIRM,BROKER,IS_WASHTRADE) values (100203,'BREUTPIM',to_timestamp('08-SEP-19 03.23.48.077000000 PM','DD-MON-RR HH.MI.SSXFF AM'),'sell',9811,23636,119.91939478066737,102,'ANGEL BROKING',0);
Insert into TRADES (TRADE_ID,TRADER,TIMESTAMP,BUY_SELL,SECURITY,QUANTITY,DEAL_PRICE,FIRM,BROKER,IS_WASHTRADE) values (100204,'VIC62V98',to_timestamp('08-SEP-19 04.28.47.093000000 AM','DD-MON-RR HH.MI.SSXFF AM'),'buy',9811,83810,188.17307218648935,101,'ANGEL BROKING',0);
Insert into TRADES (TRADE_ID,TRADER,TIMESTAMP,BUY_SELL,SECURITY,QUANTITY,DEAL_PRICE,FIRM,BROKER,IS_WASHTRADE) values (100205,'GAU7P0MO',to_timestamp('08-SEP-19 06.16.37.001000000 AM','DD-MON-RR HH.MI.SSXFF AM'),'buy',9811,46452,188.7256384347677,101,'FYERS',0);
Insert into TRADES (TRADE_ID,TRADER,TIMESTAMP,BUY_SELL,SECURITY,QUANTITY,DEAL_PRICE,FIRM,BROKER,IS_WASHTRADE) values (100206,'JANYOUWQ',to_timestamp('08-SEP-19 05.39.33.392000000 PM','DD-MON-RR HH.MI.SSXFF AM'),'buy',9811,80141,187.76975017402813,101,'ANGEL BROKING',0);
Insert into TRADES (TRADE_ID,TRADER,TIMESTAMP,BUY_SELL,SECURITY,QUANTITY,DEAL_PRICE,FIRM,BROKER,IS_WASHTRADE) values (100207,'SAN99MVO',to_timestamp('08-SEP-19 05.56.08.838000000 AM','DD-MON-RR HH.MI.SSXFF AM'),'sell',3030,77208,194.99647025915792,101,'MOTILAL OSWAL',0);
Insert into TRADES (TRADE_ID,TRADER,TIMESTAMP,BUY_SELL,SECURITY,QUANTITY,DEAL_PRICE,FIRM,BROKER,IS_WASHTRADE) values (100208,'MEL90RDH',to_timestamp('08-SEP-19 03.54.37.832000000 PM','DD-MON-RR HH.MI.SSXFF AM'),'sell',3030,17813,200.12169155484554,103,'ANGEL BROKING',0);
Insert into TRADES (TRADE_ID,TRADER,TIMESTAMP,BUY_SELL,SECURITY,QUANTITY,DEAL_PRICE,FIRM,BROKER,IS_WASHTRADE) values (100209,'MARJKAEW',to_timestamp('08-SEP-19 10.24.51.735000000 AM','DD-MON-RR HH.MI.SSXFF AM'),'buy',3030,84892,121.09639646451942,102,'ANGEL BROKING',0);
Insert into TRADES (TRADE_ID,TRADER,TIMESTAMP,BUY_SELL,SECURITY,QUANTITY,DEAL_PRICE,FIRM,BROKER,IS_WASHTRADE) values (100210,'CHAZWV3E',to_timestamp('08-SEP-19 12.43.15.386000000 AM','DD-MON-RR HH.MI.SSXFF AM'),'sell',1204,25845,194.2735310440126,101,'ANGEL BROKING',0);
Insert into TRADES (TRADE_ID,TRADER,TIMESTAMP,BUY_SELL,SECURITY,QUANTITY,DEAL_PRICE,FIRM,BROKER,IS_WASHTRADE) values (100211,'JORQC1K8',to_timestamp('08-SEP-19 10.40.19.430000000 AM','DD-MON-RR HH.MI.SSXFF AM'),'buy',1204,41928,196.04334873975242,101,'5PAISA',0);
Insert into TRADES (TRADE_ID,TRADER,TIMESTAMP,BUY_SELL,SECURITY,QUANTITY,DEAL_PRICE,FIRM,BROKER,IS_WASHTRADE) values (100212,'DAVYDUWM',to_timestamp('08-SEP-19 11.49.49.213000000 PM','DD-MON-RR HH.MI.SSXFF AM'),'buy',1204,2321,199.85279998664763,103,'ICICI DIRECT',0);
Insert into TRADES (TRADE_ID,TRADER,TIMESTAMP,BUY_SELL,SECURITY,QUANTITY,DEAL_PRICE,FIRM,BROKER,IS_WASHTRADE) values (100213,'VIC62V98',to_timestamp('08-SEP-19 04.04.51.273000000 AM','DD-MON-RR HH.MI.SSXFF AM'),'buy',9811,45012,189.26061557777933,101,'SHAREKHAN',0);
Insert into TRADES (TRADE_ID,TRADER,TIMESTAMP,BUY_SELL,SECURITY,QUANTITY,DEAL_PRICE,FIRM,BROKER,IS_WASHTRADE) values (100214,'CHE9I7EY',to_timestamp('08-SEP-19 04.49.54.716000000 AM','DD-MON-RR HH.MI.SSXFF AM'),'buy',1204,11130,193.70972572212173,101,'ICICI DIRECT',0);
Insert into TRADES (TRADE_ID,TRADER,TIMESTAMP,BUY_SELL,SECURITY,QUANTITY,DEAL_PRICE,FIRM,BROKER,IS_WASHTRADE) values (100215,'HEIH0KV5',to_timestamp('08-SEP-19 06.57.44.882000000 PM','DD-MON-RR HH.MI.SSXFF AM'),'sell',1204,18294,123.06760693350853,102,'MOTILAL OSWAL',0);
Insert into TRADES (TRADE_ID,TRADER,TIMESTAMP,BUY_SELL,SECURITY,QUANTITY,DEAL_PRICE,FIRM,BROKER,IS_WASHTRADE) values (100216,'CHR22C80',to_timestamp('08-SEP-19 01.00.39.535000000 PM','DD-MON-RR HH.MI.SSXFF AM'),'sell',1204,52031,193.9102511905599,101,'ICICI DIRECT',0);
Insert into TRADES (TRADE_ID,TRADER,TIMESTAMP,BUY_SELL,SECURITY,QUANTITY,DEAL_PRICE,FIRM,BROKER,IS_WASHTRADE) values (100217,'JAN4TTH1',to_timestamp('08-SEP-19 08.58.09.626000000 AM','DD-MON-RR HH.MI.SSXFF AM'),'buy',1204,3608,122.79869446188569,102,'SHAREKHAN',0);
Insert into TRADES (TRADE_ID,TRADER,TIMESTAMP,BUY_SELL,SECURITY,QUANTITY,DEAL_PRICE,FIRM,BROKER,IS_WASHTRADE) values (100218,'BLAEKYYI',to_timestamp('08-SEP-19 07.30.16.092000000 PM','DD-MON-RR HH.MI.SSXFF AM'),'sell',1204,9418,194.88225766190638,101,'ANGEL BROKING',0);
Insert into TRADES (TRADE_ID,TRADER,TIMESTAMP,BUY_SELL,SECURITY,QUANTITY,DEAL_PRICE,FIRM,BROKER,IS_WASHTRADE) values (100219,'ZAC15CCX',to_timestamp('08-SEP-19 06.57.23.516000000 AM','DD-MON-RR HH.MI.SSXFF AM'),'sell',7890,41318,185.66126629172317,101,'FYERS',0);
Insert into TRADES (TRADE_ID,TRADER,TIMESTAMP,BUY_SELL,SECURITY,QUANTITY,DEAL_PRICE,FIRM,BROKER,IS_WASHTRADE) values (100220,'LAUC4KJN',to_timestamp('08-SEP-19 04.05.50.180000000 PM','DD-MON-RR HH.MI.SSXFF AM'),'sell',3030,26066,122.93161320001764,102,'ANGEL BROKING',0);
Insert into TRADES (TRADE_ID,TRADER,TIMESTAMP,BUY_SELL,SECURITY,QUANTITY,DEAL_PRICE,FIRM,BROKER,IS_WASHTRADE) values (100221,'DAW9KSVT',to_timestamp('08-SEP-19 12.47.34.929000000 PM','DD-MON-RR HH.MI.SSXFF AM'),'sell',1204,43041,122.97526232466888,102,'FYERS',0);
Insert into TRADES (TRADE_ID,TRADER,TIMESTAMP,BUY_SELL,SECURITY,QUANTITY,DEAL_PRICE,FIRM,BROKER,IS_WASHTRADE) values (100222,'SOUPBVBV',to_timestamp('08-SEP-19 11.00.43.783000000 AM','DD-MON-RR HH.MI.SSXFF AM'),'buy',7890,72797,117.67088801560094,102,'UPSTOX',0);
Insert into TRADES (TRADE_ID,TRADER,TIMESTAMP,BUY_SELL,SECURITY,QUANTITY,DEAL_PRICE,FIRM,BROKER,IS_WASHTRADE) values (100223,'JORQC1K8',to_timestamp('08-SEP-19 11.21.18.696000000 AM','DD-MON-RR HH.MI.SSXFF AM'),'buy',9811,56708,192.5448542759264,103,'FYERS',0);
Insert into TRADES (TRADE_ID,TRADER,TIMESTAMP,BUY_SELL,SECURITY,QUANTITY,DEAL_PRICE,FIRM,BROKER,IS_WASHTRADE) values (100224,'JANOVB6M',to_timestamp('08-SEP-19 05.20.52.628000000 PM','DD-MON-RR HH.MI.SSXFF AM'),'sell',1204,17229,121.86380606818635,102,'UPSTOX',0);
Insert into TRADES (TRADE_ID,TRADER,TIMESTAMP,BUY_SELL,SECURITY,QUANTITY,DEAL_PRICE,FIRM,BROKER,IS_WASHTRADE) values (100225,'CHRBN6M5',to_timestamp('08-SEP-19 03.07.07.407000000 AM','DD-MON-RR HH.MI.SSXFF AM'),'buy',9811,25154,187.2702929238301,101,'ZERODHA',0);
Insert into TRADES (TRADE_ID,TRADER,TIMESTAMP,BUY_SELL,SECURITY,QUANTITY,DEAL_PRICE,FIRM,BROKER,IS_WASHTRADE) values (100226,'SUMQV73B',to_timestamp('08-SEP-19 07.13.18.050000000 AM','DD-MON-RR HH.MI.SSXFF AM'),'buy',3030,14655,122.98042273021545,102,'ZERODHA',0);
Insert into TRADES (TRADE_ID,TRADER,TIMESTAMP,BUY_SELL,SECURITY,QUANTITY,DEAL_PRICE,FIRM,BROKER,IS_WASHTRADE) values (100227,'CRAEM3BA',to_timestamp('08-SEP-19 12.05.57.932000000 PM','DD-MON-RR HH.MI.SSXFF AM'),'buy',7890,11044,185.29892586787747,101,'ZERODHA',0);
Insert into TRADES (TRADE_ID,TRADER,TIMESTAMP,BUY_SELL,SECURITY,QUANTITY,DEAL_PRICE,FIRM,BROKER,IS_WASHTRADE) values (100228,'ERIE2FOK',to_timestamp('08-SEP-19 06.22.48.082000000 AM','DD-MON-RR HH.MI.SSXFF AM'),'buy',9811,25026,193.6494290937386,103,'FYERS',0);
Insert into TRADES (TRADE_ID,TRADER,TIMESTAMP,BUY_SELL,SECURITY,QUANTITY,DEAL_PRICE,FIRM,BROKER,IS_WASHTRADE) values (100229,'SHAR5F6A',to_timestamp('08-SEP-19 04.31.54.508000000 PM','DD-MON-RR HH.MI.SSXFF AM'),'sell',7890,53954,183.6652394114001,101,'5PAISA',0);
Insert into TRADES (TRADE_ID,TRADER,TIMESTAMP,BUY_SELL,SECURITY,QUANTITY,DEAL_PRICE,FIRM,BROKER,IS_WASHTRADE) values (100230,'DANSQJD0',to_timestamp('08-SEP-19 03.39.03.540000000 AM','DD-MON-RR HH.MI.SSXFF AM'),'buy',1204,8533,123.62593101948463,102,'5PAISA',0);
Insert into TRADES (TRADE_ID,TRADER,TIMESTAMP,BUY_SELL,SECURITY,QUANTITY,DEAL_PRICE,FIRM,BROKER,IS_WASHTRADE) values (100231,'GAB8QU2G',to_timestamp('08-SEP-19 09.08.37.535000000 PM','DD-MON-RR HH.MI.SSXFF AM'),'sell',3030,73757,121.80957149994056,102,'FYERS',0);
Insert into TRADES (TRADE_ID,TRADER,TIMESTAMP,BUY_SELL,SECURITY,QUANTITY,DEAL_PRICE,FIRM,BROKER,IS_WASHTRADE) values (100232,'SAMTFFLS',to_timestamp('08-SEP-19 08.04.10.774000000 AM','DD-MON-RR HH.MI.SSXFF AM'),'buy',3030,75410,199.8657741650185,103,'ICICI DIRECT',0);
Insert into TRADES (TRADE_ID,TRADER,TIMESTAMP,BUY_SELL,SECURITY,QUANTITY,DEAL_PRICE,FIRM,BROKER,IS_WASHTRADE) values (100233,'MAR2KY8Q',to_timestamp('08-SEP-19 05.04.55.967000000 AM','DD-MON-RR HH.MI.SSXFF AM'),'sell',9811,69589,118.47037760190867,102,'ZERODHA',0);
Insert into TRADES (TRADE_ID,TRADER,TIMESTAMP,BUY_SELL,SECURITY,QUANTITY,DEAL_PRICE,FIRM,BROKER,IS_WASHTRADE) values (100234,'JUAFOXS2',to_timestamp('08-SEP-19 02.10.02.919000000 AM','DD-MON-RR HH.MI.SSXFF AM'),'sell',3030,20460,193.2026087746564,101,'ZERODHA',0);
Insert into TRADES (TRADE_ID,TRADER,TIMESTAMP,BUY_SELL,SECURITY,QUANTITY,DEAL_PRICE,FIRM,BROKER,IS_WASHTRADE) values (100235,'KEN13ID0',to_timestamp('08-SEP-19 05.44.35.210000000 PM','DD-MON-RR HH.MI.SSXFF AM'),'buy',9811,98153,118.34865410171082,102,'FYERS',0);
Insert into TRADES (TRADE_ID,TRADER,TIMESTAMP,BUY_SELL,SECURITY,QUANTITY,DEAL_PRICE,FIRM,BROKER,IS_WASHTRADE) values (100236,'CHRIREI1',to_timestamp('08-SEP-19 06.28.25.392000000 AM','DD-MON-RR HH.MI.SSXFF AM'),'buy',7890,81789,186.41019751080393,101,'ICICI DIRECT',0);
Insert into TRADES (TRADE_ID,TRADER,TIMESTAMP,BUY_SELL,SECURITY,QUANTITY,DEAL_PRICE,FIRM,BROKER,IS_WASHTRADE) values (100237,'WANECTKW',to_timestamp('08-SEP-19 11.36.25.996000000 AM','DD-MON-RR HH.MI.SSXFF AM'),'buy',1204,76194,198.52134553649321,103,'FYERS',0);
Insert into TRADES (TRADE_ID,TRADER,TIMESTAMP,BUY_SELL,SECURITY,QUANTITY,DEAL_PRICE,FIRM,BROKER,IS_WASHTRADE) values (100238,'ROS53TGD',to_timestamp('08-SEP-19 06.49.38.378000000 AM','DD-MON-RR HH.MI.SSXFF AM'),'sell',7890,36173,189.14375843038653,103,'UPSTOX',0);
Insert into TRADES (TRADE_ID,TRADER,TIMESTAMP,BUY_SELL,SECURITY,QUANTITY,DEAL_PRICE,FIRM,BROKER,IS_WASHTRADE) values (100239,'DERTAZB7',to_timestamp('08-SEP-19 12.42.17.530000000 AM','DD-MON-RR HH.MI.SSXFF AM'),'sell',9811,5796,194.38597525888258,103,'ANGEL BROKING',0);
Insert into TRADES (TRADE_ID,TRADER,TIMESTAMP,BUY_SELL,SECURITY,QUANTITY,DEAL_PRICE,FIRM,BROKER,IS_WASHTRADE) values (100240,'COLS34TU',to_timestamp('08-SEP-19 01.05.48.480000000 PM','DD-MON-RR HH.MI.SSXFF AM'),'buy',9811,62368,187.31144312402435,101,'ZERODHA',0);
Insert into TRADES (TRADE_ID,TRADER,TIMESTAMP,BUY_SELL,SECURITY,QUANTITY,DEAL_PRICE,FIRM,BROKER,IS_WASHTRADE) values (100241,'SUMQV73B',to_timestamp('08-SEP-19 05.55.34.117000000 PM','DD-MON-RR HH.MI.SSXFF AM'),'buy',3030,22600,194.9215969536022,101,'SHAREKHAN',0);
Insert into TRADES (TRADE_ID,TRADER,TIMESTAMP,BUY_SELL,SECURITY,QUANTITY,DEAL_PRICE,FIRM,BROKER,IS_WASHTRADE) values (100242,'BRIHFIYO',to_timestamp('08-SEP-19 11.11.33.021000000 PM','DD-MON-RR HH.MI.SSXFF AM'),'buy',3030,71843,194.87902911831728,101,'5PAISA',0);
Insert into TRADES (TRADE_ID,TRADER,TIMESTAMP,BUY_SELL,SECURITY,QUANTITY,DEAL_PRICE,FIRM,BROKER,IS_WASHTRADE) values (100243,'SHEMG1R5',to_timestamp('08-SEP-19 08.49.53.441000000 PM','DD-MON-RR HH.MI.SSXFF AM'),'sell',1204,13539,195.83216595563087,101,'ICICI DIRECT',0);
Insert into TRADES (TRADE_ID,TRADER,TIMESTAMP,BUY_SELL,SECURITY,QUANTITY,DEAL_PRICE,FIRM,BROKER,IS_WASHTRADE) values (100244,'GINU6KRU',to_timestamp('08-SEP-19 11.02.22.968000000 PM','DD-MON-RR HH.MI.SSXFF AM'),'sell',1204,10925,123.07785897585143,102,'FYERS',0);
Insert into TRADES (TRADE_ID,TRADER,TIMESTAMP,BUY_SELL,SECURITY,QUANTITY,DEAL_PRICE,FIRM,BROKER,IS_WASHTRADE) values (100245,'TAYKKPA8',to_timestamp('08-SEP-19 01.03.00.587000000 PM','DD-MON-RR HH.MI.SSXFF AM'),'buy',1204,21694,122.8518059585341,102,'ZERODHA',0);
Insert into TRADES (TRADE_ID,TRADER,TIMESTAMP,BUY_SELL,SECURITY,QUANTITY,DEAL_PRICE,FIRM,BROKER,IS_WASHTRADE) values (100246,'TYRLL4RI',to_timestamp('08-SEP-19 06.02.53.514000000 AM','DD-MON-RR HH.MI.SSXFF AM'),'sell',3030,54079,121.99598906747033,102,'ANGEL BROKING',0);
Insert into TRADES (TRADE_ID,TRADER,TIMESTAMP,BUY_SELL,SECURITY,QUANTITY,DEAL_PRICE,FIRM,BROKER,IS_WASHTRADE) values (100247,'JESFJTRT',to_timestamp('08-SEP-19 04.18.09.465000000 AM','DD-MON-RR HH.MI.SSXFF AM'),'sell',3030,70300,197.44436721502768,103,'SHAREKHAN',0);
Insert into TRADES (TRADE_ID,TRADER,TIMESTAMP,BUY_SELL,SECURITY,QUANTITY,DEAL_PRICE,FIRM,BROKER,IS_WASHTRADE) values (100248,'SOUPBVBV',to_timestamp('08-SEP-19 08.31.34.450000000 AM','DD-MON-RR HH.MI.SSXFF AM'),'sell',1204,56892,123.45608228509029,102,'MOTILAL OSWAL',0);
Insert into TRADES (TRADE_ID,TRADER,TIMESTAMP,BUY_SELL,SECURITY,QUANTITY,DEAL_PRICE,FIRM,BROKER,IS_WASHTRADE) values (100249,'SHAPXEM3',to_timestamp('08-SEP-19 02.26.56.674000000 AM','DD-MON-RR HH.MI.SSXFF AM'),'sell',3030,62583,197.57391019845588,103,'UPSTOX',0);
Insert into TRADES (TRADE_ID,TRADER,TIMESTAMP,BUY_SELL,SECURITY,QUANTITY,DEAL_PRICE,FIRM,BROKER,IS_WASHTRADE) values (100250,'RON9S76W',to_timestamp('08-SEP-19 07.46.44.774000000 PM','DD-MON-RR HH.MI.SSXFF AM'),'sell',9811,46499,193.03178893089168,103,'SHAREKHAN',0);
Insert into TRADES (TRADE_ID,TRADER,TIMESTAMP,BUY_SELL,SECURITY,QUANTITY,DEAL_PRICE,FIRM,BROKER,IS_WASHTRADE) values (100251,'CHAZWV3E',to_timestamp('08-SEP-19 08.01.06.551000000 AM','DD-MON-RR HH.MI.SSXFF AM'),'buy',9811,63116,119.77792874194664,102,'ANGEL BROKING',0);
Insert into TRADES (TRADE_ID,TRADER,TIMESTAMP,BUY_SELL,SECURITY,QUANTITY,DEAL_PRICE,FIRM,BROKER,IS_WASHTRADE) values (100252,'TIMPUTKJ',to_timestamp('08-SEP-19 02.00.57.133000000 AM','DD-MON-RR HH.MI.SSXFF AM'),'sell',3030,9752,123.51434576149771,102,'UPSTOX',0);
Insert into TRADES (TRADE_ID,TRADER,TIMESTAMP,BUY_SELL,SECURITY,QUANTITY,DEAL_PRICE,FIRM,BROKER,IS_WASHTRADE) values (100253,'ERIE2FOK',to_timestamp('08-SEP-19 12.03.54.483000000 PM','DD-MON-RR HH.MI.SSXFF AM'),'buy',1204,4357,193.93680514766163,101,'5PAISA',0);
Insert into TRADES (TRADE_ID,TRADER,TIMESTAMP,BUY_SELL,SECURITY,QUANTITY,DEAL_PRICE,FIRM,BROKER,IS_WASHTRADE) values (100254,'DEAU7LQT',to_timestamp('08-SEP-19 07.44.56.826000000 AM','DD-MON-RR HH.MI.SSXFF AM'),'buy',3030,36946,199.8491350129131,103,'MOTILAL OSWAL',0);
Insert into TRADES (TRADE_ID,TRADER,TIMESTAMP,BUY_SELL,SECURITY,QUANTITY,DEAL_PRICE,FIRM,BROKER,IS_WASHTRADE) values (100255,'JES3RBBJ',to_timestamp('08-SEP-19 08.57.02.930000000 PM','DD-MON-RR HH.MI.SSXFF AM'),'sell',3030,90795,121.94508245260936,102,'ZERODHA',0);
Insert into TRADES (TRADE_ID,TRADER,TIMESTAMP,BUY_SELL,SECURITY,QUANTITY,DEAL_PRICE,FIRM,BROKER,IS_WASHTRADE) values (100256,'TAYKKPA8',to_timestamp('08-SEP-19 08.34.16.778000000 AM','DD-MON-RR HH.MI.SSXFF AM'),'sell',9811,36589,118.33932801815321,102,'ZERODHA',0);
Insert into TRADES (TRADE_ID,TRADER,TIMESTAMP,BUY_SELL,SECURITY,QUANTITY,DEAL_PRICE,FIRM,BROKER,IS_WASHTRADE) values (100257,'CHRBN6M5',to_timestamp('08-SEP-19 12.09.45.342000000 AM','DD-MON-RR HH.MI.SSXFF AM'),'buy',3030,72018,122.72662141411026,102,'ANGEL BROKING',0);
Insert into TRADES (TRADE_ID,TRADER,TIMESTAMP,BUY_SELL,SECURITY,QUANTITY,DEAL_PRICE,FIRM,BROKER,IS_WASHTRADE) values (100258,'JARTPV5E',to_timestamp('08-SEP-19 03.51.53.324000000 PM','DD-MON-RR HH.MI.SSXFF AM'),'sell',1204,43472,199.12378482396392,103,'MOTILAL OSWAL',0);
Insert into TRADES (TRADE_ID,TRADER,TIMESTAMP,BUY_SELL,SECURITY,QUANTITY,DEAL_PRICE,FIRM,BROKER,IS_WASHTRADE) values (100259,'KEN13ID0',to_timestamp('08-SEP-19 01.19.11.721000000 PM','DD-MON-RR HH.MI.SSXFF AM'),'buy',3030,16792,121.0830500334766,102,'FYERS',0);
Insert into TRADES (TRADE_ID,TRADER,TIMESTAMP,BUY_SELL,SECURITY,QUANTITY,DEAL_PRICE,FIRM,BROKER,IS_WASHTRADE) values (100260,'AUTVR07B',to_timestamp('08-SEP-19 03.21.37.356000000 PM','DD-MON-RR HH.MI.SSXFF AM'),'buy',3030,40199,200.28785409870105,103,'ICICI DIRECT',0);
Insert into TRADES (TRADE_ID,TRADER,TIMESTAMP,BUY_SELL,SECURITY,QUANTITY,DEAL_PRICE,FIRM,BROKER,IS_WASHTRADE) values (100261,'KENFND7Y',to_timestamp('08-SEP-19 08.15.00.211000000 AM','DD-MON-RR HH.MI.SSXFF AM'),'sell',1204,77554,193.96828583602175,101,'ZERODHA',0);
Insert into TRADES (TRADE_ID,TRADER,TIMESTAMP,BUY_SELL,SECURITY,QUANTITY,DEAL_PRICE,FIRM,BROKER,IS_WASHTRADE) values (100262,'KATGCHI5',to_timestamp('08-SEP-19 09.05.20.660000000 AM','DD-MON-RR HH.MI.SSXFF AM'),'sell',7890,41426,115.98777645432948,102,'FYERS',0);
Insert into TRADES (TRADE_ID,TRADER,TIMESTAMP,BUY_SELL,SECURITY,QUANTITY,DEAL_PRICE,FIRM,BROKER,IS_WASHTRADE) values (100263,'JAN4TTH1',to_timestamp('08-SEP-19 09.56.26.376000000 PM','DD-MON-RR HH.MI.SSXFF AM'),'sell',7890,42343,189.13446197922158,103,'ICICI DIRECT',0);
Insert into TRADES (TRADE_ID,TRADER,TIMESTAMP,BUY_SELL,SECURITY,QUANTITY,DEAL_PRICE,FIRM,BROKER,IS_WASHTRADE) values (100264,'CAR6Y40A',to_timestamp('08-SEP-19 07.07.57.469000000 AM','DD-MON-RR HH.MI.SSXFF AM'),'buy',9811,41605,189.34492375624552,101,'UPSTOX',0);
Insert into TRADES (TRADE_ID,TRADER,TIMESTAMP,BUY_SELL,SECURITY,QUANTITY,DEAL_PRICE,FIRM,BROKER,IS_WASHTRADE) values (100265,'JAKWVAYB',to_timestamp('08-SEP-19 11.12.39.847000000 AM','DD-MON-RR HH.MI.SSXFF AM'),'sell',7890,90636,115.66566650783058,102,'ICICI DIRECT',0);
Insert into TRADES (TRADE_ID,TRADER,TIMESTAMP,BUY_SELL,SECURITY,QUANTITY,DEAL_PRICE,FIRM,BROKER,IS_WASHTRADE) values (100266,'REGB527U',to_timestamp('08-SEP-19 02.00.25.879000000 PM','DD-MON-RR HH.MI.SSXFF AM'),'sell',3030,16061,193.21942028746534,101,'5PAISA',0);
Insert into TRADES (TRADE_ID,TRADER,TIMESTAMP,BUY_SELL,SECURITY,QUANTITY,DEAL_PRICE,FIRM,BROKER,IS_WASHTRADE) values (100267,'BAB9Q3TV',to_timestamp('08-SEP-19 05.21.11.455000000 AM','DD-MON-RR HH.MI.SSXFF AM'),'sell',1204,82948,199.37970548624835,103,'UPSTOX',0);
Insert into TRADES (TRADE_ID,TRADER,TIMESTAMP,BUY_SELL,SECURITY,QUANTITY,DEAL_PRICE,FIRM,BROKER,IS_WASHTRADE) values (100268,'CHAU7OK3',to_timestamp('08-SEP-19 06.13.21.997000000 PM','DD-MON-RR HH.MI.SSXFF AM'),'buy',1204,70928,195.3856326060571,101,'UPSTOX',0);
Insert into TRADES (TRADE_ID,TRADER,TIMESTAMP,BUY_SELL,SECURITY,QUANTITY,DEAL_PRICE,FIRM,BROKER,IS_WASHTRADE) values (100269,'GAGEPSYI',to_timestamp('08-SEP-19 06.25.36.963000000 AM','DD-MON-RR HH.MI.SSXFF AM'),'sell',3030,69497,198.9456062233138,103,'ANGEL BROKING',0);
Insert into TRADES (TRADE_ID,TRADER,TIMESTAMP,BUY_SELL,SECURITY,QUANTITY,DEAL_PRICE,FIRM,BROKER,IS_WASHTRADE) values (100270,'SHAQ3Q50',to_timestamp('08-SEP-19 11.38.01.083000000 PM','DD-MON-RR HH.MI.SSXFF AM'),'buy',1204,42521,199.396674915715,103,'MOTILAL OSWAL',0);
Insert into TRADES (TRADE_ID,TRADER,TIMESTAMP,BUY_SELL,SECURITY,QUANTITY,DEAL_PRICE,FIRM,BROKER,IS_WASHTRADE) values (100271,'SHAQ3Q50',to_timestamp('08-SEP-19 06.22.40.578000000 AM','DD-MON-RR HH.MI.SSXFF AM'),'buy',3030,33148,121.51323588970557,102,'ANGEL BROKING',0);
Insert into TRADES (TRADE_ID,TRADER,TIMESTAMP,BUY_SELL,SECURITY,QUANTITY,DEAL_PRICE,FIRM,BROKER,IS_WASHTRADE) values (100272,'DONN9WWV',to_timestamp('08-SEP-19 02.05.33.800000000 PM','DD-MON-RR HH.MI.SSXFF AM'),'buy',1204,2602,198.38686834471108,103,'ICICI DIRECT',0);
Insert into TRADES (TRADE_ID,TRADER,TIMESTAMP,BUY_SELL,SECURITY,QUANTITY,DEAL_PRICE,FIRM,BROKER,IS_WASHTRADE) values (100273,'BRA2EBST',to_timestamp('08-SEP-19 12.04.26.852000000 AM','DD-MON-RR HH.MI.SSXFF AM'),'buy',1204,79026,193.68028439987347,101,'ANGEL BROKING',0);
Insert into TRADES (TRADE_ID,TRADER,TIMESTAMP,BUY_SELL,SECURITY,QUANTITY,DEAL_PRICE,FIRM,BROKER,IS_WASHTRADE) values (100274,'JEF6G3PC',to_timestamp('08-SEP-19 12.29.01.279000000 AM','DD-MON-RR HH.MI.SSXFF AM'),'sell',7890,1098,185.51288858325586,101,'5PAISA',0);
Insert into TRADES (TRADE_ID,TRADER,TIMESTAMP,BUY_SELL,SECURITY,QUANTITY,DEAL_PRICE,FIRM,BROKER,IS_WASHTRADE) values (100275,'GAB8QU2G',to_timestamp('08-SEP-19 02.30.27.800000000 PM','DD-MON-RR HH.MI.SSXFF AM'),'buy',9811,57488,193.92267436162578,103,'UPSTOX',0);
Insert into TRADES (TRADE_ID,TRADER,TIMESTAMP,BUY_SELL,SECURITY,QUANTITY,DEAL_PRICE,FIRM,BROKER,IS_WASHTRADE) values (100276,'CATCA8NP',to_timestamp('08-SEP-19 10.38.09.655000000 PM','DD-MON-RR HH.MI.SSXFF AM'),'buy',1204,73910,193.87466289919456,101,'SHAREKHAN',0);
Insert into TRADES (TRADE_ID,TRADER,TIMESTAMP,BUY_SELL,SECURITY,QUANTITY,DEAL_PRICE,FIRM,BROKER,IS_WASHTRADE) values (100277,'MAR2KY8Q',to_timestamp('08-SEP-19 05.55.37.463000000 PM','DD-MON-RR HH.MI.SSXFF AM'),'buy',1204,98465,197.80100371419854,103,'SHAREKHAN',0);
Insert into TRADES (TRADE_ID,TRADER,TIMESTAMP,BUY_SELL,SECURITY,QUANTITY,DEAL_PRICE,FIRM,BROKER,IS_WASHTRADE) values (100278,'JOH8XWOI',to_timestamp('08-SEP-19 02.31.12.119000000 AM','DD-MON-RR HH.MI.SSXFF AM'),'sell',3030,56939,194.55598906422293,101,'UPSTOX',0);
Insert into TRADES (TRADE_ID,TRADER,TIMESTAMP,BUY_SELL,SECURITY,QUANTITY,DEAL_PRICE,FIRM,BROKER,IS_WASHTRADE) values (100279,'JOECW7BS',to_timestamp('08-SEP-19 02.04.22.987000000 AM','DD-MON-RR HH.MI.SSXFF AM'),'sell',9811,7751,188.8701674735685,101,'ANGEL BROKING',0);
Insert into TRADES (TRADE_ID,TRADER,TIMESTAMP,BUY_SELL,SECURITY,QUANTITY,DEAL_PRICE,FIRM,BROKER,IS_WASHTRADE) values (100280,'SOUPBVBV',to_timestamp('08-SEP-19 03.25.44.025000000 AM','DD-MON-RR HH.MI.SSXFF AM'),'buy',9811,62593,119.5442771787415,102,'MOTILAL OSWAL',0);
Insert into TRADES (TRADE_ID,TRADER,TIMESTAMP,BUY_SELL,SECURITY,QUANTITY,DEAL_PRICE,FIRM,BROKER,IS_WASHTRADE) values (100281,'HEAOPO1B',to_timestamp('08-SEP-19 11.53.44.150000000 PM','DD-MON-RR HH.MI.SSXFF AM'),'buy',3030,34203,193.81130315497956,101,'ZERODHA',0);
Insert into TRADES (TRADE_ID,TRADER,TIMESTAMP,BUY_SELL,SECURITY,QUANTITY,DEAL_PRICE,FIRM,BROKER,IS_WASHTRADE) values (100282,'TRAPRNSK',to_timestamp('08-SEP-19 01.55.13.251000000 PM','DD-MON-RR HH.MI.SSXFF AM'),'buy',1204,72443,194.63821036944705,101,'ZERODHA',0);
Insert into TRADES (TRADE_ID,TRADER,TIMESTAMP,BUY_SELL,SECURITY,QUANTITY,DEAL_PRICE,FIRM,BROKER,IS_WASHTRADE) values (100283,'CORDAQPS',to_timestamp('08-SEP-19 04.23.26.211000000 AM','DD-MON-RR HH.MI.SSXFF AM'),'sell',7890,43537,115.68218774317947,102,'SHAREKHAN',0);
Insert into TRADES (TRADE_ID,TRADER,TIMESTAMP,BUY_SELL,SECURITY,QUANTITY,DEAL_PRICE,FIRM,BROKER,IS_WASHTRADE) values (100284,'HEAOPO1B',to_timestamp('08-SEP-19 03.49.23.594000000 AM','DD-MON-RR HH.MI.SSXFF AM'),'buy',1204,97326,123.71108153462609,102,'UPSTOX',0);
Insert into TRADES (TRADE_ID,TRADER,TIMESTAMP,BUY_SELL,SECURITY,QUANTITY,DEAL_PRICE,FIRM,BROKER,IS_WASHTRADE) values (100285,'JESFJTRT',to_timestamp('08-SEP-19 04.10.28.847000000 PM','DD-MON-RR HH.MI.SSXFF AM'),'buy',1204,31441,121.90537293953368,102,'MOTILAL OSWAL',0);
Insert into TRADES (TRADE_ID,TRADER,TIMESTAMP,BUY_SELL,SECURITY,QUANTITY,DEAL_PRICE,FIRM,BROKER,IS_WASHTRADE) values (100286,'COLS34TU',to_timestamp('08-SEP-19 12.41.52.424000000 AM','DD-MON-RR HH.MI.SSXFF AM'),'buy',7890,92148,117.82848832744519,102,'ICICI DIRECT',0);
Insert into TRADES (TRADE_ID,TRADER,TIMESTAMP,BUY_SELL,SECURITY,QUANTITY,DEAL_PRICE,FIRM,BROKER,IS_WASHTRADE) values (100287,'CHRS30RF',to_timestamp('08-SEP-19 09.07.40.481000000 AM','DD-MON-RR HH.MI.SSXFF AM'),'sell',1204,58782,198.94534063767577,103,'MOTILAL OSWAL',0);
Insert into TRADES (TRADE_ID,TRADER,TIMESTAMP,BUY_SELL,SECURITY,QUANTITY,DEAL_PRICE,FIRM,BROKER,IS_WASHTRADE) values (100288,'DAW9KSVT',to_timestamp('08-SEP-19 04.14.14.901000000 AM','DD-MON-RR HH.MI.SSXFF AM'),'sell',3030,29843,194.87779992121236,101,'5PAISA',0);
Insert into TRADES (TRADE_ID,TRADER,TIMESTAMP,BUY_SELL,SECURITY,QUANTITY,DEAL_PRICE,FIRM,BROKER,IS_WASHTRADE) values (100289,'CHR22C80',to_timestamp('08-SEP-19 04.16.57.619000000 AM','DD-MON-RR HH.MI.SSXFF AM'),'buy',7890,13682,186.5458981461433,101,'SHAREKHAN',0);
Insert into TRADES (TRADE_ID,TRADER,TIMESTAMP,BUY_SELL,SECURITY,QUANTITY,DEAL_PRICE,FIRM,BROKER,IS_WASHTRADE) values (100290,'ROGJLA4F',to_timestamp('08-SEP-19 06.02.34.887000000 AM','DD-MON-RR HH.MI.SSXFF AM'),'sell',7890,24846,117.43246051982078,102,'MOTILAL OSWAL',0);
Insert into TRADES (TRADE_ID,TRADER,TIMESTAMP,BUY_SELL,SECURITY,QUANTITY,DEAL_PRICE,FIRM,BROKER,IS_WASHTRADE) values (100291,'CLAUGG1K',to_timestamp('08-SEP-19 05.53.26.569000000 AM','DD-MON-RR HH.MI.SSXFF AM'),'buy',3030,13930,200.83734594241574,103,'SHAREKHAN',0);
Insert into TRADES (TRADE_ID,TRADER,TIMESTAMP,BUY_SELL,SECURITY,QUANTITY,DEAL_PRICE,FIRM,BROKER,IS_WASHTRADE) values (100292,'GAU7P0MO',to_timestamp('08-SEP-19 01.12.46.760000000 PM','DD-MON-RR HH.MI.SSXFF AM'),'sell',3030,61326,198.28803482483173,103,'SHAREKHAN',0);
Insert into TRADES (TRADE_ID,TRADER,TIMESTAMP,BUY_SELL,SECURITY,QUANTITY,DEAL_PRICE,FIRM,BROKER,IS_WASHTRADE) values (100293,'DIXGY6R2',to_timestamp('08-SEP-19 06.24.45.089000000 PM','DD-MON-RR HH.MI.SSXFF AM'),'buy',9811,28122,189.50876116065302,101,'UPSTOX',0);
Insert into TRADES (TRADE_ID,TRADER,TIMESTAMP,BUY_SELL,SECURITY,QUANTITY,DEAL_PRICE,FIRM,BROKER,IS_WASHTRADE) values (100294,'CHAZWV3E',to_timestamp('08-SEP-19 07.50.21.929000000 AM','DD-MON-RR HH.MI.SSXFF AM'),'sell',1204,89376,193.96468846064988,101,'ICICI DIRECT',0);
Insert into TRADES (TRADE_ID,TRADER,TIMESTAMP,BUY_SELL,SECURITY,QUANTITY,DEAL_PRICE,FIRM,BROKER,IS_WASHTRADE) values (100295,'ZAC15CCX',to_timestamp('08-SEP-19 11.33.48.021000000 PM','DD-MON-RR HH.MI.SSXFF AM'),'sell',3030,99127,200.9211080672845,103,'SHAREKHAN',0);
Insert into TRADES (TRADE_ID,TRADER,TIMESTAMP,BUY_SELL,SECURITY,QUANTITY,DEAL_PRICE,FIRM,BROKER,IS_WASHTRADE) values (100296,'CAL7GPIE',to_timestamp('08-SEP-19 07.45.48.560000000 PM','DD-MON-RR HH.MI.SSXFF AM'),'buy',9811,29518,120.27380119821393,102,'ICICI DIRECT',0);
Insert into TRADES (TRADE_ID,TRADER,TIMESTAMP,BUY_SELL,SECURITY,QUANTITY,DEAL_PRICE,FIRM,BROKER,IS_WASHTRADE) values (100297,'JANOVB6M',to_timestamp('08-SEP-19 01.25.08.471000000 PM','DD-MON-RR HH.MI.SSXFF AM'),'buy',7890,14478,188.33823625327867,103,'ZERODHA',0);
Insert into TRADES (TRADE_ID,TRADER,TIMESTAMP,BUY_SELL,SECURITY,QUANTITY,DEAL_PRICE,FIRM,BROKER,IS_WASHTRADE) values (100298,'JOHA3YWQ',to_timestamp('08-SEP-19 09.08.41.843000000 PM','DD-MON-RR HH.MI.SSXFF AM'),'buy',9811,33652,192.3076658869328,103,'ANGEL BROKING',0);
Insert into TRADES (TRADE_ID,TRADER,TIMESTAMP,BUY_SELL,SECURITY,QUANTITY,DEAL_PRICE,FIRM,BROKER,IS_WASHTRADE) values (100299,'SAN99MVO',to_timestamp('08-SEP-19 06.12.18.841000000 AM','DD-MON-RR HH.MI.SSXFF AM'),'sell',9811,15549,193.16761729548634,103,'UPSTOX',0);
Insert into TRADES (TRADE_ID,TRADER,TIMESTAMP,BUY_SELL,SECURITY,QUANTITY,DEAL_PRICE,FIRM,BROKER,IS_WASHTRADE) values (100300,'AND89IQX',to_timestamp('08-SEP-19 06.15.24.876000000 PM','DD-MON-RR HH.MI.SSXFF AM'),'sell',9811,23656,187.1441728320831,101,'SHAREKHAN',0);
Insert into TRADES (TRADE_ID,TRADER,TIMESTAMP,BUY_SELL,SECURITY,QUANTITY,DEAL_PRICE,FIRM,BROKER,IS_WASHTRADE) values (100301,'PAMLJK33',to_timestamp('08-SEP-19 03.24.48.425000000 PM','DD-MON-RR HH.MI.SSXFF AM'),'sell',1204,92574,194.60215065687058,101,'MOTILAL OSWAL',0);
Insert into TRADES (TRADE_ID,TRADER,TIMESTAMP,BUY_SELL,SECURITY,QUANTITY,DEAL_PRICE,FIRM,BROKER,IS_WASHTRADE) values (100302,'CHE9I7EY',to_timestamp('08-SEP-19 09.30.45.954000000 PM','DD-MON-RR HH.MI.SSXFF AM'),'sell',1204,557,192.91834239455002,101,'FYERS',0);
Insert into TRADES (TRADE_ID,TRADER,TIMESTAMP,BUY_SELL,SECURITY,QUANTITY,DEAL_PRICE,FIRM,BROKER,IS_WASHTRADE) values (100303,'BROJOU6L',to_timestamp('08-SEP-19 08.19.50.697000000 PM','DD-MON-RR HH.MI.SSXFF AM'),'buy',7890,35448,117.72662910675275,102,'MOTILAL OSWAL',0);
Insert into TRADES (TRADE_ID,TRADER,TIMESTAMP,BUY_SELL,SECURITY,QUANTITY,DEAL_PRICE,FIRM,BROKER,IS_WASHTRADE) values (100304,'DORL4QRF',to_timestamp('08-SEP-19 05.31.46.218000000 PM','DD-MON-RR HH.MI.SSXFF AM'),'sell',1204,45628,197.35794907487724,103,'MOTILAL OSWAL',0);
Insert into TRADES (TRADE_ID,TRADER,TIMESTAMP,BUY_SELL,SECURITY,QUANTITY,DEAL_PRICE,FIRM,BROKER,IS_WASHTRADE) values (100305,'SHAR5F6A',to_timestamp('08-SEP-19 07.20.08.242000000 AM','DD-MON-RR HH.MI.SSXFF AM'),'sell',9811,21116,192.60733138707567,103,'SHAREKHAN',0);
Insert into TRADES (TRADE_ID,TRADER,TIMESTAMP,BUY_SELL,SECURITY,QUANTITY,DEAL_PRICE,FIRM,BROKER,IS_WASHTRADE) values (100306,'JYOKHC89',to_timestamp('08-SEP-19 02.51.51.716000000 AM','DD-MON-RR HH.MI.SSXFF AM'),'sell',3030,90582,198.17514894082112,103,'ANGEL BROKING',0);
Insert into TRADES (TRADE_ID,TRADER,TIMESTAMP,BUY_SELL,SECURITY,QUANTITY,DEAL_PRICE,FIRM,BROKER,IS_WASHTRADE) values (100307,'NICZZRQQ',to_timestamp('08-SEP-19 03.10.20.890000000 AM','DD-MON-RR HH.MI.SSXFF AM'),'buy',7890,39637,117.93792602032019,102,'ICICI DIRECT',0);
Insert into TRADES (TRADE_ID,TRADER,TIMESTAMP,BUY_SELL,SECURITY,QUANTITY,DEAL_PRICE,FIRM,BROKER,IS_WASHTRADE) values (100308,'REBF1PYG',to_timestamp('08-SEP-19 03.08.35.133000000 AM','DD-MON-RR HH.MI.SSXFF AM'),'sell',3030,64345,196.1259734619458,101,'5PAISA',0);
Insert into TRADES (TRADE_ID,TRADER,TIMESTAMP,BUY_SELL,SECURITY,QUANTITY,DEAL_PRICE,FIRM,BROKER,IS_WASHTRADE) values (100309,'JACHZRQ9',to_timestamp('08-SEP-19 05.01.17.309000000 AM','DD-MON-RR HH.MI.SSXFF AM'),'buy',1204,55147,122.03822384320651,102,'ANGEL BROKING',0);
Insert into TRADES (TRADE_ID,TRADER,TIMESTAMP,BUY_SELL,SECURITY,QUANTITY,DEAL_PRICE,FIRM,BROKER,IS_WASHTRADE) values (100310,'CAR6Y40A',to_timestamp('08-SEP-19 10.12.44.267000000 AM','DD-MON-RR HH.MI.SSXFF AM'),'buy',3030,58247,194.88402877485865,101,'5PAISA',0);
Insert into TRADES (TRADE_ID,TRADER,TIMESTAMP,BUY_SELL,SECURITY,QUANTITY,DEAL_PRICE,FIRM,BROKER,IS_WASHTRADE) values (100311,'BREPZN29',to_timestamp('08-SEP-19 09.03.06.679000000 PM','DD-MON-RR HH.MI.SSXFF AM'),'buy',7890,43658,115.8110992409242,102,'ICICI DIRECT',0);
Insert into TRADES (TRADE_ID,TRADER,TIMESTAMP,BUY_SELL,SECURITY,QUANTITY,DEAL_PRICE,FIRM,BROKER,IS_WASHTRADE) values (100312,'TIMS68K7',to_timestamp('08-SEP-19 11.39.26.210000000 PM','DD-MON-RR HH.MI.SSXFF AM'),'buy',3030,32436,195.7823548950061,101,'FYERS',0);
Insert into TRADES (TRADE_ID,TRADER,TIMESTAMP,BUY_SELL,SECURITY,QUANTITY,DEAL_PRICE,FIRM,BROKER,IS_WASHTRADE) values (100313,'COLS34TU',to_timestamp('08-SEP-19 09.10.59.097000000 AM','DD-MON-RR HH.MI.SSXFF AM'),'buy',3030,58777,194.1840949529634,101,'SHAREKHAN',0);
Insert into TRADES (TRADE_ID,TRADER,TIMESTAMP,BUY_SELL,SECURITY,QUANTITY,DEAL_PRICE,FIRM,BROKER,IS_WASHTRADE) values (100314,'BRO2RMHS',to_timestamp('08-SEP-19 06.51.57.184000000 AM','DD-MON-RR HH.MI.SSXFF AM'),'buy',9811,44348,188.19888694250477,101,'MOTILAL OSWAL',0);
Insert into TRADES (TRADE_ID,TRADER,TIMESTAMP,BUY_SELL,SECURITY,QUANTITY,DEAL_PRICE,FIRM,BROKER,IS_WASHTRADE) values (100315,'BOBRHF4X',to_timestamp('08-SEP-19 05.15.15.945000000 PM','DD-MON-RR HH.MI.SSXFF AM'),'buy',1204,86333,123.67589456978604,102,'ICICI DIRECT',0);
Insert into TRADES (TRADE_ID,TRADER,TIMESTAMP,BUY_SELL,SECURITY,QUANTITY,DEAL_PRICE,FIRM,BROKER,IS_WASHTRADE) values (100316,'FATE532B',to_timestamp('08-SEP-19 06.29.57.958000000 AM','DD-MON-RR HH.MI.SSXFF AM'),'buy',3030,60646,200.2931190589572,103,'ICICI DIRECT',0);
Insert into TRADES (TRADE_ID,TRADER,TIMESTAMP,BUY_SELL,SECURITY,QUANTITY,DEAL_PRICE,FIRM,BROKER,IS_WASHTRADE) values (100317,'GEON2IB3',to_timestamp('08-SEP-19 07.21.58.408000000 AM','DD-MON-RR HH.MI.SSXFF AM'),'sell',1204,14797,122.32450621047327,102,'5PAISA',0);
Insert into TRADES (TRADE_ID,TRADER,TIMESTAMP,BUY_SELL,SECURITY,QUANTITY,DEAL_PRICE,FIRM,BROKER,IS_WASHTRADE) values (100318,'CHAU7OK3',to_timestamp('08-SEP-19 07.50.22.619000000 PM','DD-MON-RR HH.MI.SSXFF AM'),'buy',3030,99363,194.47862984409028,101,'ANGEL BROKING',0);
Insert into TRADES (TRADE_ID,TRADER,TIMESTAMP,BUY_SELL,SECURITY,QUANTITY,DEAL_PRICE,FIRM,BROKER,IS_WASHTRADE) values (100319,'RANBFEVF',to_timestamp('08-SEP-19 05.49.48.563000000 PM','DD-MON-RR HH.MI.SSXFF AM'),'buy',1204,26087,199.8160763071244,103,'SHAREKHAN',0);
Insert into TRADES (TRADE_ID,TRADER,TIMESTAMP,BUY_SELL,SECURITY,QUANTITY,DEAL_PRICE,FIRM,BROKER,IS_WASHTRADE) values (100320,'BRO2RMHS',to_timestamp('08-SEP-19 12.28.33.872000000 AM','DD-MON-RR HH.MI.SSXFF AM'),'sell',1204,19560,196.07627934273825,101,'UPSTOX',0);
Insert into TRADES (TRADE_ID,TRADER,TIMESTAMP,BUY_SELL,SECURITY,QUANTITY,DEAL_PRICE,FIRM,BROKER,IS_WASHTRADE) values (100321,'HOWTYULH',to_timestamp('08-SEP-19 11.20.56.865000000 PM','DD-MON-RR HH.MI.SSXFF AM'),'sell',9811,18481,188.78869284679237,101,'FYERS',0);
Insert into TRADES (TRADE_ID,TRADER,TIMESTAMP,BUY_SELL,SECURITY,QUANTITY,DEAL_PRICE,FIRM,BROKER,IS_WASHTRADE) values (100322,'GAB8QU2G',to_timestamp('08-SEP-19 08.01.10.294000000 PM','DD-MON-RR HH.MI.SSXFF AM'),'sell',3030,88182,193.7167089349771,101,'ICICI DIRECT',0);
Insert into TRADES (TRADE_ID,TRADER,TIMESTAMP,BUY_SELL,SECURITY,QUANTITY,DEAL_PRICE,FIRM,BROKER,IS_WASHTRADE) values (100323,'LAUC4KJN',to_timestamp('08-SEP-19 03.30.47.197000000 AM','DD-MON-RR HH.MI.SSXFF AM'),'buy',1204,81718,122.26250013674695,102,'SHAREKHAN',0);
Insert into TRADES (TRADE_ID,TRADER,TIMESTAMP,BUY_SELL,SECURITY,QUANTITY,DEAL_PRICE,FIRM,BROKER,IS_WASHTRADE) values (100324,'DAKYZ7MS',to_timestamp('08-SEP-19 06.10.49.376000000 PM','DD-MON-RR HH.MI.SSXFF AM'),'buy',3030,72352,200.04033690055311,103,'ZERODHA',0);
Insert into TRADES (TRADE_ID,TRADER,TIMESTAMP,BUY_SELL,SECURITY,QUANTITY,DEAL_PRICE,FIRM,BROKER,IS_WASHTRADE) values (100325,'DAW9KSVT',to_timestamp('08-SEP-19 05.35.40.093000000 PM','DD-MON-RR HH.MI.SSXFF AM'),'sell',9811,96705,187.40123859245307,101,'5PAISA',0);
Insert into TRADES (TRADE_ID,TRADER,TIMESTAMP,BUY_SELL,SECURITY,QUANTITY,DEAL_PRICE,FIRM,BROKER,IS_WASHTRADE) values (100326,'ZACWEH7N',to_timestamp('08-SEP-19 11.13.44.227000000 AM','DD-MON-RR HH.MI.SSXFF AM'),'buy',7890,1613,116.62226294165907,102,'ICICI DIRECT',0);
Insert into TRADES (TRADE_ID,TRADER,TIMESTAMP,BUY_SELL,SECURITY,QUANTITY,DEAL_PRICE,FIRM,BROKER,IS_WASHTRADE) values (100327,'CAR6Y40A',to_timestamp('08-SEP-19 10.28.40.621000000 AM','DD-MON-RR HH.MI.SSXFF AM'),'sell',9811,2694,191.70016689195504,103,'MOTILAL OSWAL',0);
Insert into TRADES (TRADE_ID,TRADER,TIMESTAMP,BUY_SELL,SECURITY,QUANTITY,DEAL_PRICE,FIRM,BROKER,IS_WASHTRADE) values (100328,'NOROEFEG',to_timestamp('08-SEP-19 08.30.40.752000000 AM','DD-MON-RR HH.MI.SSXFF AM'),'buy',9811,57070,195.13135263800314,103,'MOTILAL OSWAL',0);
Insert into TRADES (TRADE_ID,TRADER,TIMESTAMP,BUY_SELL,SECURITY,QUANTITY,DEAL_PRICE,FIRM,BROKER,IS_WASHTRADE) values (100329,'HEIH0KV5',to_timestamp('08-SEP-19 11.15.54.380000000 PM','DD-MON-RR HH.MI.SSXFF AM'),'buy',3030,26605,122.2610368480968,102,'5PAISA',0);
Insert into TRADES (TRADE_ID,TRADER,TIMESTAMP,BUY_SELL,SECURITY,QUANTITY,DEAL_PRICE,FIRM,BROKER,IS_WASHTRADE) values (100330,'CHAU7OK3',to_timestamp('08-SEP-19 08.40.15.516000000 AM','DD-MON-RR HH.MI.SSXFF AM'),'buy',3030,20821,122.4104284686056,102,'ZERODHA',0);
Insert into TRADES (TRADE_ID,TRADER,TIMESTAMP,BUY_SELL,SECURITY,QUANTITY,DEAL_PRICE,FIRM,BROKER,IS_WASHTRADE) values (100331,'BAB9Q3TV',to_timestamp('08-SEP-19 07.55.27.068000000 PM','DD-MON-RR HH.MI.SSXFF AM'),'sell',9811,20523,193.87757820796995,103,'UPSTOX',0);
Insert into TRADES (TRADE_ID,TRADER,TIMESTAMP,BUY_SELL,SECURITY,QUANTITY,DEAL_PRICE,FIRM,BROKER,IS_WASHTRADE) values (100332,'DONFYZH2',to_timestamp('08-SEP-19 11.13.51.449000000 PM','DD-MON-RR HH.MI.SSXFF AM'),'sell',7890,75412,190.9719941602469,103,'UPSTOX',0);
Insert into TRADES (TRADE_ID,TRADER,TIMESTAMP,BUY_SELL,SECURITY,QUANTITY,DEAL_PRICE,FIRM,BROKER,IS_WASHTRADE) values (100333,'SHAR5F6A',to_timestamp('08-SEP-19 01.57.44.975000000 AM','DD-MON-RR HH.MI.SSXFF AM'),'sell',3030,68520,121.96487078896179,102,'SHAREKHAN',0);
Insert into TRADES (TRADE_ID,TRADER,TIMESTAMP,BUY_SELL,SECURITY,QUANTITY,DEAL_PRICE,FIRM,BROKER,IS_WASHTRADE) values (100334,'HEIH0KV5',to_timestamp('08-SEP-19 06.18.38.723000000 AM','DD-MON-RR HH.MI.SSXFF AM'),'buy',1204,31401,123.5140407747095,102,'ANGEL BROKING',0);
Insert into TRADES (TRADE_ID,TRADER,TIMESTAMP,BUY_SELL,SECURITY,QUANTITY,DEAL_PRICE,FIRM,BROKER,IS_WASHTRADE) values (100335,'KAYQ9G6K',to_timestamp('08-SEP-19 12.30.09.437000000 PM','DD-MON-RR HH.MI.SSXFF AM'),'buy',3030,39688,195.14123661569715,101,'SHAREKHAN',0);
Insert into TRADES (TRADE_ID,TRADER,TIMESTAMP,BUY_SELL,SECURITY,QUANTITY,DEAL_PRICE,FIRM,BROKER,IS_WASHTRADE) values (100336,'BARFGP3P',to_timestamp('08-SEP-19 07.56.50.660000000 AM','DD-MON-RR HH.MI.SSXFF AM'),'buy',9811,20655,194.4467082008751,103,'5PAISA',0);
Insert into TRADES (TRADE_ID,TRADER,TIMESTAMP,BUY_SELL,SECURITY,QUANTITY,DEAL_PRICE,FIRM,BROKER,IS_WASHTRADE) values (100337,'CAR6HVK9',to_timestamp('08-SEP-19 01.44.42.583000000 AM','DD-MON-RR HH.MI.SSXFF AM'),'buy',7890,27423,185.85902363348083,101,'ICICI DIRECT',0);
Insert into TRADES (TRADE_ID,TRADER,TIMESTAMP,BUY_SELL,SECURITY,QUANTITY,DEAL_PRICE,FIRM,BROKER,IS_WASHTRADE) values (100338,'JYOKHC89',to_timestamp('08-SEP-19 08.35.48.977000000 AM','DD-MON-RR HH.MI.SSXFF AM'),'sell',1204,30495,123.09958788342327,102,'MOTILAL OSWAL',0);
Insert into TRADES (TRADE_ID,TRADER,TIMESTAMP,BUY_SELL,SECURITY,QUANTITY,DEAL_PRICE,FIRM,BROKER,IS_WASHTRADE) values (100339,'ZACH95GA',to_timestamp('08-SEP-19 06.22.18.608000000 AM','DD-MON-RR HH.MI.SSXFF AM'),'sell',1204,65887,194.4008838441534,101,'SHAREKHAN',0);
Insert into TRADES (TRADE_ID,TRADER,TIMESTAMP,BUY_SELL,SECURITY,QUANTITY,DEAL_PRICE,FIRM,BROKER,IS_WASHTRADE) values (100340,'TRAR9876',to_timestamp('08-SEP-19 07.07.18.306000000 AM','DD-MON-RR HH.MI.SSXFF AM'),'buy',3030,95631,192.74457799537672,101,'UPSTOX',0);
Insert into TRADES (TRADE_ID,TRADER,TIMESTAMP,BUY_SELL,SECURITY,QUANTITY,DEAL_PRICE,FIRM,BROKER,IS_WASHTRADE) values (100341,'SHEMG1R5',to_timestamp('08-SEP-19 01.07.58.958000000 AM','DD-MON-RR HH.MI.SSXFF AM'),'sell',3030,56630,200.35882737390554,103,'ZERODHA',0);
Insert into TRADES (TRADE_ID,TRADER,TIMESTAMP,BUY_SELL,SECURITY,QUANTITY,DEAL_PRICE,FIRM,BROKER,IS_WASHTRADE) values (100342,'FATE532B',to_timestamp('08-SEP-19 10.30.26.072000000 PM','DD-MON-RR HH.MI.SSXFF AM'),'buy',3030,38060,194.39221504234627,101,'UPSTOX',0);
Insert into TRADES (TRADE_ID,TRADER,TIMESTAMP,BUY_SELL,SECURITY,QUANTITY,DEAL_PRICE,FIRM,BROKER,IS_WASHTRADE) values (100343,'MITOGN0B',to_timestamp('08-SEP-19 07.11.45.454000000 AM','DD-MON-RR HH.MI.SSXFF AM'),'buy',3030,50809,195.18062089801006,101,'ICICI DIRECT',0);
Insert into TRADES (TRADE_ID,TRADER,TIMESTAMP,BUY_SELL,SECURITY,QUANTITY,DEAL_PRICE,FIRM,BROKER,IS_WASHTRADE) values (100344,'ALISYIGU',to_timestamp('08-SEP-19 04.39.30.053000000 AM','DD-MON-RR HH.MI.SSXFF AM'),'buy',7890,30139,184.0266426912773,101,'ICICI DIRECT',0);
Insert into TRADES (TRADE_ID,TRADER,TIMESTAMP,BUY_SELL,SECURITY,QUANTITY,DEAL_PRICE,FIRM,BROKER,IS_WASHTRADE) values (100345,'DEAU7LQT',to_timestamp('08-SEP-19 06.42.06.899000000 AM','DD-MON-RR HH.MI.SSXFF AM'),'buy',7890,31181,116.66237037149946,102,'FYERS',0);
Insert into TRADES (TRADE_ID,TRADER,TIMESTAMP,BUY_SELL,SECURITY,QUANTITY,DEAL_PRICE,FIRM,BROKER,IS_WASHTRADE) values (100346,'GEON2IB3',to_timestamp('08-SEP-19 03.14.21.420000000 AM','DD-MON-RR HH.MI.SSXFF AM'),'sell',1204,4766,122.89249929458038,102,'UPSTOX',0);
Insert into TRADES (TRADE_ID,TRADER,TIMESTAMP,BUY_SELL,SECURITY,QUANTITY,DEAL_PRICE,FIRM,BROKER,IS_WASHTRADE) values (100347,'TRAPRNSK',to_timestamp('08-SEP-19 10.40.06.554000000 PM','DD-MON-RR HH.MI.SSXFF AM'),'sell',3030,50005,123.08903904775377,102,'SHAREKHAN',0);
Insert into TRADES (TRADE_ID,TRADER,TIMESTAMP,BUY_SELL,SECURITY,QUANTITY,DEAL_PRICE,FIRM,BROKER,IS_WASHTRADE) values (100348,'GINU6KRU',to_timestamp('08-SEP-19 06.20.55.265000000 AM','DD-MON-RR HH.MI.SSXFF AM'),'buy',1204,92212,196.13875450867468,101,'SHAREKHAN',0);
Insert into TRADES (TRADE_ID,TRADER,TIMESTAMP,BUY_SELL,SECURITY,QUANTITY,DEAL_PRICE,FIRM,BROKER,IS_WASHTRADE) values (100349,'MARVVKA6',to_timestamp('08-SEP-19 02.31.14.311000000 AM','DD-MON-RR HH.MI.SSXFF AM'),'sell',7890,88652,190.50613290615783,103,'SHAREKHAN',0);
Insert into TRADES (TRADE_ID,TRADER,TIMESTAMP,BUY_SELL,SECURITY,QUANTITY,DEAL_PRICE,FIRM,BROKER,IS_WASHTRADE) values (100350,'DAR2Y9UG',to_timestamp('08-SEP-19 12.57.12.931000000 AM','DD-MON-RR HH.MI.SSXFF AM'),'buy',7890,88960,189.0912702007418,103,'5PAISA',0);
Insert into TRADES (TRADE_ID,TRADER,TIMESTAMP,BUY_SELL,SECURITY,QUANTITY,DEAL_PRICE,FIRM,BROKER,IS_WASHTRADE) values (100351,'STEAL7IA',to_timestamp('08-SEP-19 09.10.12.917000000 AM','DD-MON-RR HH.MI.SSXFF AM'),'sell',7890,47372,183.50014565616692,101,'ICICI DIRECT',0);
Insert into TRADES (TRADE_ID,TRADER,TIMESTAMP,BUY_SELL,SECURITY,QUANTITY,DEAL_PRICE,FIRM,BROKER,IS_WASHTRADE) values (100352,'THEEYM5S',to_timestamp('08-SEP-19 03.54.00.257000000 AM','DD-MON-RR HH.MI.SSXFF AM'),'buy',3030,42626,196.12318571232902,101,'ANGEL BROKING',0);
Insert into TRADES (TRADE_ID,TRADER,TIMESTAMP,BUY_SELL,SECURITY,QUANTITY,DEAL_PRICE,FIRM,BROKER,IS_WASHTRADE) values (100353,'HEASKT3D',to_timestamp('08-SEP-19 07.04.56.382000000 PM','DD-MON-RR HH.MI.SSXFF AM'),'buy',7890,57327,115.30122208469797,102,'5PAISA',0);
Insert into TRADES (TRADE_ID,TRADER,TIMESTAMP,BUY_SELL,SECURITY,QUANTITY,DEAL_PRICE,FIRM,BROKER,IS_WASHTRADE) values (100354,'ALADF547',to_timestamp('08-SEP-19 02.48.42.363000000 PM','DD-MON-RR HH.MI.SSXFF AM'),'sell',3030,17217,123.26663503293304,102,'ICICI DIRECT',0);
Insert into TRADES (TRADE_ID,TRADER,TIMESTAMP,BUY_SELL,SECURITY,QUANTITY,DEAL_PRICE,FIRM,BROKER,IS_WASHTRADE) values (100355,'COUL2KB0',to_timestamp('08-SEP-19 11.56.35.526000000 PM','DD-MON-RR HH.MI.SSXFF AM'),'sell',7890,39532,190.48427985547207,103,'5PAISA',0);
Insert into TRADES (TRADE_ID,TRADER,TIMESTAMP,BUY_SELL,SECURITY,QUANTITY,DEAL_PRICE,FIRM,BROKER,IS_WASHTRADE) values (100356,'NICZZRQQ',to_timestamp('08-SEP-19 06.29.28.526000000 AM','DD-MON-RR HH.MI.SSXFF AM'),'sell',3030,27386,121.25044269381448,102,'FYERS',0);
Insert into TRADES (TRADE_ID,TRADER,TIMESTAMP,BUY_SELL,SECURITY,QUANTITY,DEAL_PRICE,FIRM,BROKER,IS_WASHTRADE) values (100357,'JUAFOXS2',to_timestamp('08-SEP-19 05.31.44.271000000 PM','DD-MON-RR HH.MI.SSXFF AM'),'buy',1204,26121,122.6719881460856,102,'UPSTOX',0);
Insert into TRADES (TRADE_ID,TRADER,TIMESTAMP,BUY_SELL,SECURITY,QUANTITY,DEAL_PRICE,FIRM,BROKER,IS_WASHTRADE) values (100358,'TIMPUTKJ',to_timestamp('08-SEP-19 12.08.19.000000000 PM','DD-MON-RR HH.MI.SSXFF AM'),'sell',1204,47584,123.56226160494832,102,'ICICI DIRECT',0);
Insert into TRADES (TRADE_ID,TRADER,TIMESTAMP,BUY_SELL,SECURITY,QUANTITY,DEAL_PRICE,FIRM,BROKER,IS_WASHTRADE) values (100359,'MARMLHA7',to_timestamp('08-SEP-19 08.41.05.705000000 AM','DD-MON-RR HH.MI.SSXFF AM'),'buy',1204,96423,200.05094366851517,103,'5PAISA',0);
Insert into TRADES (TRADE_ID,TRADER,TIMESTAMP,BUY_SELL,SECURITY,QUANTITY,DEAL_PRICE,FIRM,BROKER,IS_WASHTRADE) values (100360,'JAKWVAYB',to_timestamp('08-SEP-19 08.45.29.025000000 AM','DD-MON-RR HH.MI.SSXFF AM'),'buy',9811,64207,118.67332056614386,102,'SHAREKHAN',0);
Insert into TRADES (TRADE_ID,TRADER,TIMESTAMP,BUY_SELL,SECURITY,QUANTITY,DEAL_PRICE,FIRM,BROKER,IS_WASHTRADE) values (100361,'LAU5LGLD',to_timestamp('08-SEP-19 03.52.03.141000000 PM','DD-MON-RR HH.MI.SSXFF AM'),'buy',1204,57283,194.4995643548794,101,'ICICI DIRECT',0);
Insert into TRADES (TRADE_ID,TRADER,TIMESTAMP,BUY_SELL,SECURITY,QUANTITY,DEAL_PRICE,FIRM,BROKER,IS_WASHTRADE) values (100362,'FAIQQVEK',to_timestamp('08-SEP-19 10.52.22.972000000 PM','DD-MON-RR HH.MI.SSXFF AM'),'sell',7890,99911,117.70162022394221,102,'ICICI DIRECT',0);
Insert into TRADES (TRADE_ID,TRADER,TIMESTAMP,BUY_SELL,SECURITY,QUANTITY,DEAL_PRICE,FIRM,BROKER,IS_WASHTRADE) values (100363,'TRAYHS5Z',to_timestamp('08-SEP-19 09.44.32.889000000 AM','DD-MON-RR HH.MI.SSXFF AM'),'buy',7890,78024,183.67039671835207,101,'ZERODHA',0);
Insert into TRADES (TRADE_ID,TRADER,TIMESTAMP,BUY_SELL,SECURITY,QUANTITY,DEAL_PRICE,FIRM,BROKER,IS_WASHTRADE) values (100364,'CHE9I7EY',to_timestamp('08-SEP-19 11.49.22.963000000 PM','DD-MON-RR HH.MI.SSXFF AM'),'sell',9811,29067,193.2541351878946,103,'ICICI DIRECT',0);
Insert into TRADES (TRADE_ID,TRADER,TIMESTAMP,BUY_SELL,SECURITY,QUANTITY,DEAL_PRICE,FIRM,BROKER,IS_WASHTRADE) values (100365,'BRIHFIYO',to_timestamp('08-SEP-19 01.31.26.657000000 PM','DD-MON-RR HH.MI.SSXFF AM'),'buy',1204,68463,197.949861567641,103,'5PAISA',0);
Insert into TRADES (TRADE_ID,TRADER,TIMESTAMP,BUY_SELL,SECURITY,QUANTITY,DEAL_PRICE,FIRM,BROKER,IS_WASHTRADE) values (100366,'THEEYM5S',to_timestamp('08-SEP-19 08.33.30.790000000 PM','DD-MON-RR HH.MI.SSXFF AM'),'buy',1204,63672,198.76462922849768,103,'ANGEL BROKING',0);
Insert into TRADES (TRADE_ID,TRADER,TIMESTAMP,BUY_SELL,SECURITY,QUANTITY,DEAL_PRICE,FIRM,BROKER,IS_WASHTRADE) values (100367,'BRYNLFU0',to_timestamp('08-SEP-19 02.06.26.577000000 PM','DD-MON-RR HH.MI.SSXFF AM'),'buy',3030,36215,194.67123279244592,101,'ANGEL BROKING',0);
Insert into TRADES (TRADE_ID,TRADER,TIMESTAMP,BUY_SELL,SECURITY,QUANTITY,DEAL_PRICE,FIRM,BROKER,IS_WASHTRADE) values (100368,'JES3RBBJ',to_timestamp('08-SEP-19 06.26.38.923000000 PM','DD-MON-RR HH.MI.SSXFF AM'),'sell',1204,9850,194.4566613236468,101,'SHAREKHAN',0);
Insert into TRADES (TRADE_ID,TRADER,TIMESTAMP,BUY_SELL,SECURITY,QUANTITY,DEAL_PRICE,FIRM,BROKER,IS_WASHTRADE) values (100369,'DIAXXBKW',to_timestamp('08-SEP-19 02.58.49.536000000 PM','DD-MON-RR HH.MI.SSXFF AM'),'sell',9811,56468,193.8147961725338,103,'5PAISA',0);
Insert into TRADES (TRADE_ID,TRADER,TIMESTAMP,BUY_SELL,SECURITY,QUANTITY,DEAL_PRICE,FIRM,BROKER,IS_WASHTRADE) values (100370,'JOECW7BS',to_timestamp('08-SEP-19 02.57.35.155000000 AM','DD-MON-RR HH.MI.SSXFF AM'),'sell',7890,9472,184.19081680439234,101,'ANGEL BROKING',0);
Insert into TRADES (TRADE_ID,TRADER,TIMESTAMP,BUY_SELL,SECURITY,QUANTITY,DEAL_PRICE,FIRM,BROKER,IS_WASHTRADE) values (100371,'ROGJLA4F',to_timestamp('08-SEP-19 09.11.13.746000000 PM','DD-MON-RR HH.MI.SSXFF AM'),'sell',1204,73868,198.5760579738396,103,'FYERS',0);
Insert into TRADES (TRADE_ID,TRADER,TIMESTAMP,BUY_SELL,SECURITY,QUANTITY,DEAL_PRICE,FIRM,BROKER,IS_WASHTRADE) values (100372,'SAN99MVO',to_timestamp('08-SEP-19 04.34.05.498000000 PM','DD-MON-RR HH.MI.SSXFF AM'),'buy',1204,71396,192.89690413817817,101,'5PAISA',0);
Insert into TRADES (TRADE_ID,TRADER,TIMESTAMP,BUY_SELL,SECURITY,QUANTITY,DEAL_PRICE,FIRM,BROKER,IS_WASHTRADE) values (100373,'BARFGP3P',to_timestamp('08-SEP-19 04.23.14.026000000 AM','DD-MON-RR HH.MI.SSXFF AM'),'sell',7890,76932,115.2796239505112,102,'ICICI DIRECT',0);
Insert into TRADES (TRADE_ID,TRADER,TIMESTAMP,BUY_SELL,SECURITY,QUANTITY,DEAL_PRICE,FIRM,BROKER,IS_WASHTRADE) values (100374,'CHAF8FKO',to_timestamp('08-SEP-19 07.58.40.403000000 AM','DD-MON-RR HH.MI.SSXFF AM'),'sell',7890,7755,188.25667358523216,103,'5PAISA',0);
Insert into TRADES (TRADE_ID,TRADER,TIMESTAMP,BUY_SELL,SECURITY,QUANTITY,DEAL_PRICE,FIRM,BROKER,IS_WASHTRADE) values (100375,'REBF1PYG',to_timestamp('08-SEP-19 05.51.07.301000000 AM','DD-MON-RR HH.MI.SSXFF AM'),'buy',7890,2086,186.62523720006644,101,'SHAREKHAN',0);
Insert into TRADES (TRADE_ID,TRADER,TIMESTAMP,BUY_SELL,SECURITY,QUANTITY,DEAL_PRICE,FIRM,BROKER,IS_WASHTRADE) values (100376,'RANBFEVF',to_timestamp('08-SEP-19 11.32.10.065000000 AM','DD-MON-RR HH.MI.SSXFF AM'),'buy',9811,34863,117.67564041778539,102,'ANGEL BROKING',0);
Insert into TRADES (TRADE_ID,TRADER,TIMESTAMP,BUY_SELL,SECURITY,QUANTITY,DEAL_PRICE,FIRM,BROKER,IS_WASHTRADE) values (100377,'STEAL7IA',to_timestamp('08-SEP-19 12.56.40.652000000 AM','DD-MON-RR HH.MI.SSXFF AM'),'buy',3030,83211,192.92132665861146,101,'ZERODHA',0);
Insert into TRADES (TRADE_ID,TRADER,TIMESTAMP,BUY_SELL,SECURITY,QUANTITY,DEAL_PRICE,FIRM,BROKER,IS_WASHTRADE) values (100378,'BOBRHF4X',to_timestamp('08-SEP-19 11.52.24.359000000 PM','DD-MON-RR HH.MI.SSXFF AM'),'sell',9811,44484,192.41996827473986,103,'ZERODHA',0);
Insert into TRADES (TRADE_ID,TRADER,TIMESTAMP,BUY_SELL,SECURITY,QUANTITY,DEAL_PRICE,FIRM,BROKER,IS_WASHTRADE) values (100379,'JEF6G3PC',to_timestamp('08-SEP-19 06.31.45.579000000 PM','DD-MON-RR HH.MI.SSXFF AM'),'sell',1204,25021,122.47226394834247,102,'ZERODHA',0);
Insert into TRADES (TRADE_ID,TRADER,TIMESTAMP,BUY_SELL,SECURITY,QUANTITY,DEAL_PRICE,FIRM,BROKER,IS_WASHTRADE) values (100380,'HEIH0KV5',to_timestamp('08-SEP-19 09.53.51.562000000 PM','DD-MON-RR HH.MI.SSXFF AM'),'buy',7890,61791,189.41603017921898,103,'ANGEL BROKING',0);
Insert into TRADES (TRADE_ID,TRADER,TIMESTAMP,BUY_SELL,SECURITY,QUANTITY,DEAL_PRICE,FIRM,BROKER,IS_WASHTRADE) values (100381,'LAWQYSHX',to_timestamp('08-SEP-19 09.29.27.842000000 AM','DD-MON-RR HH.MI.SSXFF AM'),'sell',3030,59798,197.99943493891513,103,'UPSTOX',0);
Insert into TRADES (TRADE_ID,TRADER,TIMESTAMP,BUY_SELL,SECURITY,QUANTITY,DEAL_PRICE,FIRM,BROKER,IS_WASHTRADE) values (100382,'CHAF8FKO',to_timestamp('08-SEP-19 12.53.26.731000000 PM','DD-MON-RR HH.MI.SSXFF AM'),'sell',1204,28628,199.6100059152122,103,'ICICI DIRECT',0);
Insert into TRADES (TRADE_ID,TRADER,TIMESTAMP,BUY_SELL,SECURITY,QUANTITY,DEAL_PRICE,FIRM,BROKER,IS_WASHTRADE) values (100383,'NICZZRQQ',to_timestamp('08-SEP-19 05.08.27.195000000 AM','DD-MON-RR HH.MI.SSXFF AM'),'sell',3030,90387,198.62855971414922,103,'5PAISA',0);
Insert into TRADES (TRADE_ID,TRADER,TIMESTAMP,BUY_SELL,SECURITY,QUANTITY,DEAL_PRICE,FIRM,BROKER,IS_WASHTRADE) values (100384,'DANP3AAE',to_timestamp('08-SEP-19 01.15.14.681000000 AM','DD-MON-RR HH.MI.SSXFF AM'),'sell',1204,52987,197.5374573162791,103,'FYERS',0);
Insert into TRADES (TRADE_ID,TRADER,TIMESTAMP,BUY_SELL,SECURITY,QUANTITY,DEAL_PRICE,FIRM,BROKER,IS_WASHTRADE) values (100385,'BRECM5SC',to_timestamp('08-SEP-19 08.08.19.537000000 PM','DD-MON-RR HH.MI.SSXFF AM'),'buy',9811,68152,190.0270090847886,101,'UPSTOX',0);
Insert into TRADES (TRADE_ID,TRADER,TIMESTAMP,BUY_SELL,SECURITY,QUANTITY,DEAL_PRICE,FIRM,BROKER,IS_WASHTRADE) values (100386,'ZAC15CCX',to_timestamp('08-SEP-19 12.12.53.565000000 PM','DD-MON-RR HH.MI.SSXFF AM'),'sell',9811,98458,187.22893127242423,101,'5PAISA',0);
Insert into TRADES (TRADE_ID,TRADER,TIMESTAMP,BUY_SELL,SECURITY,QUANTITY,DEAL_PRICE,FIRM,BROKER,IS_WASHTRADE) values (100387,'RITBY9F1',to_timestamp('08-SEP-19 01.27.10.058000000 PM','DD-MON-RR HH.MI.SSXFF AM'),'sell',1204,2555,199.97923048749806,103,'ICICI DIRECT',0);
Insert into TRADES (TRADE_ID,TRADER,TIMESTAMP,BUY_SELL,SECURITY,QUANTITY,DEAL_PRICE,FIRM,BROKER,IS_WASHTRADE) values (100388,'KATGCHI5',to_timestamp('08-SEP-19 08.45.32.129000000 AM','DD-MON-RR HH.MI.SSXFF AM'),'sell',9811,11329,118.31159839664322,102,'SHAREKHAN',0);
Insert into TRADES (TRADE_ID,TRADER,TIMESTAMP,BUY_SELL,SECURITY,QUANTITY,DEAL_PRICE,FIRM,BROKER,IS_WASHTRADE) values (100389,'CHRS30RF',to_timestamp('08-SEP-19 04.56.34.155000000 AM','DD-MON-RR HH.MI.SSXFF AM'),'buy',9811,80568,188.75886401906794,101,'ZERODHA',0);
Insert into TRADES (TRADE_ID,TRADER,TIMESTAMP,BUY_SELL,SECURITY,QUANTITY,DEAL_PRICE,FIRM,BROKER,IS_WASHTRADE) values (100390,'WILSEBES',to_timestamp('08-SEP-19 09.46.36.633000000 AM','DD-MON-RR HH.MI.SSXFF AM'),'sell',3030,28764,199.60438268929752,103,'ANGEL BROKING',0);
Insert into TRADES (TRADE_ID,TRADER,TIMESTAMP,BUY_SELL,SECURITY,QUANTITY,DEAL_PRICE,FIRM,BROKER,IS_WASHTRADE) values (100391,'CATCA8NP',to_timestamp('08-SEP-19 10.55.47.556000000 AM','DD-MON-RR HH.MI.SSXFF AM'),'buy',7890,46165,116.09224797320866,102,'ICICI DIRECT',0);
Insert into TRADES (TRADE_ID,TRADER,TIMESTAMP,BUY_SELL,SECURITY,QUANTITY,DEAL_PRICE,FIRM,BROKER,IS_WASHTRADE) values (100392,'SYDEJ33S',to_timestamp('08-SEP-19 03.52.01.015000000 PM','DD-MON-RR HH.MI.SSXFF AM'),'buy',3030,55695,199.28550932056552,103,'MOTILAL OSWAL',0);
Insert into TRADES (TRADE_ID,TRADER,TIMESTAMP,BUY_SELL,SECURITY,QUANTITY,DEAL_PRICE,FIRM,BROKER,IS_WASHTRADE) values (100393,'JANYOUWQ',to_timestamp('08-SEP-19 08.29.22.722000000 PM','DD-MON-RR HH.MI.SSXFF AM'),'sell',9811,96155,188.29891555220834,101,'ANGEL BROKING',0);
Insert into TRADES (TRADE_ID,TRADER,TIMESTAMP,BUY_SELL,SECURITY,QUANTITY,DEAL_PRICE,FIRM,BROKER,IS_WASHTRADE) values (100394,'DAR2Y9UG',to_timestamp('08-SEP-19 10.45.36.027000000 PM','DD-MON-RR HH.MI.SSXFF AM'),'sell',3030,40992,197.60917170065835,103,'5PAISA',0);
Insert into TRADES (TRADE_ID,TRADER,TIMESTAMP,BUY_SELL,SECURITY,QUANTITY,DEAL_PRICE,FIRM,BROKER,IS_WASHTRADE) values (100395,'DAVYDUWM',to_timestamp('08-SEP-19 08.27.39.479000000 PM','DD-MON-RR HH.MI.SSXFF AM'),'buy',7890,48410,115.51427717386774,102,'ZERODHA',0);
Insert into TRADES (TRADE_ID,TRADER,TIMESTAMP,BUY_SELL,SECURITY,QUANTITY,DEAL_PRICE,FIRM,BROKER,IS_WASHTRADE) values (100396,'DAW9KSVT',to_timestamp('08-SEP-19 10.37.58.864000000 PM','DD-MON-RR HH.MI.SSXFF AM'),'sell',1204,75680,122.43198934225134,102,'ICICI DIRECT',0);
Insert into TRADES (TRADE_ID,TRADER,TIMESTAMP,BUY_SELL,SECURITY,QUANTITY,DEAL_PRICE,FIRM,BROKER,IS_WASHTRADE) values (100397,'FATE532B',to_timestamp('08-SEP-19 08.56.18.335000000 PM','DD-MON-RR HH.MI.SSXFF AM'),'buy',7890,88722,117.84582877245806,102,'MOTILAL OSWAL',0);
Insert into TRADES (TRADE_ID,TRADER,TIMESTAMP,BUY_SELL,SECURITY,QUANTITY,DEAL_PRICE,FIRM,BROKER,IS_WASHTRADE) values (100398,'BABECQS4',to_timestamp('08-SEP-19 01.44.43.586000000 PM','DD-MON-RR HH.MI.SSXFF AM'),'sell',3030,6219,122.14065550360785,102,'FYERS',0);
Insert into TRADES (TRADE_ID,TRADER,TIMESTAMP,BUY_SELL,SECURITY,QUANTITY,DEAL_PRICE,FIRM,BROKER,IS_WASHTRADE) values (100399,'JOHT9HLP',to_timestamp('08-SEP-19 08.20.39.488000000 PM','DD-MON-RR HH.MI.SSXFF AM'),'buy',3030,83507,195.0089464578683,101,'ANGEL BROKING',0);
Insert into TRADES (TRADE_ID,TRADER,TIMESTAMP,BUY_SELL,SECURITY,QUANTITY,DEAL_PRICE,FIRM,BROKER,IS_WASHTRADE) values (100400,'ALLNKK5B',to_timestamp('08-SEP-19 07.19.24.049000000 AM','DD-MON-RR HH.MI.SSXFF AM'),'sell',9811,37388,189.45581017117684,101,'ICICI DIRECT',0);
Insert into TRADES (TRADE_ID,TRADER,TIMESTAMP,BUY_SELL,SECURITY,QUANTITY,DEAL_PRICE,FIRM,BROKER,IS_WASHTRADE) values (100401,'SARVG1XN',to_timestamp('08-SEP-19 12.31.29.288000000 PM','DD-MON-RR HH.MI.SSXFF AM'),'sell',9811,54995,192.916110926123,103,'SHAREKHAN',0);
Insert into TRADES (TRADE_ID,TRADER,TIMESTAMP,BUY_SELL,SECURITY,QUANTITY,DEAL_PRICE,FIRM,BROKER,IS_WASHTRADE) values (100402,'CHRBN6M5',to_timestamp('08-SEP-19 01.21.59.541000000 PM','DD-MON-RR HH.MI.SSXFF AM'),'buy',3030,17258,192.90072729003364,101,'ICICI DIRECT',0);
Insert into TRADES (TRADE_ID,TRADER,TIMESTAMP,BUY_SELL,SECURITY,QUANTITY,DEAL_PRICE,FIRM,BROKER,IS_WASHTRADE) values (100403,'BREUTPIM',to_timestamp('08-SEP-19 06.34.10.753000000 PM','DD-MON-RR HH.MI.SSXFF AM'),'sell',9811,23636,119.52341191609723,102,'ANGEL BROKING',0);
Insert into TRADES (TRADE_ID,TRADER,TIMESTAMP,BUY_SELL,SECURITY,QUANTITY,DEAL_PRICE,FIRM,BROKER,IS_WASHTRADE) values (100404,'VIC62V98',to_timestamp('08-SEP-19 12.46.07.878000000 PM','DD-MON-RR HH.MI.SSXFF AM'),'buy',9811,83810,189.77697238115164,101,'ANGEL BROKING',0);
Insert into TRADES (TRADE_ID,TRADER,TIMESTAMP,BUY_SELL,SECURITY,QUANTITY,DEAL_PRICE,FIRM,BROKER,IS_WASHTRADE) values (100506,'JYOKHC89',to_timestamp('08-SEP-19 11.00.47.610000000 PM','DD-MON-RR HH.MI.SSXFF AM'),'sell',3030,90582,200.81436519012834,103,'ANGEL BROKING',0);
Insert into TRADES (TRADE_ID,TRADER,TIMESTAMP,BUY_SELL,SECURITY,QUANTITY,DEAL_PRICE,FIRM,BROKER,IS_WASHTRADE) values (100507,'NICZZRQQ',to_timestamp('08-SEP-19 12.11.34.436000000 AM','DD-MON-RR HH.MI.SSXFF AM'),'buy',7890,39637,116.9707375302183,102,'ICICI DIRECT',0);
Insert into TRADES (TRADE_ID,TRADER,TIMESTAMP,BUY_SELL,SECURITY,QUANTITY,DEAL_PRICE,FIRM,BROKER,IS_WASHTRADE) values (100508,'REBF1PYG',to_timestamp('08-SEP-19 12.08.29.333000000 AM','DD-MON-RR HH.MI.SSXFF AM'),'sell',3030,64345,192.9269652603919,101,'5PAISA',0);
Insert into TRADES (TRADE_ID,TRADER,TIMESTAMP,BUY_SELL,SECURITY,QUANTITY,DEAL_PRICE,FIRM,BROKER,IS_WASHTRADE) values (100509,'JACHZRQ9',to_timestamp('08-SEP-19 09.16.13.812000000 PM','DD-MON-RR HH.MI.SSXFF AM'),'buy',1204,55147,121.83326629978592,102,'ANGEL BROKING',0);
Insert into TRADES (TRADE_ID,TRADER,TIMESTAMP,BUY_SELL,SECURITY,QUANTITY,DEAL_PRICE,FIRM,BROKER,IS_WASHTRADE) values (100510,'CAR6Y40A',to_timestamp('08-SEP-19 03.01.31.023000000 PM','DD-MON-RR HH.MI.SSXFF AM'),'buy',3030,58247,193.65155031550756,101,'5PAISA',0);
Insert into TRADES (TRADE_ID,TRADER,TIMESTAMP,BUY_SELL,SECURITY,QUANTITY,DEAL_PRICE,FIRM,BROKER,IS_WASHTRADE) values (100511,'BREPZN29',to_timestamp('08-SEP-19 09.02.02.099000000 PM','DD-MON-RR HH.MI.SSXFF AM'),'buy',7890,43658,115.95614681946331,102,'ICICI DIRECT',0);
Insert into TRADES (TRADE_ID,TRADER,TIMESTAMP,BUY_SELL,SECURITY,QUANTITY,DEAL_PRICE,FIRM,BROKER,IS_WASHTRADE) values (100512,'TIMS68K7',to_timestamp('08-SEP-19 08.06.07.317000000 AM','DD-MON-RR HH.MI.SSXFF AM'),'buy',3030,32436,194.31547354327955,101,'FYERS',0);
Insert into TRADES (TRADE_ID,TRADER,TIMESTAMP,BUY_SELL,SECURITY,QUANTITY,DEAL_PRICE,FIRM,BROKER,IS_WASHTRADE) values (100513,'COLS34TU',to_timestamp('08-SEP-19 03.05.49.910000000 AM','DD-MON-RR HH.MI.SSXFF AM'),'buy',3030,58777,194.05302382575957,101,'SHAREKHAN',0);
Insert into TRADES (TRADE_ID,TRADER,TIMESTAMP,BUY_SELL,SECURITY,QUANTITY,DEAL_PRICE,FIRM,BROKER,IS_WASHTRADE) values (100514,'BRO2RMHS',to_timestamp('08-SEP-19 08.39.27.248000000 AM','DD-MON-RR HH.MI.SSXFF AM'),'buy',9811,44348,189.82074567818123,101,'MOTILAL OSWAL',0);
Insert into TRADES (TRADE_ID,TRADER,TIMESTAMP,BUY_SELL,SECURITY,QUANTITY,DEAL_PRICE,FIRM,BROKER,IS_WASHTRADE) values (100515,'BOBRHF4X',to_timestamp('08-SEP-19 07.01.05.792000000 AM','DD-MON-RR HH.MI.SSXFF AM'),'buy',1204,86333,122.26994152875534,102,'ICICI DIRECT',0);
Insert into TRADES (TRADE_ID,TRADER,TIMESTAMP,BUY_SELL,SECURITY,QUANTITY,DEAL_PRICE,FIRM,BROKER,IS_WASHTRADE) values (100516,'FATE532B',to_timestamp('08-SEP-19 01.35.14.356000000 PM','DD-MON-RR HH.MI.SSXFF AM'),'buy',3030,60646,198.25060995040346,103,'ICICI DIRECT',0);
Insert into TRADES (TRADE_ID,TRADER,TIMESTAMP,BUY_SELL,SECURITY,QUANTITY,DEAL_PRICE,FIRM,BROKER,IS_WASHTRADE) values (100517,'GEON2IB3',to_timestamp('08-SEP-19 12.00.44.620000000 PM','DD-MON-RR HH.MI.SSXFF AM'),'sell',1204,14797,123.24066901943614,102,'5PAISA',0);
Insert into TRADES (TRADE_ID,TRADER,TIMESTAMP,BUY_SELL,SECURITY,QUANTITY,DEAL_PRICE,FIRM,BROKER,IS_WASHTRADE) values (100518,'CHAU7OK3',to_timestamp('08-SEP-19 04.37.00.559000000 PM','DD-MON-RR HH.MI.SSXFF AM'),'buy',3030,99363,194.20496258450868,101,'ANGEL BROKING',0);
Insert into TRADES (TRADE_ID,TRADER,TIMESTAMP,BUY_SELL,SECURITY,QUANTITY,DEAL_PRICE,FIRM,BROKER,IS_WASHTRADE) values (100519,'RANBFEVF',to_timestamp('08-SEP-19 11.08.57.699000000 PM','DD-MON-RR HH.MI.SSXFF AM'),'buy',1204,26087,199.52030055011474,103,'SHAREKHAN',0);
Insert into TRADES (TRADE_ID,TRADER,TIMESTAMP,BUY_SELL,SECURITY,QUANTITY,DEAL_PRICE,FIRM,BROKER,IS_WASHTRADE) values (100520,'BRO2RMHS',to_timestamp('08-SEP-19 11.06.27.466000000 PM','DD-MON-RR HH.MI.SSXFF AM'),'sell',1204,19560,195.02390250411338,101,'UPSTOX',0);
Insert into TRADES (TRADE_ID,TRADER,TIMESTAMP,BUY_SELL,SECURITY,QUANTITY,DEAL_PRICE,FIRM,BROKER,IS_WASHTRADE) values (100521,'HOWTYULH',to_timestamp('08-SEP-19 06.53.57.750000000 PM','DD-MON-RR HH.MI.SSXFF AM'),'sell',9811,18481,189.4826542033632,101,'FYERS',0);
Insert into TRADES (TRADE_ID,TRADER,TIMESTAMP,BUY_SELL,SECURITY,QUANTITY,DEAL_PRICE,FIRM,BROKER,IS_WASHTRADE) values (100522,'GAB8QU2G',to_timestamp('08-SEP-19 05.05.36.854000000 AM','DD-MON-RR HH.MI.SSXFF AM'),'sell',3030,88182,195.0381795696053,101,'ICICI DIRECT',0);
Insert into TRADES (TRADE_ID,TRADER,TIMESTAMP,BUY_SELL,SECURITY,QUANTITY,DEAL_PRICE,FIRM,BROKER,IS_WASHTRADE) values (100523,'LAUC4KJN',to_timestamp('08-SEP-19 04.44.06.361000000 AM','DD-MON-RR HH.MI.SSXFF AM'),'buy',1204,81718,122.19790847544876,102,'SHAREKHAN',0);
Insert into TRADES (TRADE_ID,TRADER,TIMESTAMP,BUY_SELL,SECURITY,QUANTITY,DEAL_PRICE,FIRM,BROKER,IS_WASHTRADE) values (100524,'DAKYZ7MS',to_timestamp('08-SEP-19 06.25.38.718000000 PM','DD-MON-RR HH.MI.SSXFF AM'),'buy',3030,72352,200.82965854848027,103,'ZERODHA',0);
Insert into TRADES (TRADE_ID,TRADER,TIMESTAMP,BUY_SELL,SECURITY,QUANTITY,DEAL_PRICE,FIRM,BROKER,IS_WASHTRADE) values (100525,'DAW9KSVT',to_timestamp('08-SEP-19 03.18.10.353000000 PM','DD-MON-RR HH.MI.SSXFF AM'),'sell',9811,96705,188.05660472829237,101,'5PAISA',0);
Insert into TRADES (TRADE_ID,TRADER,TIMESTAMP,BUY_SELL,SECURITY,QUANTITY,DEAL_PRICE,FIRM,BROKER,IS_WASHTRADE) values (100526,'ZACWEH7N',to_timestamp('08-SEP-19 10.57.20.131000000 PM','DD-MON-RR HH.MI.SSXFF AM'),'buy',7890,1613,117.14167910039609,102,'ICICI DIRECT',0);
Insert into TRADES (TRADE_ID,TRADER,TIMESTAMP,BUY_SELL,SECURITY,QUANTITY,DEAL_PRICE,FIRM,BROKER,IS_WASHTRADE) values (100527,'CAR6Y40A',to_timestamp('08-SEP-19 10.28.01.548000000 PM','DD-MON-RR HH.MI.SSXFF AM'),'sell',9811,2694,193.96763889542154,103,'MOTILAL OSWAL',0);
Insert into TRADES (TRADE_ID,TRADER,TIMESTAMP,BUY_SELL,SECURITY,QUANTITY,DEAL_PRICE,FIRM,BROKER,IS_WASHTRADE) values (100528,'NOROEFEG',to_timestamp('08-SEP-19 04.56.20.384000000 PM','DD-MON-RR HH.MI.SSXFF AM'),'buy',9811,57070,194.75530213085847,103,'MOTILAL OSWAL',0);
Insert into TRADES (TRADE_ID,TRADER,TIMESTAMP,BUY_SELL,SECURITY,QUANTITY,DEAL_PRICE,FIRM,BROKER,IS_WASHTRADE) values (100529,'HEIH0KV5',to_timestamp('08-SEP-19 05.42.25.835000000 PM','DD-MON-RR HH.MI.SSXFF AM'),'buy',3030,26605,121.36273187906784,102,'5PAISA',0);
Insert into TRADES (TRADE_ID,TRADER,TIMESTAMP,BUY_SELL,SECURITY,QUANTITY,DEAL_PRICE,FIRM,BROKER,IS_WASHTRADE) values (100530,'CHAU7OK3',to_timestamp('08-SEP-19 03.20.17.029000000 AM','DD-MON-RR HH.MI.SSXFF AM'),'buy',3030,20821,122.85418906619117,102,'ZERODHA',0);
Insert into TRADES (TRADE_ID,TRADER,TIMESTAMP,BUY_SELL,SECURITY,QUANTITY,DEAL_PRICE,FIRM,BROKER,IS_WASHTRADE) values (100531,'BAB9Q3TV',to_timestamp('08-SEP-19 04.40.46.499000000 AM','DD-MON-RR HH.MI.SSXFF AM'),'sell',9811,20523,193.11691088352285,103,'UPSTOX',0);
Insert into TRADES (TRADE_ID,TRADER,TIMESTAMP,BUY_SELL,SECURITY,QUANTITY,DEAL_PRICE,FIRM,BROKER,IS_WASHTRADE) values (100532,'DONFYZH2',to_timestamp('08-SEP-19 08.17.22.677000000 PM','DD-MON-RR HH.MI.SSXFF AM'),'sell',7890,75412,188.63395801121248,103,'UPSTOX',0);
Insert into TRADES (TRADE_ID,TRADER,TIMESTAMP,BUY_SELL,SECURITY,QUANTITY,DEAL_PRICE,FIRM,BROKER,IS_WASHTRADE) values (100533,'SHAR5F6A',to_timestamp('08-SEP-19 11.23.48.197000000 AM','DD-MON-RR HH.MI.SSXFF AM'),'sell',3030,68520,122.83478429037577,102,'SHAREKHAN',0);
Insert into TRADES (TRADE_ID,TRADER,TIMESTAMP,BUY_SELL,SECURITY,QUANTITY,DEAL_PRICE,FIRM,BROKER,IS_WASHTRADE) values (100534,'HEIH0KV5',to_timestamp('08-SEP-19 12.42.33.370000000 AM','DD-MON-RR HH.MI.SSXFF AM'),'buy',1204,31401,121.86732780805136,102,'ANGEL BROKING',0);
Insert into TRADES (TRADE_ID,TRADER,TIMESTAMP,BUY_SELL,SECURITY,QUANTITY,DEAL_PRICE,FIRM,BROKER,IS_WASHTRADE) values (100535,'KAYQ9G6K',to_timestamp('08-SEP-19 09.56.35.688000000 AM','DD-MON-RR HH.MI.SSXFF AM'),'buy',3030,39688,194.17290436096965,101,'SHAREKHAN',0);
Insert into TRADES (TRADE_ID,TRADER,TIMESTAMP,BUY_SELL,SECURITY,QUANTITY,DEAL_PRICE,FIRM,BROKER,IS_WASHTRADE) values (100536,'BARFGP3P',to_timestamp('08-SEP-19 01.24.55.189000000 PM','DD-MON-RR HH.MI.SSXFF AM'),'buy',9811,20655,192.9551073340196,103,'5PAISA',0);
Insert into TRADES (TRADE_ID,TRADER,TIMESTAMP,BUY_SELL,SECURITY,QUANTITY,DEAL_PRICE,FIRM,BROKER,IS_WASHTRADE) values (100537,'CAR6HVK9',to_timestamp('08-SEP-19 07.50.50.237000000 PM','DD-MON-RR HH.MI.SSXFF AM'),'buy',7890,27423,183.86258605492034,101,'ICICI DIRECT',0);
Insert into TRADES (TRADE_ID,TRADER,TIMESTAMP,BUY_SELL,SECURITY,QUANTITY,DEAL_PRICE,FIRM,BROKER,IS_WASHTRADE) values (100538,'JYOKHC89',to_timestamp('08-SEP-19 10.49.35.901000000 PM','DD-MON-RR HH.MI.SSXFF AM'),'sell',1204,30495,121.88546852046815,102,'MOTILAL OSWAL',0);
Insert into TRADES (TRADE_ID,TRADER,TIMESTAMP,BUY_SELL,SECURITY,QUANTITY,DEAL_PRICE,FIRM,BROKER,IS_WASHTRADE) values (100539,'ZACH95GA',to_timestamp('08-SEP-19 06.25.20.558000000 PM','DD-MON-RR HH.MI.SSXFF AM'),'sell',1204,65887,194.8005427667714,101,'SHAREKHAN',0);
Insert into TRADES (TRADE_ID,TRADER,TIMESTAMP,BUY_SELL,SECURITY,QUANTITY,DEAL_PRICE,FIRM,BROKER,IS_WASHTRADE) values (100540,'TRAR9876',to_timestamp('08-SEP-19 03.50.42.442000000 AM','DD-MON-RR HH.MI.SSXFF AM'),'buy',3030,95631,193.7170696481842,101,'UPSTOX',0);
Insert into TRADES (TRADE_ID,TRADER,TIMESTAMP,BUY_SELL,SECURITY,QUANTITY,DEAL_PRICE,FIRM,BROKER,IS_WASHTRADE) values (100541,'SHEMG1R5',to_timestamp('08-SEP-19 11.14.38.850000000 PM','DD-MON-RR HH.MI.SSXFF AM'),'sell',3030,56630,200.39337549818924,103,'ZERODHA',0);
Insert into TRADES (TRADE_ID,TRADER,TIMESTAMP,BUY_SELL,SECURITY,QUANTITY,DEAL_PRICE,FIRM,BROKER,IS_WASHTRADE) values (100542,'FATE532B',to_timestamp('08-SEP-19 02.05.01.925000000 AM','DD-MON-RR HH.MI.SSXFF AM'),'buy',3030,38060,193.31143486228947,101,'UPSTOX',0);
Insert into TRADES (TRADE_ID,TRADER,TIMESTAMP,BUY_SELL,SECURITY,QUANTITY,DEAL_PRICE,FIRM,BROKER,IS_WASHTRADE) values (100543,'MITOGN0B',to_timestamp('08-SEP-19 04.26.50.105000000 PM','DD-MON-RR HH.MI.SSXFF AM'),'buy',3030,50809,195.7388026011095,101,'ICICI DIRECT',0);
Insert into TRADES (TRADE_ID,TRADER,TIMESTAMP,BUY_SELL,SECURITY,QUANTITY,DEAL_PRICE,FIRM,BROKER,IS_WASHTRADE) values (100544,'ALISYIGU',to_timestamp('08-SEP-19 03.36.03.406000000 PM','DD-MON-RR HH.MI.SSXFF AM'),'buy',7890,30139,186.46758084629678,101,'ICICI DIRECT',0);
Insert into TRADES (TRADE_ID,TRADER,TIMESTAMP,BUY_SELL,SECURITY,QUANTITY,DEAL_PRICE,FIRM,BROKER,IS_WASHTRADE) values (100545,'DEAU7LQT',to_timestamp('08-SEP-19 02.07.19.006000000 AM','DD-MON-RR HH.MI.SSXFF AM'),'buy',7890,31181,116.07049982931937,102,'FYERS',0);
Insert into TRADES (TRADE_ID,TRADER,TIMESTAMP,BUY_SELL,SECURITY,QUANTITY,DEAL_PRICE,FIRM,BROKER,IS_WASHTRADE) values (100546,'GEON2IB3',to_timestamp('08-SEP-19 12.35.08.825000000 AM','DD-MON-RR HH.MI.SSXFF AM'),'sell',1204,4766,122.88348631205758,102,'UPSTOX',0);
Insert into TRADES (TRADE_ID,TRADER,TIMESTAMP,BUY_SELL,SECURITY,QUANTITY,DEAL_PRICE,FIRM,BROKER,IS_WASHTRADE) values (100547,'TRAPRNSK',to_timestamp('08-SEP-19 09.31.37.516000000 PM','DD-MON-RR HH.MI.SSXFF AM'),'sell',3030,50005,122.88206208795468,102,'SHAREKHAN',0);
Insert into TRADES (TRADE_ID,TRADER,TIMESTAMP,BUY_SELL,SECURITY,QUANTITY,DEAL_PRICE,FIRM,BROKER,IS_WASHTRADE) values (100548,'GINU6KRU',to_timestamp('08-SEP-19 09.13.44.168000000 PM','DD-MON-RR HH.MI.SSXFF AM'),'buy',1204,92212,194.38548177414492,101,'SHAREKHAN',0);
Insert into TRADES (TRADE_ID,TRADER,TIMESTAMP,BUY_SELL,SECURITY,QUANTITY,DEAL_PRICE,FIRM,BROKER,IS_WASHTRADE) values (100549,'MARVVKA6',to_timestamp('08-SEP-19 05.16.12.281000000 AM','DD-MON-RR HH.MI.SSXFF AM'),'sell',7890,88652,190.6965090445392,103,'SHAREKHAN',0);
Insert into TRADES (TRADE_ID,TRADER,TIMESTAMP,BUY_SELL,SECURITY,QUANTITY,DEAL_PRICE,FIRM,BROKER,IS_WASHTRADE) values (100550,'DAR2Y9UG',to_timestamp('08-SEP-19 05.52.24.826000000 PM','DD-MON-RR HH.MI.SSXFF AM'),'buy',7890,88960,188.99654733350724,103,'5PAISA',0);
Insert into TRADES (TRADE_ID,TRADER,TIMESTAMP,BUY_SELL,SECURITY,QUANTITY,DEAL_PRICE,FIRM,BROKER,IS_WASHTRADE) values (100551,'STEAL7IA',to_timestamp('08-SEP-19 02.33.08.496000000 AM','DD-MON-RR HH.MI.SSXFF AM'),'sell',7890,47372,184.42685533836908,101,'ICICI DIRECT',0);
Insert into TRADES (TRADE_ID,TRADER,TIMESTAMP,BUY_SELL,SECURITY,QUANTITY,DEAL_PRICE,FIRM,BROKER,IS_WASHTRADE) values (100552,'THEEYM5S',to_timestamp('08-SEP-19 09.27.32.320000000 AM','DD-MON-RR HH.MI.SSXFF AM'),'buy',3030,42626,193.66712478984292,101,'ANGEL BROKING',0);
Insert into TRADES (TRADE_ID,TRADER,TIMESTAMP,BUY_SELL,SECURITY,QUANTITY,DEAL_PRICE,FIRM,BROKER,IS_WASHTRADE) values (100553,'HEASKT3D',to_timestamp('08-SEP-19 10.56.40.270000000 AM','DD-MON-RR HH.MI.SSXFF AM'),'buy',7890,57327,116.63332793335574,102,'5PAISA',0);
Insert into TRADES (TRADE_ID,TRADER,TIMESTAMP,BUY_SELL,SECURITY,QUANTITY,DEAL_PRICE,FIRM,BROKER,IS_WASHTRADE) values (100554,'ALADF547',to_timestamp('08-SEP-19 01.33.31.815000000 AM','DD-MON-RR HH.MI.SSXFF AM'),'sell',3030,17217,122.47570817217746,102,'ICICI DIRECT',0);
Insert into TRADES (TRADE_ID,TRADER,TIMESTAMP,BUY_SELL,SECURITY,QUANTITY,DEAL_PRICE,FIRM,BROKER,IS_WASHTRADE) values (100555,'COUL2KB0',to_timestamp('08-SEP-19 12.12.31.242000000 AM','DD-MON-RR HH.MI.SSXFF AM'),'sell',7890,39532,190.54404921938806,103,'5PAISA',0);
Insert into TRADES (TRADE_ID,TRADER,TIMESTAMP,BUY_SELL,SECURITY,QUANTITY,DEAL_PRICE,FIRM,BROKER,IS_WASHTRADE) values (100556,'NICZZRQQ',to_timestamp('08-SEP-19 12.42.01.039000000 AM','DD-MON-RR HH.MI.SSXFF AM'),'sell',3030,27386,123.50312283181424,102,'FYERS',0);
Insert into TRADES (TRADE_ID,TRADER,TIMESTAMP,BUY_SELL,SECURITY,QUANTITY,DEAL_PRICE,FIRM,BROKER,IS_WASHTRADE) values (100557,'JUAFOXS2',to_timestamp('08-SEP-19 07.04.37.531000000 PM','DD-MON-RR HH.MI.SSXFF AM'),'buy',1204,26121,121.9392394878674,102,'UPSTOX',0);
Insert into TRADES (TRADE_ID,TRADER,TIMESTAMP,BUY_SELL,SECURITY,QUANTITY,DEAL_PRICE,FIRM,BROKER,IS_WASHTRADE) values (100558,'TIMPUTKJ',to_timestamp('08-SEP-19 09.12.40.323000000 AM','DD-MON-RR HH.MI.SSXFF AM'),'sell',1204,47584,122.69573712151252,102,'ICICI DIRECT',0);
Insert into TRADES (TRADE_ID,TRADER,TIMESTAMP,BUY_SELL,SECURITY,QUANTITY,DEAL_PRICE,FIRM,BROKER,IS_WASHTRADE) values (100559,'MARMLHA7',to_timestamp('08-SEP-19 05.38.52.429000000 PM','DD-MON-RR HH.MI.SSXFF AM'),'buy',1204,96423,197.27863177747162,103,'5PAISA',0);
Insert into TRADES (TRADE_ID,TRADER,TIMESTAMP,BUY_SELL,SECURITY,QUANTITY,DEAL_PRICE,FIRM,BROKER,IS_WASHTRADE) values (100560,'JAKWVAYB',to_timestamp('08-SEP-19 02.02.30.162000000 PM','DD-MON-RR HH.MI.SSXFF AM'),'buy',9811,64207,118.94994698896417,102,'SHAREKHAN',0);
Insert into TRADES (TRADE_ID,TRADER,TIMESTAMP,BUY_SELL,SECURITY,QUANTITY,DEAL_PRICE,FIRM,BROKER,IS_WASHTRADE) values (100561,'LAU5LGLD',to_timestamp('08-SEP-19 11.34.13.099000000 PM','DD-MON-RR HH.MI.SSXFF AM'),'buy',1204,57283,194.88335752457738,101,'ICICI DIRECT',0);
Insert into TRADES (TRADE_ID,TRADER,TIMESTAMP,BUY_SELL,SECURITY,QUANTITY,DEAL_PRICE,FIRM,BROKER,IS_WASHTRADE) values (100562,'FAIQQVEK',to_timestamp('08-SEP-19 10.40.46.171000000 PM','DD-MON-RR HH.MI.SSXFF AM'),'sell',7890,99911,117.72117324795724,102,'ICICI DIRECT',0);
Insert into TRADES (TRADE_ID,TRADER,TIMESTAMP,BUY_SELL,SECURITY,QUANTITY,DEAL_PRICE,FIRM,BROKER,IS_WASHTRADE) values (100563,'TRAYHS5Z',to_timestamp('08-SEP-19 11.14.07.931000000 PM','DD-MON-RR HH.MI.SSXFF AM'),'buy',7890,78024,183.89557256003286,101,'ZERODHA',0);
Insert into TRADES (TRADE_ID,TRADER,TIMESTAMP,BUY_SELL,SECURITY,QUANTITY,DEAL_PRICE,FIRM,BROKER,IS_WASHTRADE) values (100564,'CHE9I7EY',to_timestamp('08-SEP-19 01.38.10.949000000 PM','DD-MON-RR HH.MI.SSXFF AM'),'sell',9811,29067,192.59705299896325,103,'ICICI DIRECT',0);
Insert into TRADES (TRADE_ID,TRADER,TIMESTAMP,BUY_SELL,SECURITY,QUANTITY,DEAL_PRICE,FIRM,BROKER,IS_WASHTRADE) values (100565,'BRIHFIYO',to_timestamp('08-SEP-19 03.54.54.022000000 AM','DD-MON-RR HH.MI.SSXFF AM'),'buy',1204,68463,199.00241345491148,103,'5PAISA',0);
Insert into TRADES (TRADE_ID,TRADER,TIMESTAMP,BUY_SELL,SECURITY,QUANTITY,DEAL_PRICE,FIRM,BROKER,IS_WASHTRADE) values (100566,'THEEYM5S',to_timestamp('08-SEP-19 05.36.47.701000000 PM','DD-MON-RR HH.MI.SSXFF AM'),'buy',1204,63672,197.57993227579757,103,'ANGEL BROKING',0);
Insert into TRADES (TRADE_ID,TRADER,TIMESTAMP,BUY_SELL,SECURITY,QUANTITY,DEAL_PRICE,FIRM,BROKER,IS_WASHTRADE) values (100567,'BRYNLFU0',to_timestamp('08-SEP-19 09.43.01.396000000 PM','DD-MON-RR HH.MI.SSXFF AM'),'buy',3030,36215,195.48824314366587,101,'ANGEL BROKING',0);
Insert into TRADES (TRADE_ID,TRADER,TIMESTAMP,BUY_SELL,SECURITY,QUANTITY,DEAL_PRICE,FIRM,BROKER,IS_WASHTRADE) values (100568,'JES3RBBJ',to_timestamp('08-SEP-19 07.18.40.643000000 AM','DD-MON-RR HH.MI.SSXFF AM'),'sell',1204,9850,193.15352411637005,101,'SHAREKHAN',0);
Insert into TRADES (TRADE_ID,TRADER,TIMESTAMP,BUY_SELL,SECURITY,QUANTITY,DEAL_PRICE,FIRM,BROKER,IS_WASHTRADE) values (100569,'DIAXXBKW',to_timestamp('08-SEP-19 08.15.58.649000000 PM','DD-MON-RR HH.MI.SSXFF AM'),'sell',9811,56468,192.72744308713064,103,'5PAISA',0);
Insert into TRADES (TRADE_ID,TRADER,TIMESTAMP,BUY_SELL,SECURITY,QUANTITY,DEAL_PRICE,FIRM,BROKER,IS_WASHTRADE) values (100570,'JOECW7BS',to_timestamp('08-SEP-19 01.17.11.823000000 PM','DD-MON-RR HH.MI.SSXFF AM'),'sell',7890,9472,185.39150501973705,101,'ANGEL BROKING',0);
Insert into TRADES (TRADE_ID,TRADER,TIMESTAMP,BUY_SELL,SECURITY,QUANTITY,DEAL_PRICE,FIRM,BROKER,IS_WASHTRADE) values (100571,'ROGJLA4F',to_timestamp('08-SEP-19 11.25.08.152000000 PM','DD-MON-RR HH.MI.SSXFF AM'),'sell',1204,73868,197.80120609609148,103,'FYERS',0);
Insert into TRADES (TRADE_ID,TRADER,TIMESTAMP,BUY_SELL,SECURITY,QUANTITY,DEAL_PRICE,FIRM,BROKER,IS_WASHTRADE) values (100572,'SAN99MVO',to_timestamp('08-SEP-19 03.57.12.241000000 PM','DD-MON-RR HH.MI.SSXFF AM'),'buy',1204,71396,193.7286242198479,101,'5PAISA',0);
Insert into TRADES (TRADE_ID,TRADER,TIMESTAMP,BUY_SELL,SECURITY,QUANTITY,DEAL_PRICE,FIRM,BROKER,IS_WASHTRADE) values (100573,'BARFGP3P',to_timestamp('08-SEP-19 03.45.41.911000000 PM','DD-MON-RR HH.MI.SSXFF AM'),'sell',7890,76932,117.82085857630281,102,'ICICI DIRECT',0);
Insert into TRADES (TRADE_ID,TRADER,TIMESTAMP,BUY_SELL,SECURITY,QUANTITY,DEAL_PRICE,FIRM,BROKER,IS_WASHTRADE) values (100574,'CHAF8FKO',to_timestamp('08-SEP-19 06.54.46.532000000 PM','DD-MON-RR HH.MI.SSXFF AM'),'sell',7890,7755,189.29524468607647,103,'5PAISA',0);
Insert into TRADES (TRADE_ID,TRADER,TIMESTAMP,BUY_SELL,SECURITY,QUANTITY,DEAL_PRICE,FIRM,BROKER,IS_WASHTRADE) values (100575,'REBF1PYG',to_timestamp('08-SEP-19 05.07.26.275000000 PM','DD-MON-RR HH.MI.SSXFF AM'),'buy',7890,2086,183.70069248730758,101,'SHAREKHAN',0);
Insert into TRADES (TRADE_ID,TRADER,TIMESTAMP,BUY_SELL,SECURITY,QUANTITY,DEAL_PRICE,FIRM,BROKER,IS_WASHTRADE) values (100576,'RANBFEVF',to_timestamp('08-SEP-19 06.41.04.309000000 PM','DD-MON-RR HH.MI.SSXFF AM'),'buy',9811,34863,120.1905239013848,102,'ANGEL BROKING',0);
Insert into TRADES (TRADE_ID,TRADER,TIMESTAMP,BUY_SELL,SECURITY,QUANTITY,DEAL_PRICE,FIRM,BROKER,IS_WASHTRADE) values (100577,'STEAL7IA',to_timestamp('08-SEP-19 04.15.49.077000000 PM','DD-MON-RR HH.MI.SSXFF AM'),'buy',3030,83211,195.2204102000683,101,'ZERODHA',0);
Insert into TRADES (TRADE_ID,TRADER,TIMESTAMP,BUY_SELL,SECURITY,QUANTITY,DEAL_PRICE,FIRM,BROKER,IS_WASHTRADE) values (100578,'BOBRHF4X',to_timestamp('08-SEP-19 08.28.26.892000000 PM','DD-MON-RR HH.MI.SSXFF AM'),'sell',9811,44484,194.93619252737875,103,'ZERODHA',0);
Insert into TRADES (TRADE_ID,TRADER,TIMESTAMP,BUY_SELL,SECURITY,QUANTITY,DEAL_PRICE,FIRM,BROKER,IS_WASHTRADE) values (100579,'JEF6G3PC',to_timestamp('08-SEP-19 11.02.01.088000000 AM','DD-MON-RR HH.MI.SSXFF AM'),'sell',1204,25021,122.53011490597008,102,'ZERODHA',0);
Insert into TRADES (TRADE_ID,TRADER,TIMESTAMP,BUY_SELL,SECURITY,QUANTITY,DEAL_PRICE,FIRM,BROKER,IS_WASHTRADE) values (100580,'HEIH0KV5',to_timestamp('08-SEP-19 06.02.55.061000000 AM','DD-MON-RR HH.MI.SSXFF AM'),'buy',7890,61791,190.82466614481604,103,'ANGEL BROKING',0);
Insert into TRADES (TRADE_ID,TRADER,TIMESTAMP,BUY_SELL,SECURITY,QUANTITY,DEAL_PRICE,FIRM,BROKER,IS_WASHTRADE) values (100581,'LAWQYSHX',to_timestamp('08-SEP-19 02.51.28.945000000 PM','DD-MON-RR HH.MI.SSXFF AM'),'sell',3030,59798,200.77215025582973,103,'UPSTOX',0);
Insert into TRADES (TRADE_ID,TRADER,TIMESTAMP,BUY_SELL,SECURITY,QUANTITY,DEAL_PRICE,FIRM,BROKER,IS_WASHTRADE) values (100582,'CHAF8FKO',to_timestamp('08-SEP-19 08.40.30.898000000 AM','DD-MON-RR HH.MI.SSXFF AM'),'sell',1204,28628,197.82894662501053,103,'ICICI DIRECT',0);
Insert into TRADES (TRADE_ID,TRADER,TIMESTAMP,BUY_SELL,SECURITY,QUANTITY,DEAL_PRICE,FIRM,BROKER,IS_WASHTRADE) values (100583,'NICZZRQQ',to_timestamp('08-SEP-19 03.45.13.679000000 PM','DD-MON-RR HH.MI.SSXFF AM'),'sell',3030,90387,199.32930281667188,103,'5PAISA',0);
Insert into TRADES (TRADE_ID,TRADER,TIMESTAMP,BUY_SELL,SECURITY,QUANTITY,DEAL_PRICE,FIRM,BROKER,IS_WASHTRADE) values (100584,'DANP3AAE',to_timestamp('08-SEP-19 01.23.44.240000000 PM','DD-MON-RR HH.MI.SSXFF AM'),'sell',1204,52987,199.89098353909404,103,'FYERS',0);
Insert into TRADES (TRADE_ID,TRADER,TIMESTAMP,BUY_SELL,SECURITY,QUANTITY,DEAL_PRICE,FIRM,BROKER,IS_WASHTRADE) values (100585,'BRECM5SC',to_timestamp('08-SEP-19 12.20.11.731000000 AM','DD-MON-RR HH.MI.SSXFF AM'),'buy',9811,68152,187.2397420941639,101,'UPSTOX',0);
Insert into TRADES (TRADE_ID,TRADER,TIMESTAMP,BUY_SELL,SECURITY,QUANTITY,DEAL_PRICE,FIRM,BROKER,IS_WASHTRADE) values (100586,'ZAC15CCX',to_timestamp('08-SEP-19 01.58.10.950000000 PM','DD-MON-RR HH.MI.SSXFF AM'),'sell',9811,98458,189.68581382710525,101,'5PAISA',0);
Insert into TRADES (TRADE_ID,TRADER,TIMESTAMP,BUY_SELL,SECURITY,QUANTITY,DEAL_PRICE,FIRM,BROKER,IS_WASHTRADE) values (100587,'RITBY9F1',to_timestamp('08-SEP-19 07.30.48.394000000 AM','DD-MON-RR HH.MI.SSXFF AM'),'sell',1204,2555,198.15712756351425,103,'ICICI DIRECT',0);
Insert into TRADES (TRADE_ID,TRADER,TIMESTAMP,BUY_SELL,SECURITY,QUANTITY,DEAL_PRICE,FIRM,BROKER,IS_WASHTRADE) values (100588,'KATGCHI5',to_timestamp('08-SEP-19 11.21.25.785000000 AM','DD-MON-RR HH.MI.SSXFF AM'),'sell',9811,11329,119.06007771740892,102,'SHAREKHAN',0);
Insert into TRADES (TRADE_ID,TRADER,TIMESTAMP,BUY_SELL,SECURITY,QUANTITY,DEAL_PRICE,FIRM,BROKER,IS_WASHTRADE) values (100589,'CHRS30RF',to_timestamp('08-SEP-19 03.32.31.351000000 PM','DD-MON-RR HH.MI.SSXFF AM'),'buy',9811,80568,188.11081732073086,101,'ZERODHA',0);
Insert into TRADES (TRADE_ID,TRADER,TIMESTAMP,BUY_SELL,SECURITY,QUANTITY,DEAL_PRICE,FIRM,BROKER,IS_WASHTRADE) values (100590,'WILSEBES',to_timestamp('08-SEP-19 08.41.16.085000000 PM','DD-MON-RR HH.MI.SSXFF AM'),'sell',3030,28764,200.8561351598266,103,'ANGEL BROKING',0);
Insert into TRADES (TRADE_ID,TRADER,TIMESTAMP,BUY_SELL,SECURITY,QUANTITY,DEAL_PRICE,FIRM,BROKER,IS_WASHTRADE) values (100591,'CATCA8NP',to_timestamp('08-SEP-19 08.50.58.715000000 PM','DD-MON-RR HH.MI.SSXFF AM'),'buy',7890,46165,115.62627630755809,102,'ICICI DIRECT',0);
Insert into TRADES (TRADE_ID,TRADER,TIMESTAMP,BUY_SELL,SECURITY,QUANTITY,DEAL_PRICE,FIRM,BROKER,IS_WASHTRADE) values (100592,'SYDEJ33S',to_timestamp('08-SEP-19 03.46.13.586000000 PM','DD-MON-RR HH.MI.SSXFF AM'),'buy',3030,55695,198.72072997046877,103,'MOTILAL OSWAL',0);
Insert into TRADES (TRADE_ID,TRADER,TIMESTAMP,BUY_SELL,SECURITY,QUANTITY,DEAL_PRICE,FIRM,BROKER,IS_WASHTRADE) values (100593,'JANYOUWQ',to_timestamp('08-SEP-19 08.51.06.110000000 PM','DD-MON-RR HH.MI.SSXFF AM'),'sell',9811,96155,189.3699549262189,101,'ANGEL BROKING',0);
Insert into TRADES (TRADE_ID,TRADER,TIMESTAMP,BUY_SELL,SECURITY,QUANTITY,DEAL_PRICE,FIRM,BROKER,IS_WASHTRADE) values (100594,'DAR2Y9UG',to_timestamp('08-SEP-19 07.08.09.499000000 AM','DD-MON-RR HH.MI.SSXFF AM'),'sell',3030,40992,197.82609662640684,103,'5PAISA',0);
Insert into TRADES (TRADE_ID,TRADER,TIMESTAMP,BUY_SELL,SECURITY,QUANTITY,DEAL_PRICE,FIRM,BROKER,IS_WASHTRADE) values (100595,'DAVYDUWM',to_timestamp('08-SEP-19 01.45.55.203000000 AM','DD-MON-RR HH.MI.SSXFF AM'),'buy',7890,48410,116.21384269844671,102,'ZERODHA',0);
Insert into TRADES (TRADE_ID,TRADER,TIMESTAMP,BUY_SELL,SECURITY,QUANTITY,DEAL_PRICE,FIRM,BROKER,IS_WASHTRADE) values (100596,'DAW9KSVT',to_timestamp('08-SEP-19 05.37.02.033000000 PM','DD-MON-RR HH.MI.SSXFF AM'),'sell',1204,75680,122.69845267132254,102,'ICICI DIRECT',0);
Insert into TRADES (TRADE_ID,TRADER,TIMESTAMP,BUY_SELL,SECURITY,QUANTITY,DEAL_PRICE,FIRM,BROKER,IS_WASHTRADE) values (100597,'FATE532B',to_timestamp('08-SEP-19 02.13.26.246000000 AM','DD-MON-RR HH.MI.SSXFF AM'),'buy',7890,88722,116.32755511091355,102,'MOTILAL OSWAL',0);
Insert into TRADES (TRADE_ID,TRADER,TIMESTAMP,BUY_SELL,SECURITY,QUANTITY,DEAL_PRICE,FIRM,BROKER,IS_WASHTRADE) values (100598,'BABECQS4',to_timestamp('08-SEP-19 02.07.15.210000000 AM','DD-MON-RR HH.MI.SSXFF AM'),'sell',3030,6219,121.68759621694161,102,'FYERS',0);
Insert into TRADES (TRADE_ID,TRADER,TIMESTAMP,BUY_SELL,SECURITY,QUANTITY,DEAL_PRICE,FIRM,BROKER,IS_WASHTRADE) values (100599,'JOHT9HLP',to_timestamp('08-SEP-19 04.53.23.634000000 PM','DD-MON-RR HH.MI.SSXFF AM'),'buy',3030,83507,194.43874944668693,101,'ANGEL BROKING',0);
Insert into TRADES (TRADE_ID,TRADER,TIMESTAMP,BUY_SELL,SECURITY,QUANTITY,DEAL_PRICE,FIRM,BROKER,IS_WASHTRADE) values (100600,'ALLNKK5B',to_timestamp('08-SEP-19 12.30.22.434000000 PM','DD-MON-RR HH.MI.SSXFF AM'),'sell',9811,37388,188.5638865356092,101,'ICICI DIRECT',0);
Insert into TRADES (TRADE_ID,TRADER,TIMESTAMP,BUY_SELL,SECURITY,QUANTITY,DEAL_PRICE,FIRM,BROKER,IS_WASHTRADE) values (100601,'SARVG1XN',to_timestamp('08-SEP-19 11.17.03.693000000 PM','DD-MON-RR HH.MI.SSXFF AM'),'sell',9811,54995,191.84006575301296,103,'SHAREKHAN',0);
Insert into TRADES (TRADE_ID,TRADER,TIMESTAMP,BUY_SELL,SECURITY,QUANTITY,DEAL_PRICE,FIRM,BROKER,IS_WASHTRADE) values (100602,'CHRBN6M5',to_timestamp('08-SEP-19 10.40.16.974000000 PM','DD-MON-RR HH.MI.SSXFF AM'),'buy',3030,17258,193.141577573048,101,'ICICI DIRECT',0);
Insert into TRADES (TRADE_ID,TRADER,TIMESTAMP,BUY_SELL,SECURITY,QUANTITY,DEAL_PRICE,FIRM,BROKER,IS_WASHTRADE) values (100603,'BREUTPIM',to_timestamp('08-SEP-19 05.38.29.405000000 PM','DD-MON-RR HH.MI.SSXFF AM'),'sell',9811,23636,118.24230997353965,102,'ANGEL BROKING',0);
Insert into TRADES (TRADE_ID,TRADER,TIMESTAMP,BUY_SELL,SECURITY,QUANTITY,DEAL_PRICE,FIRM,BROKER,IS_WASHTRADE) values (100604,'VIC62V98',to_timestamp('08-SEP-19 10.11.47.009000000 PM','DD-MON-RR HH.MI.SSXFF AM'),'buy',9811,83810,188.30006884935258,101,'ANGEL BROKING',0);
Insert into TRADES (TRADE_ID,TRADER,TIMESTAMP,BUY_SELL,SECURITY,QUANTITY,DEAL_PRICE,FIRM,BROKER,IS_WASHTRADE) values (100605,'GAU7P0MO',to_timestamp('08-SEP-19 11.17.34.459000000 AM','DD-MON-RR HH.MI.SSXFF AM'),'buy',9811,46452,189.72974689966875,101,'FYERS',0);
Insert into TRADES (TRADE_ID,TRADER,TIMESTAMP,BUY_SELL,SECURITY,QUANTITY,DEAL_PRICE,FIRM,BROKER,IS_WASHTRADE) values (100606,'JANYOUWQ',to_timestamp('08-SEP-19 12.30.18.414000000 AM','DD-MON-RR HH.MI.SSXFF AM'),'buy',9811,80141,188.9983748567538,101,'ANGEL BROKING',0);
Insert into TRADES (TRADE_ID,TRADER,TIMESTAMP,BUY_SELL,SECURITY,QUANTITY,DEAL_PRICE,FIRM,BROKER,IS_WASHTRADE) values (100708,'REBF1PYG',to_timestamp('08-SEP-19 02.18.37.366000000 AM','DD-MON-RR HH.MI.SSXFF AM'),'sell',3030,64345,195.1941481184873,101,'5PAISA',0);
Insert into TRADES (TRADE_ID,TRADER,TIMESTAMP,BUY_SELL,SECURITY,QUANTITY,DEAL_PRICE,FIRM,BROKER,IS_WASHTRADE) values (100709,'JACHZRQ9',to_timestamp('08-SEP-19 02.27.33.158000000 AM','DD-MON-RR HH.MI.SSXFF AM'),'buy',1204,55147,122.97596945277995,102,'ANGEL BROKING',0);
Insert into TRADES (TRADE_ID,TRADER,TIMESTAMP,BUY_SELL,SECURITY,QUANTITY,DEAL_PRICE,FIRM,BROKER,IS_WASHTRADE) values (100710,'CAR6Y40A',to_timestamp('08-SEP-19 03.47.24.876000000 AM','DD-MON-RR HH.MI.SSXFF AM'),'buy',3030,58247,195.30970589704773,101,'5PAISA',0);
Insert into TRADES (TRADE_ID,TRADER,TIMESTAMP,BUY_SELL,SECURITY,QUANTITY,DEAL_PRICE,FIRM,BROKER,IS_WASHTRADE) values (100711,'BREPZN29',to_timestamp('08-SEP-19 04.47.22.525000000 PM','DD-MON-RR HH.MI.SSXFF AM'),'buy',7890,43658,116.08112280567778,102,'ICICI DIRECT',0);
Insert into TRADES (TRADE_ID,TRADER,TIMESTAMP,BUY_SELL,SECURITY,QUANTITY,DEAL_PRICE,FIRM,BROKER,IS_WASHTRADE) values (100712,'TIMS68K7',to_timestamp('08-SEP-19 11.35.11.575000000 AM','DD-MON-RR HH.MI.SSXFF AM'),'buy',3030,32436,195.6348091505582,101,'FYERS',0);
Insert into TRADES (TRADE_ID,TRADER,TIMESTAMP,BUY_SELL,SECURITY,QUANTITY,DEAL_PRICE,FIRM,BROKER,IS_WASHTRADE) values (100713,'COLS34TU',to_timestamp('08-SEP-19 06.41.06.199000000 AM','DD-MON-RR HH.MI.SSXFF AM'),'buy',3030,58777,194.41445898465602,101,'SHAREKHAN',0);
Insert into TRADES (TRADE_ID,TRADER,TIMESTAMP,BUY_SELL,SECURITY,QUANTITY,DEAL_PRICE,FIRM,BROKER,IS_WASHTRADE) values (100714,'BRO2RMHS',to_timestamp('08-SEP-19 06.28.57.374000000 PM','DD-MON-RR HH.MI.SSXFF AM'),'buy',9811,44348,190.3907264775005,101,'MOTILAL OSWAL',0);
Insert into TRADES (TRADE_ID,TRADER,TIMESTAMP,BUY_SELL,SECURITY,QUANTITY,DEAL_PRICE,FIRM,BROKER,IS_WASHTRADE) values (100715,'BOBRHF4X',to_timestamp('08-SEP-19 07.26.50.131000000 AM','DD-MON-RR HH.MI.SSXFF AM'),'buy',1204,86333,122.72153858075183,102,'ICICI DIRECT',0);
Insert into TRADES (TRADE_ID,TRADER,TIMESTAMP,BUY_SELL,SECURITY,QUANTITY,DEAL_PRICE,FIRM,BROKER,IS_WASHTRADE) values (100716,'FATE532B',to_timestamp('08-SEP-19 05.46.49.688000000 PM','DD-MON-RR HH.MI.SSXFF AM'),'buy',3030,60646,200.69427971174989,103,'ICICI DIRECT',0);
Insert into TRADES (TRADE_ID,TRADER,TIMESTAMP,BUY_SELL,SECURITY,QUANTITY,DEAL_PRICE,FIRM,BROKER,IS_WASHTRADE) values (100717,'GEON2IB3',to_timestamp('08-SEP-19 02.21.50.199000000 AM','DD-MON-RR HH.MI.SSXFF AM'),'sell',1204,14797,121.63099622514848,102,'5PAISA',0);
Insert into TRADES (TRADE_ID,TRADER,TIMESTAMP,BUY_SELL,SECURITY,QUANTITY,DEAL_PRICE,FIRM,BROKER,IS_WASHTRADE) values (100718,'CHAU7OK3',to_timestamp('08-SEP-19 11.27.37.350000000 PM','DD-MON-RR HH.MI.SSXFF AM'),'buy',3030,99363,194.32995081682338,101,'ANGEL BROKING',0);
Insert into TRADES (TRADE_ID,TRADER,TIMESTAMP,BUY_SELL,SECURITY,QUANTITY,DEAL_PRICE,FIRM,BROKER,IS_WASHTRADE) values (100719,'RANBFEVF',to_timestamp('08-SEP-19 03.35.03.158000000 AM','DD-MON-RR HH.MI.SSXFF AM'),'buy',1204,26087,199.21339838401357,103,'SHAREKHAN',0);
Insert into TRADES (TRADE_ID,TRADER,TIMESTAMP,BUY_SELL,SECURITY,QUANTITY,DEAL_PRICE,FIRM,BROKER,IS_WASHTRADE) values (100720,'BRO2RMHS',to_timestamp('08-SEP-19 12.23.43.201000000 AM','DD-MON-RR HH.MI.SSXFF AM'),'sell',1204,19560,194.11495320191466,101,'UPSTOX',0);
Insert into TRADES (TRADE_ID,TRADER,TIMESTAMP,BUY_SELL,SECURITY,QUANTITY,DEAL_PRICE,FIRM,BROKER,IS_WASHTRADE) values (100721,'HOWTYULH',to_timestamp('08-SEP-19 06.18.58.103000000 PM','DD-MON-RR HH.MI.SSXFF AM'),'sell',9811,18481,189.59727287616082,101,'FYERS',0);
Insert into TRADES (TRADE_ID,TRADER,TIMESTAMP,BUY_SELL,SECURITY,QUANTITY,DEAL_PRICE,FIRM,BROKER,IS_WASHTRADE) values (100722,'GAB8QU2G',to_timestamp('08-SEP-19 12.55.26.383000000 AM','DD-MON-RR HH.MI.SSXFF AM'),'sell',3030,88182,193.43438143784047,101,'ICICI DIRECT',0);
Insert into TRADES (TRADE_ID,TRADER,TIMESTAMP,BUY_SELL,SECURITY,QUANTITY,DEAL_PRICE,FIRM,BROKER,IS_WASHTRADE) values (100723,'LAUC4KJN',to_timestamp('08-SEP-19 08.00.11.195000000 AM','DD-MON-RR HH.MI.SSXFF AM'),'buy',1204,81718,122.44050093199569,102,'SHAREKHAN',0);
Insert into TRADES (TRADE_ID,TRADER,TIMESTAMP,BUY_SELL,SECURITY,QUANTITY,DEAL_PRICE,FIRM,BROKER,IS_WASHTRADE) values (100724,'DAKYZ7MS',to_timestamp('08-SEP-19 11.51.57.265000000 PM','DD-MON-RR HH.MI.SSXFF AM'),'buy',3030,72352,199.10613377687545,103,'ZERODHA',0);
Insert into TRADES (TRADE_ID,TRADER,TIMESTAMP,BUY_SELL,SECURITY,QUANTITY,DEAL_PRICE,FIRM,BROKER,IS_WASHTRADE) values (100725,'DAW9KSVT',to_timestamp('08-SEP-19 12.45.34.968000000 AM','DD-MON-RR HH.MI.SSXFF AM'),'sell',9811,96705,187.3384330814113,101,'5PAISA',0);
Insert into TRADES (TRADE_ID,TRADER,TIMESTAMP,BUY_SELL,SECURITY,QUANTITY,DEAL_PRICE,FIRM,BROKER,IS_WASHTRADE) values (100726,'ZACWEH7N',to_timestamp('08-SEP-19 12.37.51.793000000 PM','DD-MON-RR HH.MI.SSXFF AM'),'buy',7890,1613,116.8285089796331,102,'ICICI DIRECT',0);
Insert into TRADES (TRADE_ID,TRADER,TIMESTAMP,BUY_SELL,SECURITY,QUANTITY,DEAL_PRICE,FIRM,BROKER,IS_WASHTRADE) values (100727,'CAR6Y40A',to_timestamp('08-SEP-19 02.19.04.857000000 AM','DD-MON-RR HH.MI.SSXFF AM'),'sell',9811,2694,195.0033399931161,103,'MOTILAL OSWAL',0);
Insert into TRADES (TRADE_ID,TRADER,TIMESTAMP,BUY_SELL,SECURITY,QUANTITY,DEAL_PRICE,FIRM,BROKER,IS_WASHTRADE) values (100728,'NOROEFEG',to_timestamp('08-SEP-19 05.38.27.027000000 AM','DD-MON-RR HH.MI.SSXFF AM'),'buy',9811,57070,194.82960256280774,103,'MOTILAL OSWAL',0);
Insert into TRADES (TRADE_ID,TRADER,TIMESTAMP,BUY_SELL,SECURITY,QUANTITY,DEAL_PRICE,FIRM,BROKER,IS_WASHTRADE) values (100729,'HEIH0KV5',to_timestamp('08-SEP-19 09.11.54.116000000 PM','DD-MON-RR HH.MI.SSXFF AM'),'buy',3030,26605,123.85463456402236,102,'5PAISA',0);
Insert into TRADES (TRADE_ID,TRADER,TIMESTAMP,BUY_SELL,SECURITY,QUANTITY,DEAL_PRICE,FIRM,BROKER,IS_WASHTRADE) values (100730,'CHAU7OK3',to_timestamp('08-SEP-19 05.25.35.148000000 AM','DD-MON-RR HH.MI.SSXFF AM'),'buy',3030,20821,123.38755115213729,102,'ZERODHA',0);
Insert into TRADES (TRADE_ID,TRADER,TIMESTAMP,BUY_SELL,SECURITY,QUANTITY,DEAL_PRICE,FIRM,BROKER,IS_WASHTRADE) values (100731,'BAB9Q3TV',to_timestamp('08-SEP-19 05.17.58.278000000 PM','DD-MON-RR HH.MI.SSXFF AM'),'sell',9811,20523,194.3700424530936,103,'UPSTOX',0);
Insert into TRADES (TRADE_ID,TRADER,TIMESTAMP,BUY_SELL,SECURITY,QUANTITY,DEAL_PRICE,FIRM,BROKER,IS_WASHTRADE) values (100732,'DONFYZH2',to_timestamp('08-SEP-19 02.27.48.870000000 AM','DD-MON-RR HH.MI.SSXFF AM'),'sell',7890,75412,190.9786158806412,103,'UPSTOX',0);
Insert into TRADES (TRADE_ID,TRADER,TIMESTAMP,BUY_SELL,SECURITY,QUANTITY,DEAL_PRICE,FIRM,BROKER,IS_WASHTRADE) values (100733,'SHAR5F6A',to_timestamp('08-SEP-19 07.29.56.255000000 PM','DD-MON-RR HH.MI.SSXFF AM'),'sell',3030,68520,123.45896133181415,102,'SHAREKHAN',0);
Insert into TRADES (TRADE_ID,TRADER,TIMESTAMP,BUY_SELL,SECURITY,QUANTITY,DEAL_PRICE,FIRM,BROKER,IS_WASHTRADE) values (100734,'HEIH0KV5',to_timestamp('08-SEP-19 05.22.35.979000000 PM','DD-MON-RR HH.MI.SSXFF AM'),'buy',1204,31401,123.19698514920083,102,'ANGEL BROKING',0);
Insert into TRADES (TRADE_ID,TRADER,TIMESTAMP,BUY_SELL,SECURITY,QUANTITY,DEAL_PRICE,FIRM,BROKER,IS_WASHTRADE) values (100735,'KAYQ9G6K',to_timestamp('08-SEP-19 05.26.21.351000000 AM','DD-MON-RR HH.MI.SSXFF AM'),'buy',3030,39688,195.04281592499152,101,'SHAREKHAN',0);
Insert into TRADES (TRADE_ID,TRADER,TIMESTAMP,BUY_SELL,SECURITY,QUANTITY,DEAL_PRICE,FIRM,BROKER,IS_WASHTRADE) values (100736,'BARFGP3P',to_timestamp('08-SEP-19 07.18.34.399000000 PM','DD-MON-RR HH.MI.SSXFF AM'),'buy',9811,20655,194.02132196548303,103,'5PAISA',0);
Insert into TRADES (TRADE_ID,TRADER,TIMESTAMP,BUY_SELL,SECURITY,QUANTITY,DEAL_PRICE,FIRM,BROKER,IS_WASHTRADE) values (100737,'CAR6HVK9',to_timestamp('08-SEP-19 02.05.56.274000000 AM','DD-MON-RR HH.MI.SSXFF AM'),'buy',7890,27423,183.87574658919937,101,'ICICI DIRECT',0);
Insert into TRADES (TRADE_ID,TRADER,TIMESTAMP,BUY_SELL,SECURITY,QUANTITY,DEAL_PRICE,FIRM,BROKER,IS_WASHTRADE) values (100738,'JYOKHC89',to_timestamp('08-SEP-19 09.06.10.742000000 AM','DD-MON-RR HH.MI.SSXFF AM'),'sell',1204,30495,123.18527684288367,102,'MOTILAL OSWAL',0);
Insert into TRADES (TRADE_ID,TRADER,TIMESTAMP,BUY_SELL,SECURITY,QUANTITY,DEAL_PRICE,FIRM,BROKER,IS_WASHTRADE) values (100739,'ZACH95GA',to_timestamp('08-SEP-19 12.01.46.147000000 PM','DD-MON-RR HH.MI.SSXFF AM'),'sell',1204,65887,193.0556183688105,101,'SHAREKHAN',0);
Insert into TRADES (TRADE_ID,TRADER,TIMESTAMP,BUY_SELL,SECURITY,QUANTITY,DEAL_PRICE,FIRM,BROKER,IS_WASHTRADE) values (100740,'TRAR9876',to_timestamp('08-SEP-19 12.53.54.595000000 AM','DD-MON-RR HH.MI.SSXFF AM'),'buy',3030,95631,195.15248157169447,101,'UPSTOX',0);
Insert into TRADES (TRADE_ID,TRADER,TIMESTAMP,BUY_SELL,SECURITY,QUANTITY,DEAL_PRICE,FIRM,BROKER,IS_WASHTRADE) values (100741,'SHEMG1R5',to_timestamp('08-SEP-19 10.40.56.736000000 AM','DD-MON-RR HH.MI.SSXFF AM'),'sell',3030,56630,199.81071551349808,103,'ZERODHA',0);
Insert into TRADES (TRADE_ID,TRADER,TIMESTAMP,BUY_SELL,SECURITY,QUANTITY,DEAL_PRICE,FIRM,BROKER,IS_WASHTRADE) values (100742,'FATE532B',to_timestamp('08-SEP-19 05.44.36.613000000 PM','DD-MON-RR HH.MI.SSXFF AM'),'buy',3030,38060,195.79651386463766,101,'UPSTOX',0);
Insert into TRADES (TRADE_ID,TRADER,TIMESTAMP,BUY_SELL,SECURITY,QUANTITY,DEAL_PRICE,FIRM,BROKER,IS_WASHTRADE) values (100743,'MITOGN0B',to_timestamp('08-SEP-19 04.49.36.156000000 PM','DD-MON-RR HH.MI.SSXFF AM'),'buy',3030,50809,193.67783842286792,101,'ICICI DIRECT',0);
Insert into TRADES (TRADE_ID,TRADER,TIMESTAMP,BUY_SELL,SECURITY,QUANTITY,DEAL_PRICE,FIRM,BROKER,IS_WASHTRADE) values (100744,'ALISYIGU',to_timestamp('08-SEP-19 05.54.40.784000000 PM','DD-MON-RR HH.MI.SSXFF AM'),'buy',7890,30139,186.43943723883356,101,'ICICI DIRECT',0);
Insert into TRADES (TRADE_ID,TRADER,TIMESTAMP,BUY_SELL,SECURITY,QUANTITY,DEAL_PRICE,FIRM,BROKER,IS_WASHTRADE) values (100745,'DEAU7LQT',to_timestamp('08-SEP-19 02.48.41.498000000 AM','DD-MON-RR HH.MI.SSXFF AM'),'buy',7890,31181,115.72667476834299,102,'FYERS',0);
Insert into TRADES (TRADE_ID,TRADER,TIMESTAMP,BUY_SELL,SECURITY,QUANTITY,DEAL_PRICE,FIRM,BROKER,IS_WASHTRADE) values (100746,'GEON2IB3',to_timestamp('08-SEP-19 08.33.38.964000000 AM','DD-MON-RR HH.MI.SSXFF AM'),'sell',1204,4766,122.5075261505881,102,'UPSTOX',0);
Insert into TRADES (TRADE_ID,TRADER,TIMESTAMP,BUY_SELL,SECURITY,QUANTITY,DEAL_PRICE,FIRM,BROKER,IS_WASHTRADE) values (100747,'TRAPRNSK',to_timestamp('08-SEP-19 04.53.31.531000000 PM','DD-MON-RR HH.MI.SSXFF AM'),'sell',3030,50005,122.86507385041348,102,'SHAREKHAN',0);
Insert into TRADES (TRADE_ID,TRADER,TIMESTAMP,BUY_SELL,SECURITY,QUANTITY,DEAL_PRICE,FIRM,BROKER,IS_WASHTRADE) values (100748,'GINU6KRU',to_timestamp('08-SEP-19 01.00.08.492000000 PM','DD-MON-RR HH.MI.SSXFF AM'),'buy',1204,92212,195.30592286959794,101,'SHAREKHAN',0);
Insert into TRADES (TRADE_ID,TRADER,TIMESTAMP,BUY_SELL,SECURITY,QUANTITY,DEAL_PRICE,FIRM,BROKER,IS_WASHTRADE) values (100749,'MARVVKA6',to_timestamp('08-SEP-19 06.53.57.235000000 PM','DD-MON-RR HH.MI.SSXFF AM'),'sell',7890,88652,190.29472898332966,103,'SHAREKHAN',0);
Insert into TRADES (TRADE_ID,TRADER,TIMESTAMP,BUY_SELL,SECURITY,QUANTITY,DEAL_PRICE,FIRM,BROKER,IS_WASHTRADE) values (100750,'DAR2Y9UG',to_timestamp('08-SEP-19 09.32.50.794000000 AM','DD-MON-RR HH.MI.SSXFF AM'),'buy',7890,88960,191.1159123158842,103,'5PAISA',0);
Insert into TRADES (TRADE_ID,TRADER,TIMESTAMP,BUY_SELL,SECURITY,QUANTITY,DEAL_PRICE,FIRM,BROKER,IS_WASHTRADE) values (100751,'STEAL7IA',to_timestamp('08-SEP-19 02.28.27.768000000 AM','DD-MON-RR HH.MI.SSXFF AM'),'sell',7890,47372,183.85866771091978,101,'ICICI DIRECT',0);
Insert into TRADES (TRADE_ID,TRADER,TIMESTAMP,BUY_SELL,SECURITY,QUANTITY,DEAL_PRICE,FIRM,BROKER,IS_WASHTRADE) values (100752,'THEEYM5S',to_timestamp('08-SEP-19 09.24.29.665000000 AM','DD-MON-RR HH.MI.SSXFF AM'),'buy',3030,42626,193.33027501245934,101,'ANGEL BROKING',0);
Insert into TRADES (TRADE_ID,TRADER,TIMESTAMP,BUY_SELL,SECURITY,QUANTITY,DEAL_PRICE,FIRM,BROKER,IS_WASHTRADE) values (100753,'HEASKT3D',to_timestamp('08-SEP-19 01.33.25.062000000 AM','DD-MON-RR HH.MI.SSXFF AM'),'buy',7890,57327,115.40554635925686,102,'5PAISA',0);
Insert into TRADES (TRADE_ID,TRADER,TIMESTAMP,BUY_SELL,SECURITY,QUANTITY,DEAL_PRICE,FIRM,BROKER,IS_WASHTRADE) values (100754,'ALADF547',to_timestamp('08-SEP-19 09.28.01.740000000 AM','DD-MON-RR HH.MI.SSXFF AM'),'sell',3030,17217,122.32080856756737,102,'ICICI DIRECT',0);
Insert into TRADES (TRADE_ID,TRADER,TIMESTAMP,BUY_SELL,SECURITY,QUANTITY,DEAL_PRICE,FIRM,BROKER,IS_WASHTRADE) values (100755,'COUL2KB0',to_timestamp('08-SEP-19 05.49.29.700000000 PM','DD-MON-RR HH.MI.SSXFF AM'),'sell',7890,39532,189.5904091608926,103,'5PAISA',0);
Insert into TRADES (TRADE_ID,TRADER,TIMESTAMP,BUY_SELL,SECURITY,QUANTITY,DEAL_PRICE,FIRM,BROKER,IS_WASHTRADE) values (100756,'NICZZRQQ',to_timestamp('08-SEP-19 07.24.58.058000000 AM','DD-MON-RR HH.MI.SSXFF AM'),'sell',3030,27386,123.6523615290144,102,'FYERS',0);
Insert into TRADES (TRADE_ID,TRADER,TIMESTAMP,BUY_SELL,SECURITY,QUANTITY,DEAL_PRICE,FIRM,BROKER,IS_WASHTRADE) values (100757,'JUAFOXS2',to_timestamp('08-SEP-19 07.44.58.767000000 AM','DD-MON-RR HH.MI.SSXFF AM'),'buy',1204,26121,122.94099834674459,102,'UPSTOX',0);
Insert into TRADES (TRADE_ID,TRADER,TIMESTAMP,BUY_SELL,SECURITY,QUANTITY,DEAL_PRICE,FIRM,BROKER,IS_WASHTRADE) values (100758,'TIMPUTKJ',to_timestamp('08-SEP-19 11.36.23.706000000 PM','DD-MON-RR HH.MI.SSXFF AM'),'sell',1204,47584,121.89964989576615,102,'ICICI DIRECT',0);
Insert into TRADES (TRADE_ID,TRADER,TIMESTAMP,BUY_SELL,SECURITY,QUANTITY,DEAL_PRICE,FIRM,BROKER,IS_WASHTRADE) values (100759,'MARMLHA7',to_timestamp('08-SEP-19 01.36.27.016000000 AM','DD-MON-RR HH.MI.SSXFF AM'),'buy',1204,96423,199.89827362769347,103,'5PAISA',0);
Insert into TRADES (TRADE_ID,TRADER,TIMESTAMP,BUY_SELL,SECURITY,QUANTITY,DEAL_PRICE,FIRM,BROKER,IS_WASHTRADE) values (100760,'JAKWVAYB',to_timestamp('08-SEP-19 09.09.51.990000000 PM','DD-MON-RR HH.MI.SSXFF AM'),'buy',9811,64207,119.63973148980584,102,'SHAREKHAN',0);
Insert into TRADES (TRADE_ID,TRADER,TIMESTAMP,BUY_SELL,SECURITY,QUANTITY,DEAL_PRICE,FIRM,BROKER,IS_WASHTRADE) values (100761,'LAU5LGLD',to_timestamp('08-SEP-19 07.20.20.592000000 AM','DD-MON-RR HH.MI.SSXFF AM'),'buy',1204,57283,194.07920763263195,101,'ICICI DIRECT',0);
Insert into TRADES (TRADE_ID,TRADER,TIMESTAMP,BUY_SELL,SECURITY,QUANTITY,DEAL_PRICE,FIRM,BROKER,IS_WASHTRADE) values (100762,'FAIQQVEK',to_timestamp('08-SEP-19 12.05.49.459000000 PM','DD-MON-RR HH.MI.SSXFF AM'),'sell',7890,99911,117.41176151662906,102,'ICICI DIRECT',0);
Insert into TRADES (TRADE_ID,TRADER,TIMESTAMP,BUY_SELL,SECURITY,QUANTITY,DEAL_PRICE,FIRM,BROKER,IS_WASHTRADE) values (100763,'TRAYHS5Z',to_timestamp('08-SEP-19 03.05.21.945000000 PM','DD-MON-RR HH.MI.SSXFF AM'),'buy',7890,78024,184.98559022103436,101,'ZERODHA',0);
Insert into TRADES (TRADE_ID,TRADER,TIMESTAMP,BUY_SELL,SECURITY,QUANTITY,DEAL_PRICE,FIRM,BROKER,IS_WASHTRADE) values (100764,'CHE9I7EY',to_timestamp('08-SEP-19 04.12.38.062000000 PM','DD-MON-RR HH.MI.SSXFF AM'),'sell',9811,29067,193.0818926807273,103,'ICICI DIRECT',0);
Insert into TRADES (TRADE_ID,TRADER,TIMESTAMP,BUY_SELL,SECURITY,QUANTITY,DEAL_PRICE,FIRM,BROKER,IS_WASHTRADE) values (100765,'BRIHFIYO',to_timestamp('08-SEP-19 05.29.39.852000000 PM','DD-MON-RR HH.MI.SSXFF AM'),'buy',1204,68463,198.00471222198618,103,'5PAISA',0);
Insert into TRADES (TRADE_ID,TRADER,TIMESTAMP,BUY_SELL,SECURITY,QUANTITY,DEAL_PRICE,FIRM,BROKER,IS_WASHTRADE) values (100766,'THEEYM5S',to_timestamp('08-SEP-19 09.00.09.999000000 PM','DD-MON-RR HH.MI.SSXFF AM'),'buy',1204,63672,198.3490962289292,103,'ANGEL BROKING',0);
Insert into TRADES (TRADE_ID,TRADER,TIMESTAMP,BUY_SELL,SECURITY,QUANTITY,DEAL_PRICE,FIRM,BROKER,IS_WASHTRADE) values (100767,'BRYNLFU0',to_timestamp('08-SEP-19 10.34.24.039000000 PM','DD-MON-RR HH.MI.SSXFF AM'),'buy',3030,36215,195.88015985117383,101,'ANGEL BROKING',0);
Insert into TRADES (TRADE_ID,TRADER,TIMESTAMP,BUY_SELL,SECURITY,QUANTITY,DEAL_PRICE,FIRM,BROKER,IS_WASHTRADE) values (100768,'JES3RBBJ',to_timestamp('08-SEP-19 05.00.38.742000000 PM','DD-MON-RR HH.MI.SSXFF AM'),'sell',1204,9850,195.56556249182918,101,'SHAREKHAN',0);
Insert into TRADES (TRADE_ID,TRADER,TIMESTAMP,BUY_SELL,SECURITY,QUANTITY,DEAL_PRICE,FIRM,BROKER,IS_WASHTRADE) values (100769,'DIAXXBKW',to_timestamp('08-SEP-19 05.05.54.063000000 AM','DD-MON-RR HH.MI.SSXFF AM'),'sell',9811,56468,192.6830428954359,103,'5PAISA',0);
Insert into TRADES (TRADE_ID,TRADER,TIMESTAMP,BUY_SELL,SECURITY,QUANTITY,DEAL_PRICE,FIRM,BROKER,IS_WASHTRADE) values (100770,'JOECW7BS',to_timestamp('08-SEP-19 06.27.25.788000000 AM','DD-MON-RR HH.MI.SSXFF AM'),'sell',7890,9472,183.56584124902727,101,'ANGEL BROKING',0);
Insert into TRADES (TRADE_ID,TRADER,TIMESTAMP,BUY_SELL,SECURITY,QUANTITY,DEAL_PRICE,FIRM,BROKER,IS_WASHTRADE) values (100771,'ROGJLA4F',to_timestamp('08-SEP-19 11.33.11.454000000 AM','DD-MON-RR HH.MI.SSXFF AM'),'sell',1204,73868,197.3934997861054,103,'FYERS',0);
Insert into TRADES (TRADE_ID,TRADER,TIMESTAMP,BUY_SELL,SECURITY,QUANTITY,DEAL_PRICE,FIRM,BROKER,IS_WASHTRADE) values (100772,'SAN99MVO',to_timestamp('08-SEP-19 10.55.06.204000000 AM','DD-MON-RR HH.MI.SSXFF AM'),'buy',1204,71396,195.70849777614367,101,'5PAISA',0);
Insert into TRADES (TRADE_ID,TRADER,TIMESTAMP,BUY_SELL,SECURITY,QUANTITY,DEAL_PRICE,FIRM,BROKER,IS_WASHTRADE) values (100773,'BARFGP3P',to_timestamp('08-SEP-19 06.40.26.603000000 AM','DD-MON-RR HH.MI.SSXFF AM'),'sell',7890,76932,115.78759180548248,102,'ICICI DIRECT',0);
Insert into TRADES (TRADE_ID,TRADER,TIMESTAMP,BUY_SELL,SECURITY,QUANTITY,DEAL_PRICE,FIRM,BROKER,IS_WASHTRADE) values (100774,'CHAF8FKO',to_timestamp('08-SEP-19 04.57.56.399000000 PM','DD-MON-RR HH.MI.SSXFF AM'),'sell',7890,7755,189.50903527485218,103,'5PAISA',0);
Insert into TRADES (TRADE_ID,TRADER,TIMESTAMP,BUY_SELL,SECURITY,QUANTITY,DEAL_PRICE,FIRM,BROKER,IS_WASHTRADE) values (100775,'REBF1PYG',to_timestamp('08-SEP-19 01.51.02.433000000 AM','DD-MON-RR HH.MI.SSXFF AM'),'buy',7890,2086,184.45093250963538,101,'SHAREKHAN',0);
Insert into TRADES (TRADE_ID,TRADER,TIMESTAMP,BUY_SELL,SECURITY,QUANTITY,DEAL_PRICE,FIRM,BROKER,IS_WASHTRADE) values (100776,'RANBFEVF',to_timestamp('08-SEP-19 01.31.04.063000000 AM','DD-MON-RR HH.MI.SSXFF AM'),'buy',9811,34863,119.65738433490385,102,'ANGEL BROKING',0);
Insert into TRADES (TRADE_ID,TRADER,TIMESTAMP,BUY_SELL,SECURITY,QUANTITY,DEAL_PRICE,FIRM,BROKER,IS_WASHTRADE) values (100777,'STEAL7IA',to_timestamp('08-SEP-19 07.30.29.353000000 PM','DD-MON-RR HH.MI.SSXFF AM'),'buy',3030,83211,193.4427174645458,101,'ZERODHA',0);
Insert into TRADES (TRADE_ID,TRADER,TIMESTAMP,BUY_SELL,SECURITY,QUANTITY,DEAL_PRICE,FIRM,BROKER,IS_WASHTRADE) values (100778,'BOBRHF4X',to_timestamp('08-SEP-19 08.34.42.439000000 PM','DD-MON-RR HH.MI.SSXFF AM'),'sell',9811,44484,192.8590741338164,103,'ZERODHA',0);
Insert into TRADES (TRADE_ID,TRADER,TIMESTAMP,BUY_SELL,SECURITY,QUANTITY,DEAL_PRICE,FIRM,BROKER,IS_WASHTRADE) values (100779,'JEF6G3PC',to_timestamp('08-SEP-19 01.30.45.098000000 AM','DD-MON-RR HH.MI.SSXFF AM'),'sell',1204,25021,122.1379719005056,102,'ZERODHA',0);
Insert into TRADES (TRADE_ID,TRADER,TIMESTAMP,BUY_SELL,SECURITY,QUANTITY,DEAL_PRICE,FIRM,BROKER,IS_WASHTRADE) values (100780,'HEIH0KV5',to_timestamp('08-SEP-19 07.04.18.111000000 PM','DD-MON-RR HH.MI.SSXFF AM'),'buy',7890,61791,187.98443182026756,103,'ANGEL BROKING',0);
Insert into TRADES (TRADE_ID,TRADER,TIMESTAMP,BUY_SELL,SECURITY,QUANTITY,DEAL_PRICE,FIRM,BROKER,IS_WASHTRADE) values (100781,'LAWQYSHX',to_timestamp('08-SEP-19 08.32.33.084000000 AM','DD-MON-RR HH.MI.SSXFF AM'),'sell',3030,59798,197.6467609359169,103,'UPSTOX',0);
Insert into TRADES (TRADE_ID,TRADER,TIMESTAMP,BUY_SELL,SECURITY,QUANTITY,DEAL_PRICE,FIRM,BROKER,IS_WASHTRADE) values (100782,'CHAF8FKO',to_timestamp('08-SEP-19 11.58.23.018000000 PM','DD-MON-RR HH.MI.SSXFF AM'),'sell',1204,28628,198.58615668554077,103,'ICICI DIRECT',0);
Insert into TRADES (TRADE_ID,TRADER,TIMESTAMP,BUY_SELL,SECURITY,QUANTITY,DEAL_PRICE,FIRM,BROKER,IS_WASHTRADE) values (100783,'NICZZRQQ',to_timestamp('08-SEP-19 02.31.18.048000000 PM','DD-MON-RR HH.MI.SSXFF AM'),'sell',3030,90387,199.44715834780433,103,'5PAISA',0);
Insert into TRADES (TRADE_ID,TRADER,TIMESTAMP,BUY_SELL,SECURITY,QUANTITY,DEAL_PRICE,FIRM,BROKER,IS_WASHTRADE) values (100784,'DANP3AAE',to_timestamp('08-SEP-19 11.34.16.494000000 PM','DD-MON-RR HH.MI.SSXFF AM'),'sell',1204,52987,197.27011936956126,103,'FYERS',0);
Insert into TRADES (TRADE_ID,TRADER,TIMESTAMP,BUY_SELL,SECURITY,QUANTITY,DEAL_PRICE,FIRM,BROKER,IS_WASHTRADE) values (100785,'BRECM5SC',to_timestamp('08-SEP-19 07.15.22.784000000 PM','DD-MON-RR HH.MI.SSXFF AM'),'buy',9811,68152,190.52052796281083,101,'UPSTOX',0);
Insert into TRADES (TRADE_ID,TRADER,TIMESTAMP,BUY_SELL,SECURITY,QUANTITY,DEAL_PRICE,FIRM,BROKER,IS_WASHTRADE) values (100786,'ZAC15CCX',to_timestamp('08-SEP-19 07.34.21.402000000 AM','DD-MON-RR HH.MI.SSXFF AM'),'sell',9811,98458,189.55450204348168,101,'5PAISA',0);
Insert into TRADES (TRADE_ID,TRADER,TIMESTAMP,BUY_SELL,SECURITY,QUANTITY,DEAL_PRICE,FIRM,BROKER,IS_WASHTRADE) values (100787,'RITBY9F1',to_timestamp('08-SEP-19 07.23.58.595000000 AM','DD-MON-RR HH.MI.SSXFF AM'),'sell',1204,2555,198.09332478395436,103,'ICICI DIRECT',0);
Insert into TRADES (TRADE_ID,TRADER,TIMESTAMP,BUY_SELL,SECURITY,QUANTITY,DEAL_PRICE,FIRM,BROKER,IS_WASHTRADE) values (100788,'KATGCHI5',to_timestamp('08-SEP-19 04.20.19.157000000 AM','DD-MON-RR HH.MI.SSXFF AM'),'sell',9811,11329,118.5894944221329,102,'SHAREKHAN',0);
Insert into TRADES (TRADE_ID,TRADER,TIMESTAMP,BUY_SELL,SECURITY,QUANTITY,DEAL_PRICE,FIRM,BROKER,IS_WASHTRADE) values (100789,'CHRS30RF',to_timestamp('08-SEP-19 03.09.29.445000000 PM','DD-MON-RR HH.MI.SSXFF AM'),'buy',9811,80568,187.30761082098928,101,'ZERODHA',0);
Insert into TRADES (TRADE_ID,TRADER,TIMESTAMP,BUY_SELL,SECURITY,QUANTITY,DEAL_PRICE,FIRM,BROKER,IS_WASHTRADE) values (100790,'WILSEBES',to_timestamp('08-SEP-19 10.39.40.873000000 AM','DD-MON-RR HH.MI.SSXFF AM'),'sell',3030,28764,199.23821074334845,103,'ANGEL BROKING',0);
Insert into TRADES (TRADE_ID,TRADER,TIMESTAMP,BUY_SELL,SECURITY,QUANTITY,DEAL_PRICE,FIRM,BROKER,IS_WASHTRADE) values (100791,'CATCA8NP',to_timestamp('08-SEP-19 06.32.59.905000000 PM','DD-MON-RR HH.MI.SSXFF AM'),'buy',7890,46165,115.86291273650474,102,'ICICI DIRECT',0);
Insert into TRADES (TRADE_ID,TRADER,TIMESTAMP,BUY_SELL,SECURITY,QUANTITY,DEAL_PRICE,FIRM,BROKER,IS_WASHTRADE) values (100792,'SYDEJ33S',to_timestamp('08-SEP-19 01.20.35.766000000 PM','DD-MON-RR HH.MI.SSXFF AM'),'buy',3030,55695,198.23833274525285,103,'MOTILAL OSWAL',0);
Insert into TRADES (TRADE_ID,TRADER,TIMESTAMP,BUY_SELL,SECURITY,QUANTITY,DEAL_PRICE,FIRM,BROKER,IS_WASHTRADE) values (100793,'JANYOUWQ',to_timestamp('08-SEP-19 01.39.24.226000000 PM','DD-MON-RR HH.MI.SSXFF AM'),'sell',9811,96155,188.15357221427664,101,'ANGEL BROKING',0);
Insert into TRADES (TRADE_ID,TRADER,TIMESTAMP,BUY_SELL,SECURITY,QUANTITY,DEAL_PRICE,FIRM,BROKER,IS_WASHTRADE) values (100794,'DAR2Y9UG',to_timestamp('08-SEP-19 11.02.42.141000000 AM','DD-MON-RR HH.MI.SSXFF AM'),'sell',3030,40992,197.90206355260798,103,'5PAISA',0);
Insert into TRADES (TRADE_ID,TRADER,TIMESTAMP,BUY_SELL,SECURITY,QUANTITY,DEAL_PRICE,FIRM,BROKER,IS_WASHTRADE) values (100795,'DAVYDUWM',to_timestamp('08-SEP-19 01.43.02.589000000 AM','DD-MON-RR HH.MI.SSXFF AM'),'buy',7890,48410,116.3212555718722,102,'ZERODHA',0);
Insert into TRADES (TRADE_ID,TRADER,TIMESTAMP,BUY_SELL,SECURITY,QUANTITY,DEAL_PRICE,FIRM,BROKER,IS_WASHTRADE) values (100796,'DAW9KSVT',to_timestamp('08-SEP-19 11.21.10.645000000 PM','DD-MON-RR HH.MI.SSXFF AM'),'sell',1204,75680,123.4871330945167,102,'ICICI DIRECT',0);
Insert into TRADES (TRADE_ID,TRADER,TIMESTAMP,BUY_SELL,SECURITY,QUANTITY,DEAL_PRICE,FIRM,BROKER,IS_WASHTRADE) values (100797,'FATE532B',to_timestamp('08-SEP-19 03.58.35.329000000 PM','DD-MON-RR HH.MI.SSXFF AM'),'buy',7890,88722,116.08304505262826,102,'MOTILAL OSWAL',0);
Insert into TRADES (TRADE_ID,TRADER,TIMESTAMP,BUY_SELL,SECURITY,QUANTITY,DEAL_PRICE,FIRM,BROKER,IS_WASHTRADE) values (100798,'BABECQS4',to_timestamp('08-SEP-19 07.08.23.129000000 AM','DD-MON-RR HH.MI.SSXFF AM'),'sell',3030,6219,121.65214939577143,102,'FYERS',0);
Insert into TRADES (TRADE_ID,TRADER,TIMESTAMP,BUY_SELL,SECURITY,QUANTITY,DEAL_PRICE,FIRM,BROKER,IS_WASHTRADE) values (100799,'JOHT9HLP',to_timestamp('08-SEP-19 05.12.30.801000000 AM','DD-MON-RR HH.MI.SSXFF AM'),'buy',3030,83507,194.9689015406109,101,'ANGEL BROKING',0);
Insert into TRADES (TRADE_ID,TRADER,TIMESTAMP,BUY_SELL,SECURITY,QUANTITY,DEAL_PRICE,FIRM,BROKER,IS_WASHTRADE) values (100800,'ALLNKK5B',to_timestamp('08-SEP-19 04.45.12.724000000 PM','DD-MON-RR HH.MI.SSXFF AM'),'sell',9811,37388,190.00667555638557,101,'ICICI DIRECT',0);
Insert into TRADES (TRADE_ID,TRADER,TIMESTAMP,BUY_SELL,SECURITY,QUANTITY,DEAL_PRICE,FIRM,BROKER,IS_WASHTRADE) values (100607,'SAN99MVO',to_timestamp('08-SEP-19 12.06.46.918000000 PM','DD-MON-RR HH.MI.SSXFF AM'),'sell',3030,77208,193.60687512263542,101,'MOTILAL OSWAL',0);
Insert into TRADES (TRADE_ID,TRADER,TIMESTAMP,BUY_SELL,SECURITY,QUANTITY,DEAL_PRICE,FIRM,BROKER,IS_WASHTRADE) values (100608,'MEL90RDH',to_timestamp('08-SEP-19 05.37.47.463000000 PM','DD-MON-RR HH.MI.SSXFF AM'),'sell',3030,17813,197.90650889140645,103,'ANGEL BROKING',0);
Insert into TRADES (TRADE_ID,TRADER,TIMESTAMP,BUY_SELL,SECURITY,QUANTITY,DEAL_PRICE,FIRM,BROKER,IS_WASHTRADE) values (100609,'MARJKAEW',to_timestamp('08-SEP-19 05.11.20.484000000 AM','DD-MON-RR HH.MI.SSXFF AM'),'buy',3030,84892,122.10915746973933,102,'ANGEL BROKING',0);
Insert into TRADES (TRADE_ID,TRADER,TIMESTAMP,BUY_SELL,SECURITY,QUANTITY,DEAL_PRICE,FIRM,BROKER,IS_WASHTRADE) values (100610,'CHAZWV3E',to_timestamp('08-SEP-19 07.47.47.586000000 PM','DD-MON-RR HH.MI.SSXFF AM'),'sell',1204,25845,195.99826361967868,101,'ANGEL BROKING',0);
Insert into TRADES (TRADE_ID,TRADER,TIMESTAMP,BUY_SELL,SECURITY,QUANTITY,DEAL_PRICE,FIRM,BROKER,IS_WASHTRADE) values (100611,'JORQC1K8',to_timestamp('08-SEP-19 04.08.15.065000000 PM','DD-MON-RR HH.MI.SSXFF AM'),'buy',1204,41928,194.79653311134078,101,'5PAISA',0);
Insert into TRADES (TRADE_ID,TRADER,TIMESTAMP,BUY_SELL,SECURITY,QUANTITY,DEAL_PRICE,FIRM,BROKER,IS_WASHTRADE) values (100612,'DAVYDUWM',to_timestamp('08-SEP-19 02.53.16.869000000 AM','DD-MON-RR HH.MI.SSXFF AM'),'buy',1204,2321,199.2156610531331,103,'ICICI DIRECT',0);
Insert into TRADES (TRADE_ID,TRADER,TIMESTAMP,BUY_SELL,SECURITY,QUANTITY,DEAL_PRICE,FIRM,BROKER,IS_WASHTRADE) values (100613,'VIC62V98',to_timestamp('08-SEP-19 11.16.48.009000000 AM','DD-MON-RR HH.MI.SSXFF AM'),'buy',9811,45012,189.6863384901951,101,'SHAREKHAN',0);
Insert into TRADES (TRADE_ID,TRADER,TIMESTAMP,BUY_SELL,SECURITY,QUANTITY,DEAL_PRICE,FIRM,BROKER,IS_WASHTRADE) values (100614,'CHE9I7EY',to_timestamp('08-SEP-19 10.07.49.630000000 AM','DD-MON-RR HH.MI.SSXFF AM'),'buy',1204,11130,193.69758312161295,101,'ICICI DIRECT',0);
Insert into TRADES (TRADE_ID,TRADER,TIMESTAMP,BUY_SELL,SECURITY,QUANTITY,DEAL_PRICE,FIRM,BROKER,IS_WASHTRADE) values (100615,'HEIH0KV5',to_timestamp('08-SEP-19 07.18.39.467000000 PM','DD-MON-RR HH.MI.SSXFF AM'),'sell',1204,18294,123.34072783050166,102,'MOTILAL OSWAL',0);
Insert into TRADES (TRADE_ID,TRADER,TIMESTAMP,BUY_SELL,SECURITY,QUANTITY,DEAL_PRICE,FIRM,BROKER,IS_WASHTRADE) values (100616,'CHR22C80',to_timestamp('08-SEP-19 10.22.03.799000000 AM','DD-MON-RR HH.MI.SSXFF AM'),'sell',1204,52031,194.86555304497526,101,'ICICI DIRECT',0);
Insert into TRADES (TRADE_ID,TRADER,TIMESTAMP,BUY_SELL,SECURITY,QUANTITY,DEAL_PRICE,FIRM,BROKER,IS_WASHTRADE) values (100617,'JAN4TTH1',to_timestamp('08-SEP-19 03.30.20.966000000 PM','DD-MON-RR HH.MI.SSXFF AM'),'buy',1204,3608,122.11601692972748,102,'SHAREKHAN',0);
Insert into TRADES (TRADE_ID,TRADER,TIMESTAMP,BUY_SELL,SECURITY,QUANTITY,DEAL_PRICE,FIRM,BROKER,IS_WASHTRADE) values (100618,'BLAEKYYI',to_timestamp('08-SEP-19 07.06.16.137000000 AM','DD-MON-RR HH.MI.SSXFF AM'),'sell',1204,9418,193.81346274252456,101,'ANGEL BROKING',0);
Insert into TRADES (TRADE_ID,TRADER,TIMESTAMP,BUY_SELL,SECURITY,QUANTITY,DEAL_PRICE,FIRM,BROKER,IS_WASHTRADE) values (100619,'ZAC15CCX',to_timestamp('08-SEP-19 05.07.58.503000000 AM','DD-MON-RR HH.MI.SSXFF AM'),'sell',7890,41318,186.72063626492533,101,'FYERS',0);
Insert into TRADES (TRADE_ID,TRADER,TIMESTAMP,BUY_SELL,SECURITY,QUANTITY,DEAL_PRICE,FIRM,BROKER,IS_WASHTRADE) values (100620,'LAUC4KJN',to_timestamp('08-SEP-19 04.32.52.493000000 AM','DD-MON-RR HH.MI.SSXFF AM'),'sell',3030,26066,121.4191642500907,102,'ANGEL BROKING',0);
Insert into TRADES (TRADE_ID,TRADER,TIMESTAMP,BUY_SELL,SECURITY,QUANTITY,DEAL_PRICE,FIRM,BROKER,IS_WASHTRADE) values (100621,'DAW9KSVT',to_timestamp('08-SEP-19 04.27.14.561000000 AM','DD-MON-RR HH.MI.SSXFF AM'),'sell',1204,43041,123.39461878789389,102,'FYERS',0);
Insert into TRADES (TRADE_ID,TRADER,TIMESTAMP,BUY_SELL,SECURITY,QUANTITY,DEAL_PRICE,FIRM,BROKER,IS_WASHTRADE) values (100622,'SOUPBVBV',to_timestamp('08-SEP-19 01.29.39.916000000 PM','DD-MON-RR HH.MI.SSXFF AM'),'buy',7890,72797,116.31468134042728,102,'UPSTOX',0);
Insert into TRADES (TRADE_ID,TRADER,TIMESTAMP,BUY_SELL,SECURITY,QUANTITY,DEAL_PRICE,FIRM,BROKER,IS_WASHTRADE) values (100623,'JORQC1K8',to_timestamp('08-SEP-19 04.47.41.850000000 PM','DD-MON-RR HH.MI.SSXFF AM'),'buy',9811,56708,192.09839452661873,103,'FYERS',0);
Insert into TRADES (TRADE_ID,TRADER,TIMESTAMP,BUY_SELL,SECURITY,QUANTITY,DEAL_PRICE,FIRM,BROKER,IS_WASHTRADE) values (100624,'JANOVB6M',to_timestamp('08-SEP-19 12.48.10.728000000 AM','DD-MON-RR HH.MI.SSXFF AM'),'sell',1204,17229,123.61428150520477,102,'UPSTOX',0);
Insert into TRADES (TRADE_ID,TRADER,TIMESTAMP,BUY_SELL,SECURITY,QUANTITY,DEAL_PRICE,FIRM,BROKER,IS_WASHTRADE) values (100625,'CHRBN6M5',to_timestamp('08-SEP-19 11.17.19.555000000 PM','DD-MON-RR HH.MI.SSXFF AM'),'buy',9811,25154,188.69160519158055,101,'ZERODHA',0);
Insert into TRADES (TRADE_ID,TRADER,TIMESTAMP,BUY_SELL,SECURITY,QUANTITY,DEAL_PRICE,FIRM,BROKER,IS_WASHTRADE) values (100626,'SUMQV73B',to_timestamp('08-SEP-19 04.27.24.961000000 AM','DD-MON-RR HH.MI.SSXFF AM'),'buy',3030,14655,123.61721828971751,102,'ZERODHA',0);
Insert into TRADES (TRADE_ID,TRADER,TIMESTAMP,BUY_SELL,SECURITY,QUANTITY,DEAL_PRICE,FIRM,BROKER,IS_WASHTRADE) values (100627,'CRAEM3BA',to_timestamp('08-SEP-19 11.03.54.970000000 AM','DD-MON-RR HH.MI.SSXFF AM'),'buy',7890,11044,185.81701797121778,101,'ZERODHA',0);
Insert into TRADES (TRADE_ID,TRADER,TIMESTAMP,BUY_SELL,SECURITY,QUANTITY,DEAL_PRICE,FIRM,BROKER,IS_WASHTRADE) values (100628,'ERIE2FOK',to_timestamp('08-SEP-19 12.18.06.477000000 PM','DD-MON-RR HH.MI.SSXFF AM'),'buy',9811,25026,194.2195869978409,103,'FYERS',0);
Insert into TRADES (TRADE_ID,TRADER,TIMESTAMP,BUY_SELL,SECURITY,QUANTITY,DEAL_PRICE,FIRM,BROKER,IS_WASHTRADE) values (100629,'SHAR5F6A',to_timestamp('08-SEP-19 02.16.33.808000000 AM','DD-MON-RR HH.MI.SSXFF AM'),'sell',7890,53954,186.42419802265078,101,'5PAISA',0);
Insert into TRADES (TRADE_ID,TRADER,TIMESTAMP,BUY_SELL,SECURITY,QUANTITY,DEAL_PRICE,FIRM,BROKER,IS_WASHTRADE) values (100630,'DANSQJD0',to_timestamp('08-SEP-19 06.17.38.663000000 PM','DD-MON-RR HH.MI.SSXFF AM'),'buy',1204,8533,122.02384867384096,102,'5PAISA',0);
Insert into TRADES (TRADE_ID,TRADER,TIMESTAMP,BUY_SELL,SECURITY,QUANTITY,DEAL_PRICE,FIRM,BROKER,IS_WASHTRADE) values (100631,'GAB8QU2G',to_timestamp('08-SEP-19 10.10.55.738000000 PM','DD-MON-RR HH.MI.SSXFF AM'),'sell',3030,73757,121.21397183494764,102,'FYERS',0);
Insert into TRADES (TRADE_ID,TRADER,TIMESTAMP,BUY_SELL,SECURITY,QUANTITY,DEAL_PRICE,FIRM,BROKER,IS_WASHTRADE) values (100632,'SAMTFFLS',to_timestamp('08-SEP-19 06.42.57.553000000 PM','DD-MON-RR HH.MI.SSXFF AM'),'buy',3030,75410,199.46807268797434,103,'ICICI DIRECT',0);
Insert into TRADES (TRADE_ID,TRADER,TIMESTAMP,BUY_SELL,SECURITY,QUANTITY,DEAL_PRICE,FIRM,BROKER,IS_WASHTRADE) values (100633,'MAR2KY8Q',to_timestamp('08-SEP-19 08.44.11.987000000 AM','DD-MON-RR HH.MI.SSXFF AM'),'sell',9811,69589,119.00650665698114,102,'ZERODHA',0);
Insert into TRADES (TRADE_ID,TRADER,TIMESTAMP,BUY_SELL,SECURITY,QUANTITY,DEAL_PRICE,FIRM,BROKER,IS_WASHTRADE) values (100634,'JUAFOXS2',to_timestamp('08-SEP-19 10.53.22.607000000 AM','DD-MON-RR HH.MI.SSXFF AM'),'sell',3030,20460,194.99168422917822,101,'ZERODHA',0);
Insert into TRADES (TRADE_ID,TRADER,TIMESTAMP,BUY_SELL,SECURITY,QUANTITY,DEAL_PRICE,FIRM,BROKER,IS_WASHTRADE) values (100635,'KEN13ID0',to_timestamp('08-SEP-19 07.11.33.867000000 AM','DD-MON-RR HH.MI.SSXFF AM'),'buy',9811,98153,119.62251026720872,102,'FYERS',0);
Insert into TRADES (TRADE_ID,TRADER,TIMESTAMP,BUY_SELL,SECURITY,QUANTITY,DEAL_PRICE,FIRM,BROKER,IS_WASHTRADE) values (100636,'CHRIREI1',to_timestamp('08-SEP-19 10.25.17.846000000 AM','DD-MON-RR HH.MI.SSXFF AM'),'buy',7890,81789,184.63951295025478,101,'ICICI DIRECT',0);
Insert into TRADES (TRADE_ID,TRADER,TIMESTAMP,BUY_SELL,SECURITY,QUANTITY,DEAL_PRICE,FIRM,BROKER,IS_WASHTRADE) values (100637,'WANECTKW',to_timestamp('08-SEP-19 05.09.18.734000000 PM','DD-MON-RR HH.MI.SSXFF AM'),'buy',1204,76194,197.7985463788711,103,'FYERS',0);
Insert into TRADES (TRADE_ID,TRADER,TIMESTAMP,BUY_SELL,SECURITY,QUANTITY,DEAL_PRICE,FIRM,BROKER,IS_WASHTRADE) values (100638,'ROS53TGD',to_timestamp('08-SEP-19 05.15.47.783000000 AM','DD-MON-RR HH.MI.SSXFF AM'),'sell',7890,36173,189.17717399797712,103,'UPSTOX',0);
Insert into TRADES (TRADE_ID,TRADER,TIMESTAMP,BUY_SELL,SECURITY,QUANTITY,DEAL_PRICE,FIRM,BROKER,IS_WASHTRADE) values (100639,'DERTAZB7',to_timestamp('08-SEP-19 12.26.48.059000000 PM','DD-MON-RR HH.MI.SSXFF AM'),'sell',9811,5796,192.39706430937244,103,'ANGEL BROKING',0);
Insert into TRADES (TRADE_ID,TRADER,TIMESTAMP,BUY_SELL,SECURITY,QUANTITY,DEAL_PRICE,FIRM,BROKER,IS_WASHTRADE) values (100640,'COLS34TU',to_timestamp('08-SEP-19 10.35.23.065000000 PM','DD-MON-RR HH.MI.SSXFF AM'),'buy',9811,62368,187.87263609474616,101,'ZERODHA',0);
Insert into TRADES (TRADE_ID,TRADER,TIMESTAMP,BUY_SELL,SECURITY,QUANTITY,DEAL_PRICE,FIRM,BROKER,IS_WASHTRADE) values (100641,'SUMQV73B',to_timestamp('08-SEP-19 08.49.24.961000000 PM','DD-MON-RR HH.MI.SSXFF AM'),'buy',3030,22600,194.10752044719425,101,'SHAREKHAN',0);
Insert into TRADES (TRADE_ID,TRADER,TIMESTAMP,BUY_SELL,SECURITY,QUANTITY,DEAL_PRICE,FIRM,BROKER,IS_WASHTRADE) values (100642,'BRIHFIYO',to_timestamp('08-SEP-19 01.46.29.265000000 PM','DD-MON-RR HH.MI.SSXFF AM'),'buy',3030,71843,194.2343390453848,101,'5PAISA',0);
Insert into TRADES (TRADE_ID,TRADER,TIMESTAMP,BUY_SELL,SECURITY,QUANTITY,DEAL_PRICE,FIRM,BROKER,IS_WASHTRADE) values (100643,'SHEMG1R5',to_timestamp('08-SEP-19 07.58.40.264000000 PM','DD-MON-RR HH.MI.SSXFF AM'),'sell',1204,13539,193.98612884083758,101,'ICICI DIRECT',0);
Insert into TRADES (TRADE_ID,TRADER,TIMESTAMP,BUY_SELL,SECURITY,QUANTITY,DEAL_PRICE,FIRM,BROKER,IS_WASHTRADE) values (100644,'GINU6KRU',to_timestamp('08-SEP-19 07.01.18.329000000 AM','DD-MON-RR HH.MI.SSXFF AM'),'sell',1204,10925,122.09478877987745,102,'FYERS',0);
Insert into TRADES (TRADE_ID,TRADER,TIMESTAMP,BUY_SELL,SECURITY,QUANTITY,DEAL_PRICE,FIRM,BROKER,IS_WASHTRADE) values (100645,'TAYKKPA8',to_timestamp('08-SEP-19 09.47.41.328000000 PM','DD-MON-RR HH.MI.SSXFF AM'),'buy',1204,21694,123.49806852236784,102,'ZERODHA',0);
Insert into TRADES (TRADE_ID,TRADER,TIMESTAMP,BUY_SELL,SECURITY,QUANTITY,DEAL_PRICE,FIRM,BROKER,IS_WASHTRADE) values (100646,'TYRLL4RI',to_timestamp('08-SEP-19 05.20.44.949000000 PM','DD-MON-RR HH.MI.SSXFF AM'),'sell',3030,54079,122.16560063939546,102,'ANGEL BROKING',0);
Insert into TRADES (TRADE_ID,TRADER,TIMESTAMP,BUY_SELL,SECURITY,QUANTITY,DEAL_PRICE,FIRM,BROKER,IS_WASHTRADE) values (100647,'JESFJTRT',to_timestamp('08-SEP-19 06.16.50.778000000 PM','DD-MON-RR HH.MI.SSXFF AM'),'sell',3030,70300,199.21934938135314,103,'SHAREKHAN',0);
Insert into TRADES (TRADE_ID,TRADER,TIMESTAMP,BUY_SELL,SECURITY,QUANTITY,DEAL_PRICE,FIRM,BROKER,IS_WASHTRADE) values (100648,'SOUPBVBV',to_timestamp('08-SEP-19 07.47.49.309000000 PM','DD-MON-RR HH.MI.SSXFF AM'),'sell',1204,56892,122.96866319076247,102,'MOTILAL OSWAL',0);
Insert into TRADES (TRADE_ID,TRADER,TIMESTAMP,BUY_SELL,SECURITY,QUANTITY,DEAL_PRICE,FIRM,BROKER,IS_WASHTRADE) values (100649,'SHAPXEM3',to_timestamp('08-SEP-19 04.04.17.298000000 AM','DD-MON-RR HH.MI.SSXFF AM'),'sell',3030,62583,199.71982568227426,103,'UPSTOX',0);
Insert into TRADES (TRADE_ID,TRADER,TIMESTAMP,BUY_SELL,SECURITY,QUANTITY,DEAL_PRICE,FIRM,BROKER,IS_WASHTRADE) values (100650,'RON9S76W',to_timestamp('08-SEP-19 01.39.12.170000000 AM','DD-MON-RR HH.MI.SSXFF AM'),'sell',9811,46499,194.20769689849732,103,'SHAREKHAN',0);
Insert into TRADES (TRADE_ID,TRADER,TIMESTAMP,BUY_SELL,SECURITY,QUANTITY,DEAL_PRICE,FIRM,BROKER,IS_WASHTRADE) values (100651,'CHAZWV3E',to_timestamp('08-SEP-19 06.30.42.283000000 AM','DD-MON-RR HH.MI.SSXFF AM'),'buy',9811,63116,118.10318342362858,102,'ANGEL BROKING',0);
Insert into TRADES (TRADE_ID,TRADER,TIMESTAMP,BUY_SELL,SECURITY,QUANTITY,DEAL_PRICE,FIRM,BROKER,IS_WASHTRADE) values (100652,'TIMPUTKJ',to_timestamp('08-SEP-19 09.45.37.976000000 AM','DD-MON-RR HH.MI.SSXFF AM'),'sell',3030,9752,121.84010321967081,102,'UPSTOX',0);
Insert into TRADES (TRADE_ID,TRADER,TIMESTAMP,BUY_SELL,SECURITY,QUANTITY,DEAL_PRICE,FIRM,BROKER,IS_WASHTRADE) values (100653,'ERIE2FOK',to_timestamp('08-SEP-19 05.51.08.580000000 PM','DD-MON-RR HH.MI.SSXFF AM'),'buy',1204,4357,193.4097404894055,101,'5PAISA',0);
Insert into TRADES (TRADE_ID,TRADER,TIMESTAMP,BUY_SELL,SECURITY,QUANTITY,DEAL_PRICE,FIRM,BROKER,IS_WASHTRADE) values (100654,'DEAU7LQT',to_timestamp('08-SEP-19 06.35.05.523000000 PM','DD-MON-RR HH.MI.SSXFF AM'),'buy',3030,36946,198.11925187825037,103,'MOTILAL OSWAL',0);
Insert into TRADES (TRADE_ID,TRADER,TIMESTAMP,BUY_SELL,SECURITY,QUANTITY,DEAL_PRICE,FIRM,BROKER,IS_WASHTRADE) values (100655,'JES3RBBJ',to_timestamp('08-SEP-19 12.25.05.298000000 AM','DD-MON-RR HH.MI.SSXFF AM'),'sell',3030,90795,121.6060102474285,102,'ZERODHA',0);
Insert into TRADES (TRADE_ID,TRADER,TIMESTAMP,BUY_SELL,SECURITY,QUANTITY,DEAL_PRICE,FIRM,BROKER,IS_WASHTRADE) values (100656,'TAYKKPA8',to_timestamp('08-SEP-19 12.35.23.434000000 PM','DD-MON-RR HH.MI.SSXFF AM'),'sell',9811,36589,119.39192414613294,102,'ZERODHA',0);
Insert into TRADES (TRADE_ID,TRADER,TIMESTAMP,BUY_SELL,SECURITY,QUANTITY,DEAL_PRICE,FIRM,BROKER,IS_WASHTRADE) values (100657,'CHRBN6M5',to_timestamp('08-SEP-19 04.18.30.125000000 AM','DD-MON-RR HH.MI.SSXFF AM'),'buy',3030,72018,121.06368700332818,102,'ANGEL BROKING',0);
Insert into TRADES (TRADE_ID,TRADER,TIMESTAMP,BUY_SELL,SECURITY,QUANTITY,DEAL_PRICE,FIRM,BROKER,IS_WASHTRADE) values (100658,'JARTPV5E',to_timestamp('08-SEP-19 06.19.48.451000000 AM','DD-MON-RR HH.MI.SSXFF AM'),'sell',1204,43472,197.8973146715437,103,'MOTILAL OSWAL',0);
Insert into TRADES (TRADE_ID,TRADER,TIMESTAMP,BUY_SELL,SECURITY,QUANTITY,DEAL_PRICE,FIRM,BROKER,IS_WASHTRADE) values (100659,'KEN13ID0',to_timestamp('08-SEP-19 06.19.21.914000000 AM','DD-MON-RR HH.MI.SSXFF AM'),'buy',3030,16792,123.50773596286449,102,'FYERS',0);
Insert into TRADES (TRADE_ID,TRADER,TIMESTAMP,BUY_SELL,SECURITY,QUANTITY,DEAL_PRICE,FIRM,BROKER,IS_WASHTRADE) values (100660,'AUTVR07B',to_timestamp('08-SEP-19 03.38.27.624000000 AM','DD-MON-RR HH.MI.SSXFF AM'),'buy',3030,40199,199.49003081890532,103,'ICICI DIRECT',0);
Insert into TRADES (TRADE_ID,TRADER,TIMESTAMP,BUY_SELL,SECURITY,QUANTITY,DEAL_PRICE,FIRM,BROKER,IS_WASHTRADE) values (100661,'KENFND7Y',to_timestamp('08-SEP-19 10.45.26.222000000 AM','DD-MON-RR HH.MI.SSXFF AM'),'sell',1204,77554,193.56878085459553,101,'ZERODHA',0);
Insert into TRADES (TRADE_ID,TRADER,TIMESTAMP,BUY_SELL,SECURITY,QUANTITY,DEAL_PRICE,FIRM,BROKER,IS_WASHTRADE) values (100662,'KATGCHI5',to_timestamp('08-SEP-19 07.19.20.704000000 AM','DD-MON-RR HH.MI.SSXFF AM'),'sell',7890,41426,116.83679023151909,102,'FYERS',0);
Insert into TRADES (TRADE_ID,TRADER,TIMESTAMP,BUY_SELL,SECURITY,QUANTITY,DEAL_PRICE,FIRM,BROKER,IS_WASHTRADE) values (100663,'JAN4TTH1',to_timestamp('08-SEP-19 02.15.49.030000000 PM','DD-MON-RR HH.MI.SSXFF AM'),'sell',7890,42343,188.30325984759324,103,'ICICI DIRECT',0);
Insert into TRADES (TRADE_ID,TRADER,TIMESTAMP,BUY_SELL,SECURITY,QUANTITY,DEAL_PRICE,FIRM,BROKER,IS_WASHTRADE) values (100664,'CAR6Y40A',to_timestamp('08-SEP-19 03.59.05.134000000 PM','DD-MON-RR HH.MI.SSXFF AM'),'buy',9811,41605,187.5688220145911,101,'UPSTOX',0);
Insert into TRADES (TRADE_ID,TRADER,TIMESTAMP,BUY_SELL,SECURITY,QUANTITY,DEAL_PRICE,FIRM,BROKER,IS_WASHTRADE) values (100665,'JAKWVAYB',to_timestamp('08-SEP-19 01.15.23.588000000 AM','DD-MON-RR HH.MI.SSXFF AM'),'sell',7890,90636,116.0473652903022,102,'ICICI DIRECT',0);
Insert into TRADES (TRADE_ID,TRADER,TIMESTAMP,BUY_SELL,SECURITY,QUANTITY,DEAL_PRICE,FIRM,BROKER,IS_WASHTRADE) values (100666,'REGB527U',to_timestamp('08-SEP-19 01.49.32.952000000 PM','DD-MON-RR HH.MI.SSXFF AM'),'sell',3030,16061,195.06283207773924,101,'5PAISA',0);
Insert into TRADES (TRADE_ID,TRADER,TIMESTAMP,BUY_SELL,SECURITY,QUANTITY,DEAL_PRICE,FIRM,BROKER,IS_WASHTRADE) values (100667,'BAB9Q3TV',to_timestamp('08-SEP-19 08.54.46.704000000 PM','DD-MON-RR HH.MI.SSXFF AM'),'sell',1204,82948,199.46501544190505,103,'UPSTOX',0);
Insert into TRADES (TRADE_ID,TRADER,TIMESTAMP,BUY_SELL,SECURITY,QUANTITY,DEAL_PRICE,FIRM,BROKER,IS_WASHTRADE) values (100668,'CHAU7OK3',to_timestamp('08-SEP-19 12.00.15.674000000 PM','DD-MON-RR HH.MI.SSXFF AM'),'buy',1204,70928,193.1615708983465,101,'UPSTOX',0);
Insert into TRADES (TRADE_ID,TRADER,TIMESTAMP,BUY_SELL,SECURITY,QUANTITY,DEAL_PRICE,FIRM,BROKER,IS_WASHTRADE) values (100669,'GAGEPSYI',to_timestamp('08-SEP-19 05.31.47.783000000 AM','DD-MON-RR HH.MI.SSXFF AM'),'sell',3030,69497,199.5537330096281,103,'ANGEL BROKING',0);
Insert into TRADES (TRADE_ID,TRADER,TIMESTAMP,BUY_SELL,SECURITY,QUANTITY,DEAL_PRICE,FIRM,BROKER,IS_WASHTRADE) values (100670,'SHAQ3Q50',to_timestamp('08-SEP-19 10.18.09.400000000 AM','DD-MON-RR HH.MI.SSXFF AM'),'buy',1204,42521,199.18552764456305,103,'MOTILAL OSWAL',0);
Insert into TRADES (TRADE_ID,TRADER,TIMESTAMP,BUY_SELL,SECURITY,QUANTITY,DEAL_PRICE,FIRM,BROKER,IS_WASHTRADE) values (100671,'SHAQ3Q50',to_timestamp('08-SEP-19 11.10.21.596000000 PM','DD-MON-RR HH.MI.SSXFF AM'),'buy',3030,33148,121.98546528453898,102,'ANGEL BROKING',0);
Insert into TRADES (TRADE_ID,TRADER,TIMESTAMP,BUY_SELL,SECURITY,QUANTITY,DEAL_PRICE,FIRM,BROKER,IS_WASHTRADE) values (100672,'DONN9WWV',to_timestamp('08-SEP-19 03.38.17.158000000 PM','DD-MON-RR HH.MI.SSXFF AM'),'buy',1204,2602,197.70244209005392,103,'ICICI DIRECT',0);
Insert into TRADES (TRADE_ID,TRADER,TIMESTAMP,BUY_SELL,SECURITY,QUANTITY,DEAL_PRICE,FIRM,BROKER,IS_WASHTRADE) values (100673,'BRA2EBST',to_timestamp('08-SEP-19 01.47.37.582000000 PM','DD-MON-RR HH.MI.SSXFF AM'),'buy',1204,79026,192.8763033140259,101,'ANGEL BROKING',0);
Insert into TRADES (TRADE_ID,TRADER,TIMESTAMP,BUY_SELL,SECURITY,QUANTITY,DEAL_PRICE,FIRM,BROKER,IS_WASHTRADE) values (100674,'JEF6G3PC',to_timestamp('08-SEP-19 09.46.48.503000000 PM','DD-MON-RR HH.MI.SSXFF AM'),'sell',7890,1098,186.55777542250348,101,'5PAISA',0);
Insert into TRADES (TRADE_ID,TRADER,TIMESTAMP,BUY_SELL,SECURITY,QUANTITY,DEAL_PRICE,FIRM,BROKER,IS_WASHTRADE) values (100675,'GAB8QU2G',to_timestamp('08-SEP-19 04.21.59.855000000 PM','DD-MON-RR HH.MI.SSXFF AM'),'buy',9811,57488,194.00818914839664,103,'UPSTOX',0);
Insert into TRADES (TRADE_ID,TRADER,TIMESTAMP,BUY_SELL,SECURITY,QUANTITY,DEAL_PRICE,FIRM,BROKER,IS_WASHTRADE) values (100676,'CATCA8NP',to_timestamp('08-SEP-19 03.48.36.729000000 PM','DD-MON-RR HH.MI.SSXFF AM'),'buy',1204,73910,196.0701091432469,101,'SHAREKHAN',0);
Insert into TRADES (TRADE_ID,TRADER,TIMESTAMP,BUY_SELL,SECURITY,QUANTITY,DEAL_PRICE,FIRM,BROKER,IS_WASHTRADE) values (100677,'MAR2KY8Q',to_timestamp('08-SEP-19 12.26.46.376000000 AM','DD-MON-RR HH.MI.SSXFF AM'),'buy',1204,98465,199.54079605441078,103,'SHAREKHAN',0);
Insert into TRADES (TRADE_ID,TRADER,TIMESTAMP,BUY_SELL,SECURITY,QUANTITY,DEAL_PRICE,FIRM,BROKER,IS_WASHTRADE) values (100678,'JOH8XWOI',to_timestamp('08-SEP-19 10.16.21.284000000 PM','DD-MON-RR HH.MI.SSXFF AM'),'sell',3030,56939,195.0851154808071,101,'UPSTOX',0);
Insert into TRADES (TRADE_ID,TRADER,TIMESTAMP,BUY_SELL,SECURITY,QUANTITY,DEAL_PRICE,FIRM,BROKER,IS_WASHTRADE) values (100679,'JOECW7BS',to_timestamp('08-SEP-19 10.43.28.194000000 PM','DD-MON-RR HH.MI.SSXFF AM'),'sell',9811,7751,187.66542103766395,101,'ANGEL BROKING',0);
Insert into TRADES (TRADE_ID,TRADER,TIMESTAMP,BUY_SELL,SECURITY,QUANTITY,DEAL_PRICE,FIRM,BROKER,IS_WASHTRADE) values (100680,'SOUPBVBV',to_timestamp('08-SEP-19 03.48.16.426000000 AM','DD-MON-RR HH.MI.SSXFF AM'),'buy',9811,62593,119.25387146701463,102,'MOTILAL OSWAL',0);
Insert into TRADES (TRADE_ID,TRADER,TIMESTAMP,BUY_SELL,SECURITY,QUANTITY,DEAL_PRICE,FIRM,BROKER,IS_WASHTRADE) values (100681,'HEAOPO1B',to_timestamp('08-SEP-19 01.43.53.999000000 AM','DD-MON-RR HH.MI.SSXFF AM'),'buy',3030,34203,195.729698767116,101,'ZERODHA',0);
Insert into TRADES (TRADE_ID,TRADER,TIMESTAMP,BUY_SELL,SECURITY,QUANTITY,DEAL_PRICE,FIRM,BROKER,IS_WASHTRADE) values (100682,'TRAPRNSK',to_timestamp('08-SEP-19 10.53.56.171000000 PM','DD-MON-RR HH.MI.SSXFF AM'),'buy',1204,72443,192.92735326553134,101,'ZERODHA',0);
Insert into TRADES (TRADE_ID,TRADER,TIMESTAMP,BUY_SELL,SECURITY,QUANTITY,DEAL_PRICE,FIRM,BROKER,IS_WASHTRADE) values (100683,'CORDAQPS',to_timestamp('08-SEP-19 06.22.26.229000000 PM','DD-MON-RR HH.MI.SSXFF AM'),'sell',7890,43537,116.00342777023334,102,'SHAREKHAN',0);
Insert into TRADES (TRADE_ID,TRADER,TIMESTAMP,BUY_SELL,SECURITY,QUANTITY,DEAL_PRICE,FIRM,BROKER,IS_WASHTRADE) values (100684,'HEAOPO1B',to_timestamp('08-SEP-19 04.17.49.555000000 PM','DD-MON-RR HH.MI.SSXFF AM'),'buy',1204,97326,123.73365232513201,102,'UPSTOX',0);
Insert into TRADES (TRADE_ID,TRADER,TIMESTAMP,BUY_SELL,SECURITY,QUANTITY,DEAL_PRICE,FIRM,BROKER,IS_WASHTRADE) values (100685,'JESFJTRT',to_timestamp('08-SEP-19 09.23.26.787000000 AM','DD-MON-RR HH.MI.SSXFF AM'),'buy',1204,31441,122.51522751544393,102,'MOTILAL OSWAL',0);
Insert into TRADES (TRADE_ID,TRADER,TIMESTAMP,BUY_SELL,SECURITY,QUANTITY,DEAL_PRICE,FIRM,BROKER,IS_WASHTRADE) values (100686,'COLS34TU',to_timestamp('08-SEP-19 09.40.28.585000000 AM','DD-MON-RR HH.MI.SSXFF AM'),'buy',7890,92148,116.47687957643573,102,'ICICI DIRECT',0);
Insert into TRADES (TRADE_ID,TRADER,TIMESTAMP,BUY_SELL,SECURITY,QUANTITY,DEAL_PRICE,FIRM,BROKER,IS_WASHTRADE) values (100687,'CHRS30RF',to_timestamp('08-SEP-19 04.19.57.604000000 PM','DD-MON-RR HH.MI.SSXFF AM'),'sell',1204,58782,199.99783155499472,103,'MOTILAL OSWAL',0);
Insert into TRADES (TRADE_ID,TRADER,TIMESTAMP,BUY_SELL,SECURITY,QUANTITY,DEAL_PRICE,FIRM,BROKER,IS_WASHTRADE) values (100688,'DAW9KSVT',to_timestamp('08-SEP-19 09.28.23.225000000 PM','DD-MON-RR HH.MI.SSXFF AM'),'sell',3030,29843,195.91454964396794,101,'5PAISA',0);
Insert into TRADES (TRADE_ID,TRADER,TIMESTAMP,BUY_SELL,SECURITY,QUANTITY,DEAL_PRICE,FIRM,BROKER,IS_WASHTRADE) values (100689,'CHR22C80',to_timestamp('08-SEP-19 05.57.18.019000000 AM','DD-MON-RR HH.MI.SSXFF AM'),'buy',7890,13682,183.73305502346608,101,'SHAREKHAN',0);
Insert into TRADES (TRADE_ID,TRADER,TIMESTAMP,BUY_SELL,SECURITY,QUANTITY,DEAL_PRICE,FIRM,BROKER,IS_WASHTRADE) values (100690,'ROGJLA4F',to_timestamp('08-SEP-19 12.02.22.946000000 PM','DD-MON-RR HH.MI.SSXFF AM'),'sell',7890,24846,117.10594091052528,102,'MOTILAL OSWAL',0);
Insert into TRADES (TRADE_ID,TRADER,TIMESTAMP,BUY_SELL,SECURITY,QUANTITY,DEAL_PRICE,FIRM,BROKER,IS_WASHTRADE) values (100691,'CLAUGG1K',to_timestamp('08-SEP-19 11.00.51.727000000 AM','DD-MON-RR HH.MI.SSXFF AM'),'buy',3030,13930,198.03874704240064,103,'SHAREKHAN',0);
Insert into TRADES (TRADE_ID,TRADER,TIMESTAMP,BUY_SELL,SECURITY,QUANTITY,DEAL_PRICE,FIRM,BROKER,IS_WASHTRADE) values (100692,'GAU7P0MO',to_timestamp('08-SEP-19 04.07.01.878000000 AM','DD-MON-RR HH.MI.SSXFF AM'),'sell',3030,61326,200.29845076278755,103,'SHAREKHAN',0);
Insert into TRADES (TRADE_ID,TRADER,TIMESTAMP,BUY_SELL,SECURITY,QUANTITY,DEAL_PRICE,FIRM,BROKER,IS_WASHTRADE) values (100693,'DIXGY6R2',to_timestamp('08-SEP-19 05.44.35.322000000 AM','DD-MON-RR HH.MI.SSXFF AM'),'buy',9811,28122,189.5101502781746,101,'UPSTOX',0);
Insert into TRADES (TRADE_ID,TRADER,TIMESTAMP,BUY_SELL,SECURITY,QUANTITY,DEAL_PRICE,FIRM,BROKER,IS_WASHTRADE) values (100694,'CHAZWV3E',to_timestamp('08-SEP-19 07.01.24.075000000 AM','DD-MON-RR HH.MI.SSXFF AM'),'sell',1204,89376,196.1537245747733,101,'ICICI DIRECT',0);
Insert into TRADES (TRADE_ID,TRADER,TIMESTAMP,BUY_SELL,SECURITY,QUANTITY,DEAL_PRICE,FIRM,BROKER,IS_WASHTRADE) values (100695,'ZAC15CCX',to_timestamp('08-SEP-19 12.32.12.344000000 PM','DD-MON-RR HH.MI.SSXFF AM'),'sell',3030,99127,198.50600395712053,103,'SHAREKHAN',0);
Insert into TRADES (TRADE_ID,TRADER,TIMESTAMP,BUY_SELL,SECURITY,QUANTITY,DEAL_PRICE,FIRM,BROKER,IS_WASHTRADE) values (100696,'CAL7GPIE',to_timestamp('08-SEP-19 08.46.25.984000000 PM','DD-MON-RR HH.MI.SSXFF AM'),'buy',9811,29518,118.41181153048925,102,'ICICI DIRECT',0);
Insert into TRADES (TRADE_ID,TRADER,TIMESTAMP,BUY_SELL,SECURITY,QUANTITY,DEAL_PRICE,FIRM,BROKER,IS_WASHTRADE) values (100697,'JANOVB6M',to_timestamp('08-SEP-19 02.45.55.902000000 PM','DD-MON-RR HH.MI.SSXFF AM'),'buy',7890,14478,189.14109601414955,103,'ZERODHA',0);
Insert into TRADES (TRADE_ID,TRADER,TIMESTAMP,BUY_SELL,SECURITY,QUANTITY,DEAL_PRICE,FIRM,BROKER,IS_WASHTRADE) values (100698,'JOHA3YWQ',to_timestamp('08-SEP-19 12.31.44.410000000 AM','DD-MON-RR HH.MI.SSXFF AM'),'buy',9811,33652,192.2451713735398,103,'ANGEL BROKING',0);
Insert into TRADES (TRADE_ID,TRADER,TIMESTAMP,BUY_SELL,SECURITY,QUANTITY,DEAL_PRICE,FIRM,BROKER,IS_WASHTRADE) values (100699,'SAN99MVO',to_timestamp('08-SEP-19 04.38.33.591000000 AM','DD-MON-RR HH.MI.SSXFF AM'),'sell',9811,15549,193.53603250930433,103,'UPSTOX',0);
Insert into TRADES (TRADE_ID,TRADER,TIMESTAMP,BUY_SELL,SECURITY,QUANTITY,DEAL_PRICE,FIRM,BROKER,IS_WASHTRADE) values (100700,'AND89IQX',to_timestamp('08-SEP-19 12.02.19.517000000 PM','DD-MON-RR HH.MI.SSXFF AM'),'sell',9811,23656,187.374289977056,101,'SHAREKHAN',0);
Insert into TRADES (TRADE_ID,TRADER,TIMESTAMP,BUY_SELL,SECURITY,QUANTITY,DEAL_PRICE,FIRM,BROKER,IS_WASHTRADE) values (100701,'PAMLJK33',to_timestamp('08-SEP-19 10.38.24.943000000 PM','DD-MON-RR HH.MI.SSXFF AM'),'sell',1204,92574,195.3836533534727,101,'MOTILAL OSWAL',0);
Insert into TRADES (TRADE_ID,TRADER,TIMESTAMP,BUY_SELL,SECURITY,QUANTITY,DEAL_PRICE,FIRM,BROKER,IS_WASHTRADE) values (100702,'CHE9I7EY',to_timestamp('08-SEP-19 04.33.42.778000000 AM','DD-MON-RR HH.MI.SSXFF AM'),'sell',1204,557,194.42713768633905,101,'FYERS',0);
Insert into TRADES (TRADE_ID,TRADER,TIMESTAMP,BUY_SELL,SECURITY,QUANTITY,DEAL_PRICE,FIRM,BROKER,IS_WASHTRADE) values (100703,'BROJOU6L',to_timestamp('08-SEP-19 04.19.08.467000000 AM','DD-MON-RR HH.MI.SSXFF AM'),'buy',7890,35448,117.73130442074549,102,'MOTILAL OSWAL',0);
Insert into TRADES (TRADE_ID,TRADER,TIMESTAMP,BUY_SELL,SECURITY,QUANTITY,DEAL_PRICE,FIRM,BROKER,IS_WASHTRADE) values (100704,'DORL4QRF',to_timestamp('08-SEP-19 03.44.59.134000000 PM','DD-MON-RR HH.MI.SSXFF AM'),'sell',1204,45628,198.657115902903,103,'MOTILAL OSWAL',0);
Insert into TRADES (TRADE_ID,TRADER,TIMESTAMP,BUY_SELL,SECURITY,QUANTITY,DEAL_PRICE,FIRM,BROKER,IS_WASHTRADE) values (100705,'SHAR5F6A',to_timestamp('08-SEP-19 10.16.26.819000000 AM','DD-MON-RR HH.MI.SSXFF AM'),'sell',9811,21116,191.88239229180567,103,'SHAREKHAN',0);
Insert into TRADES (TRADE_ID,TRADER,TIMESTAMP,BUY_SELL,SECURITY,QUANTITY,DEAL_PRICE,FIRM,BROKER,IS_WASHTRADE) values (100706,'JYOKHC89',to_timestamp('08-SEP-19 03.18.19.858000000 AM','DD-MON-RR HH.MI.SSXFF AM'),'sell',3030,90582,198.28244540161475,103,'ANGEL BROKING',0);
Insert into TRADES (TRADE_ID,TRADER,TIMESTAMP,BUY_SELL,SECURITY,QUANTITY,DEAL_PRICE,FIRM,BROKER,IS_WASHTRADE) values (100707,'NICZZRQQ',to_timestamp('08-SEP-19 08.13.19.097000000 PM','DD-MON-RR HH.MI.SSXFF AM'),'buy',7890,39637,117.7770583132465,102,'ICICI DIRECT',0);
Insert into TRADES (TRADE_ID,TRADER,TIMESTAMP,BUY_SELL,SECURITY,QUANTITY,DEAL_PRICE,FIRM,BROKER,IS_WASHTRADE) values (100003,'BREUTPIM',to_timestamp('08-SEP-19 12.24.48.369000000 AM','DD-MON-RR HH.MI.SSXFF AM'),'sell',9811,23636,119.29610913632179,102,'ANGEL BROKING',0);
Insert into TRADES (TRADE_ID,TRADER,TIMESTAMP,BUY_SELL,SECURITY,QUANTITY,DEAL_PRICE,FIRM,BROKER,IS_WASHTRADE) values (100004,'VIC62V98',to_timestamp('08-SEP-19 03.13.22.387000000 PM','DD-MON-RR HH.MI.SSXFF AM'),'buy',9811,83810,189.89461140374667,101,'ANGEL BROKING',0);
Insert into TRADES (TRADE_ID,TRADER,TIMESTAMP,BUY_SELL,SECURITY,QUANTITY,DEAL_PRICE,FIRM,BROKER,IS_WASHTRADE) values (100005,'GAU7P0MO',to_timestamp('08-SEP-19 03.23.54.616000000 AM','DD-MON-RR HH.MI.SSXFF AM'),'buy',9811,46452,188.0044024197092,101,'FYERS',0);
Insert into TRADES (TRADE_ID,TRADER,TIMESTAMP,BUY_SELL,SECURITY,QUANTITY,DEAL_PRICE,FIRM,BROKER,IS_WASHTRADE) values (100006,'JANYOUWQ',to_timestamp('08-SEP-19 11.50.35.196000000 AM','DD-MON-RR HH.MI.SSXFF AM'),'buy',9811,80141,187.76632486497553,101,'ANGEL BROKING',0);
Insert into TRADES (TRADE_ID,TRADER,TIMESTAMP,BUY_SELL,SECURITY,QUANTITY,DEAL_PRICE,FIRM,BROKER,IS_WASHTRADE) values (100007,'SAN99MVO',to_timestamp('08-SEP-19 11.46.20.491000000 AM','DD-MON-RR HH.MI.SSXFF AM'),'sell',3030,77208,194.55057630988546,101,'MOTILAL OSWAL',0);
Insert into TRADES (TRADE_ID,TRADER,TIMESTAMP,BUY_SELL,SECURITY,QUANTITY,DEAL_PRICE,FIRM,BROKER,IS_WASHTRADE) values (100008,'MEL90RDH',to_timestamp('08-SEP-19 09.01.35.391000000 PM','DD-MON-RR HH.MI.SSXFF AM'),'sell',3030,17813,199.81634095448197,103,'ANGEL BROKING',0);
Insert into TRADES (TRADE_ID,TRADER,TIMESTAMP,BUY_SELL,SECURITY,QUANTITY,DEAL_PRICE,FIRM,BROKER,IS_WASHTRADE) values (100009,'MARJKAEW',to_timestamp('08-SEP-19 12.58.39.506000000 AM','DD-MON-RR HH.MI.SSXFF AM'),'buy',3030,84892,123.18142427369375,102,'ANGEL BROKING',0);
Insert into TRADES (TRADE_ID,TRADER,TIMESTAMP,BUY_SELL,SECURITY,QUANTITY,DEAL_PRICE,FIRM,BROKER,IS_WASHTRADE) values (100010,'CHAZWV3E',to_timestamp('08-SEP-19 11.36.07.524000000 PM','DD-MON-RR HH.MI.SSXFF AM'),'sell',1204,25845,195.3624088183748,101,'ANGEL BROKING',0);
Insert into TRADES (TRADE_ID,TRADER,TIMESTAMP,BUY_SELL,SECURITY,QUANTITY,DEAL_PRICE,FIRM,BROKER,IS_WASHTRADE) values (100011,'JORQC1K8',to_timestamp('08-SEP-19 06.21.14.503000000 PM','DD-MON-RR HH.MI.SSXFF AM'),'buy',1204,41928,193.4597701345162,101,'5PAISA',0);
Insert into TRADES (TRADE_ID,TRADER,TIMESTAMP,BUY_SELL,SECURITY,QUANTITY,DEAL_PRICE,FIRM,BROKER,IS_WASHTRADE) values (100012,'DAVYDUWM',to_timestamp('08-SEP-19 06.50.02.641000000 AM','DD-MON-RR HH.MI.SSXFF AM'),'buy',1204,2321,199.14803857412423,103,'ICICI DIRECT',0);
Insert into TRADES (TRADE_ID,TRADER,TIMESTAMP,BUY_SELL,SECURITY,QUANTITY,DEAL_PRICE,FIRM,BROKER,IS_WASHTRADE) values (100013,'VIC62V98',to_timestamp('08-SEP-19 07.15.59.177000000 PM','DD-MON-RR HH.MI.SSXFF AM'),'buy',9811,45012,188.59626091746216,101,'SHAREKHAN',0);
Insert into TRADES (TRADE_ID,TRADER,TIMESTAMP,BUY_SELL,SECURITY,QUANTITY,DEAL_PRICE,FIRM,BROKER,IS_WASHTRADE) values (100014,'CHE9I7EY',to_timestamp('08-SEP-19 01.13.30.400000000 PM','DD-MON-RR HH.MI.SSXFF AM'),'buy',1204,11130,195.68997007148852,101,'ICICI DIRECT',0);
Insert into TRADES (TRADE_ID,TRADER,TIMESTAMP,BUY_SELL,SECURITY,QUANTITY,DEAL_PRICE,FIRM,BROKER,IS_WASHTRADE) values (100015,'HEIH0KV5',to_timestamp('08-SEP-19 09.49.27.394000000 PM','DD-MON-RR HH.MI.SSXFF AM'),'sell',1204,18294,123.02880571679468,102,'MOTILAL OSWAL',0);
Insert into TRADES (TRADE_ID,TRADER,TIMESTAMP,BUY_SELL,SECURITY,QUANTITY,DEAL_PRICE,FIRM,BROKER,IS_WASHTRADE) values (100016,'CHR22C80',to_timestamp('08-SEP-19 08.42.42.247000000 AM','DD-MON-RR HH.MI.SSXFF AM'),'sell',1204,52031,194.29693384184688,101,'ICICI DIRECT',0);
Insert into TRADES (TRADE_ID,TRADER,TIMESTAMP,BUY_SELL,SECURITY,QUANTITY,DEAL_PRICE,FIRM,BROKER,IS_WASHTRADE) values (100017,'JAN4TTH1',to_timestamp('08-SEP-19 05.27.30.481000000 AM','DD-MON-RR HH.MI.SSXFF AM'),'buy',1204,3608,122.2653639488757,102,'SHAREKHAN',0);
Insert into TRADES (TRADE_ID,TRADER,TIMESTAMP,BUY_SELL,SECURITY,QUANTITY,DEAL_PRICE,FIRM,BROKER,IS_WASHTRADE) values (100018,'BLAEKYYI',to_timestamp('08-SEP-19 06.05.07.163000000 AM','DD-MON-RR HH.MI.SSXFF AM'),'sell',1204,9418,193.20720692124897,101,'ANGEL BROKING',0);
Insert into TRADES (TRADE_ID,TRADER,TIMESTAMP,BUY_SELL,SECURITY,QUANTITY,DEAL_PRICE,FIRM,BROKER,IS_WASHTRADE) values (100019,'ZAC15CCX',to_timestamp('08-SEP-19 02.14.54.845000000 PM','DD-MON-RR HH.MI.SSXFF AM'),'sell',7890,41318,183.90606053173573,101,'FYERS',0);
Insert into TRADES (TRADE_ID,TRADER,TIMESTAMP,BUY_SELL,SECURITY,QUANTITY,DEAL_PRICE,FIRM,BROKER,IS_WASHTRADE) values (100020,'LAUC4KJN',to_timestamp('08-SEP-19 05.38.34.274000000 AM','DD-MON-RR HH.MI.SSXFF AM'),'sell',3030,26066,121.78128887832928,102,'ANGEL BROKING',0);
Insert into TRADES (TRADE_ID,TRADER,TIMESTAMP,BUY_SELL,SECURITY,QUANTITY,DEAL_PRICE,FIRM,BROKER,IS_WASHTRADE) values (100021,'DAW9KSVT',to_timestamp('08-SEP-19 01.37.43.315000000 AM','DD-MON-RR HH.MI.SSXFF AM'),'sell',1204,43041,123.0160358468971,102,'FYERS',0);
Insert into TRADES (TRADE_ID,TRADER,TIMESTAMP,BUY_SELL,SECURITY,QUANTITY,DEAL_PRICE,FIRM,BROKER,IS_WASHTRADE) values (100022,'SOUPBVBV',to_timestamp('08-SEP-19 04.37.47.118000000 PM','DD-MON-RR HH.MI.SSXFF AM'),'buy',7890,72797,116.92884054771471,102,'UPSTOX',0);
Insert into TRADES (TRADE_ID,TRADER,TIMESTAMP,BUY_SELL,SECURITY,QUANTITY,DEAL_PRICE,FIRM,BROKER,IS_WASHTRADE) values (100023,'JORQC1K8',to_timestamp('08-SEP-19 02.20.48.163000000 PM','DD-MON-RR HH.MI.SSXFF AM'),'buy',9811,56708,194.80596920445944,103,'FYERS',0);
Insert into TRADES (TRADE_ID,TRADER,TIMESTAMP,BUY_SELL,SECURITY,QUANTITY,DEAL_PRICE,FIRM,BROKER,IS_WASHTRADE) values (100024,'JANOVB6M',to_timestamp('08-SEP-19 02.49.11.499000000 AM','DD-MON-RR HH.MI.SSXFF AM'),'sell',1204,17229,121.79579075289985,102,'UPSTOX',0);
Insert into TRADES (TRADE_ID,TRADER,TIMESTAMP,BUY_SELL,SECURITY,QUANTITY,DEAL_PRICE,FIRM,BROKER,IS_WASHTRADE) values (100025,'CHRBN6M5',to_timestamp('08-SEP-19 02.04.45.984000000 AM','DD-MON-RR HH.MI.SSXFF AM'),'buy',9811,25154,188.48123175508806,101,'ZERODHA',0);
Insert into TRADES (TRADE_ID,TRADER,TIMESTAMP,BUY_SELL,SECURITY,QUANTITY,DEAL_PRICE,FIRM,BROKER,IS_WASHTRADE) values (100026,'SUMQV73B',to_timestamp('08-SEP-19 03.47.42.371000000 AM','DD-MON-RR HH.MI.SSXFF AM'),'buy',3030,14655,121.22698027151665,102,'ZERODHA',0);
Insert into TRADES (TRADE_ID,TRADER,TIMESTAMP,BUY_SELL,SECURITY,QUANTITY,DEAL_PRICE,FIRM,BROKER,IS_WASHTRADE) values (100027,'CRAEM3BA',to_timestamp('08-SEP-19 07.03.59.150000000 AM','DD-MON-RR HH.MI.SSXFF AM'),'buy',7890,11044,184.2663867897783,101,'ZERODHA',0);
Insert into TRADES (TRADE_ID,TRADER,TIMESTAMP,BUY_SELL,SECURITY,QUANTITY,DEAL_PRICE,FIRM,BROKER,IS_WASHTRADE) values (100028,'ERIE2FOK',to_timestamp('08-SEP-19 03.43.34.150000000 AM','DD-MON-RR HH.MI.SSXFF AM'),'buy',9811,25026,192.56174609025607,103,'FYERS',0);
Insert into TRADES (TRADE_ID,TRADER,TIMESTAMP,BUY_SELL,SECURITY,QUANTITY,DEAL_PRICE,FIRM,BROKER,IS_WASHTRADE) values (100029,'SHAR5F6A',to_timestamp('08-SEP-19 04.02.19.347000000 AM','DD-MON-RR HH.MI.SSXFF AM'),'sell',7890,53954,186.37490361404397,101,'5PAISA',0);
Insert into TRADES (TRADE_ID,TRADER,TIMESTAMP,BUY_SELL,SECURITY,QUANTITY,DEAL_PRICE,FIRM,BROKER,IS_WASHTRADE) values (100030,'DANSQJD0',to_timestamp('08-SEP-19 10.40.32.875000000 PM','DD-MON-RR HH.MI.SSXFF AM'),'buy',1204,8533,121.57111328995248,102,'5PAISA',0);
Insert into TRADES (TRADE_ID,TRADER,TIMESTAMP,BUY_SELL,SECURITY,QUANTITY,DEAL_PRICE,FIRM,BROKER,IS_WASHTRADE) values (100031,'GAB8QU2G',to_timestamp('08-SEP-19 07.29.10.728000000 AM','DD-MON-RR HH.MI.SSXFF AM'),'sell',3030,73757,123.49156134748452,102,'FYERS',0);
Insert into TRADES (TRADE_ID,TRADER,TIMESTAMP,BUY_SELL,SECURITY,QUANTITY,DEAL_PRICE,FIRM,BROKER,IS_WASHTRADE) values (100032,'SAMTFFLS',to_timestamp('08-SEP-19 11.59.06.937000000 PM','DD-MON-RR HH.MI.SSXFF AM'),'buy',3030,75410,198.28185001402235,103,'ICICI DIRECT',0);
Insert into TRADES (TRADE_ID,TRADER,TIMESTAMP,BUY_SELL,SECURITY,QUANTITY,DEAL_PRICE,FIRM,BROKER,IS_WASHTRADE) values (100033,'MAR2KY8Q',to_timestamp('08-SEP-19 08.12.07.232000000 AM','DD-MON-RR HH.MI.SSXFF AM'),'sell',9811,69589,118.34162686485882,102,'ZERODHA',0);
Insert into TRADES (TRADE_ID,TRADER,TIMESTAMP,BUY_SELL,SECURITY,QUANTITY,DEAL_PRICE,FIRM,BROKER,IS_WASHTRADE) values (100034,'JUAFOXS2',to_timestamp('08-SEP-19 04.52.15.141000000 AM','DD-MON-RR HH.MI.SSXFF AM'),'sell',3030,20460,194.5192552217404,101,'ZERODHA',0);
Insert into TRADES (TRADE_ID,TRADER,TIMESTAMP,BUY_SELL,SECURITY,QUANTITY,DEAL_PRICE,FIRM,BROKER,IS_WASHTRADE) values (100035,'KEN13ID0',to_timestamp('08-SEP-19 01.42.25.411000000 AM','DD-MON-RR HH.MI.SSXFF AM'),'buy',9811,98153,120.18836420791823,102,'FYERS',0);
Insert into TRADES (TRADE_ID,TRADER,TIMESTAMP,BUY_SELL,SECURITY,QUANTITY,DEAL_PRICE,FIRM,BROKER,IS_WASHTRADE) values (100036,'CHRIREI1',to_timestamp('08-SEP-19 11.02.25.960000000 PM','DD-MON-RR HH.MI.SSXFF AM'),'buy',7890,81789,185.37378226592443,101,'ICICI DIRECT',0);
Insert into TRADES (TRADE_ID,TRADER,TIMESTAMP,BUY_SELL,SECURITY,QUANTITY,DEAL_PRICE,FIRM,BROKER,IS_WASHTRADE) values (100037,'WANECTKW',to_timestamp('08-SEP-19 01.37.54.964000000 PM','DD-MON-RR HH.MI.SSXFF AM'),'buy',1204,76194,198.19560656345953,103,'FYERS',0);
Insert into TRADES (TRADE_ID,TRADER,TIMESTAMP,BUY_SELL,SECURITY,QUANTITY,DEAL_PRICE,FIRM,BROKER,IS_WASHTRADE) values (100038,'ROS53TGD',to_timestamp('08-SEP-19 06.23.49.430000000 AM','DD-MON-RR HH.MI.SSXFF AM'),'sell',7890,36173,188.0584849970053,103,'UPSTOX',0);
Insert into TRADES (TRADE_ID,TRADER,TIMESTAMP,BUY_SELL,SECURITY,QUANTITY,DEAL_PRICE,FIRM,BROKER,IS_WASHTRADE) values (100039,'DERTAZB7',to_timestamp('08-SEP-19 03.47.18.261000000 PM','DD-MON-RR HH.MI.SSXFF AM'),'sell',9811,5796,193.55772087310797,103,'ANGEL BROKING',0);
Insert into TRADES (TRADE_ID,TRADER,TIMESTAMP,BUY_SELL,SECURITY,QUANTITY,DEAL_PRICE,FIRM,BROKER,IS_WASHTRADE) values (100040,'COLS34TU',to_timestamp('08-SEP-19 01.33.52.546000000 PM','DD-MON-RR HH.MI.SSXFF AM'),'buy',9811,62368,190.2029153468393,101,'ZERODHA',0);
Insert into TRADES (TRADE_ID,TRADER,TIMESTAMP,BUY_SELL,SECURITY,QUANTITY,DEAL_PRICE,FIRM,BROKER,IS_WASHTRADE) values (100041,'SUMQV73B',to_timestamp('08-SEP-19 10.18.12.257000000 PM','DD-MON-RR HH.MI.SSXFF AM'),'buy',3030,22600,195.49862944429196,101,'SHAREKHAN',0);
Insert into TRADES (TRADE_ID,TRADER,TIMESTAMP,BUY_SELL,SECURITY,QUANTITY,DEAL_PRICE,FIRM,BROKER,IS_WASHTRADE) values (100042,'BRIHFIYO',to_timestamp('08-SEP-19 01.15.59.632000000 AM','DD-MON-RR HH.MI.SSXFF AM'),'buy',3030,71843,195.87892260047965,101,'5PAISA',0);
Insert into TRADES (TRADE_ID,TRADER,TIMESTAMP,BUY_SELL,SECURITY,QUANTITY,DEAL_PRICE,FIRM,BROKER,IS_WASHTRADE) values (100043,'SHEMG1R5',to_timestamp('08-SEP-19 12.56.15.167000000 PM','DD-MON-RR HH.MI.SSXFF AM'),'sell',1204,13539,195.55096609209838,101,'ICICI DIRECT',0);
Insert into TRADES (TRADE_ID,TRADER,TIMESTAMP,BUY_SELL,SECURITY,QUANTITY,DEAL_PRICE,FIRM,BROKER,IS_WASHTRADE) values (100044,'GINU6KRU',to_timestamp('08-SEP-19 09.05.00.382000000 PM','DD-MON-RR HH.MI.SSXFF AM'),'sell',1204,10925,123.21144047478012,102,'FYERS',0);
Insert into TRADES (TRADE_ID,TRADER,TIMESTAMP,BUY_SELL,SECURITY,QUANTITY,DEAL_PRICE,FIRM,BROKER,IS_WASHTRADE) values (100045,'TAYKKPA8',to_timestamp('08-SEP-19 10.06.21.038000000 AM','DD-MON-RR HH.MI.SSXFF AM'),'buy',1204,21694,123.02449549945104,102,'ZERODHA',0);
Insert into TRADES (TRADE_ID,TRADER,TIMESTAMP,BUY_SELL,SECURITY,QUANTITY,DEAL_PRICE,FIRM,BROKER,IS_WASHTRADE) values (100046,'TYRLL4RI',to_timestamp('08-SEP-19 06.47.19.411000000 PM','DD-MON-RR HH.MI.SSXFF AM'),'sell',3030,54079,123.36519310192276,102,'ANGEL BROKING',0);
Insert into TRADES (TRADE_ID,TRADER,TIMESTAMP,BUY_SELL,SECURITY,QUANTITY,DEAL_PRICE,FIRM,BROKER,IS_WASHTRADE) values (100047,'JESFJTRT',to_timestamp('08-SEP-19 11.03.11.792000000 PM','DD-MON-RR HH.MI.SSXFF AM'),'sell',3030,70300,200.12664340003354,103,'SHAREKHAN',0);
Insert into TRADES (TRADE_ID,TRADER,TIMESTAMP,BUY_SELL,SECURITY,QUANTITY,DEAL_PRICE,FIRM,BROKER,IS_WASHTRADE) values (100048,'SOUPBVBV',to_timestamp('08-SEP-19 11.38.11.707000000 PM','DD-MON-RR HH.MI.SSXFF AM'),'sell',1204,56892,122.18094225441034,102,'MOTILAL OSWAL',0);
Insert into TRADES (TRADE_ID,TRADER,TIMESTAMP,BUY_SELL,SECURITY,QUANTITY,DEAL_PRICE,FIRM,BROKER,IS_WASHTRADE) values (100049,'SHAPXEM3',to_timestamp('08-SEP-19 09.23.13.228000000 PM','DD-MON-RR HH.MI.SSXFF AM'),'sell',3030,62583,199.23690470947767,103,'UPSTOX',0);
Insert into TRADES (TRADE_ID,TRADER,TIMESTAMP,BUY_SELL,SECURITY,QUANTITY,DEAL_PRICE,FIRM,BROKER,IS_WASHTRADE) values (100050,'RON9S76W',to_timestamp('08-SEP-19 11.21.57.537000000 PM','DD-MON-RR HH.MI.SSXFF AM'),'sell',9811,46499,192.99390691012007,103,'SHAREKHAN',0);
Insert into TRADES (TRADE_ID,TRADER,TIMESTAMP,BUY_SELL,SECURITY,QUANTITY,DEAL_PRICE,FIRM,BROKER,IS_WASHTRADE) values (100051,'CHAZWV3E',to_timestamp('08-SEP-19 11.22.42.827000000 AM','DD-MON-RR HH.MI.SSXFF AM'),'buy',9811,63116,119.0849467309849,102,'ANGEL BROKING',0);
Insert into TRADES (TRADE_ID,TRADER,TIMESTAMP,BUY_SELL,SECURITY,QUANTITY,DEAL_PRICE,FIRM,BROKER,IS_WASHTRADE) values (100052,'TIMPUTKJ',to_timestamp('08-SEP-19 03.22.47.704000000 PM','DD-MON-RR HH.MI.SSXFF AM'),'sell',3030,9752,122.73317436035273,102,'UPSTOX',0);
Insert into TRADES (TRADE_ID,TRADER,TIMESTAMP,BUY_SELL,SECURITY,QUANTITY,DEAL_PRICE,FIRM,BROKER,IS_WASHTRADE) values (100053,'ERIE2FOK',to_timestamp('08-SEP-19 07.08.47.803000000 PM','DD-MON-RR HH.MI.SSXFF AM'),'buy',1204,4357,195.81930684531997,101,'5PAISA',0);
Insert into TRADES (TRADE_ID,TRADER,TIMESTAMP,BUY_SELL,SECURITY,QUANTITY,DEAL_PRICE,FIRM,BROKER,IS_WASHTRADE) values (100054,'DEAU7LQT',to_timestamp('08-SEP-19 09.00.54.784000000 AM','DD-MON-RR HH.MI.SSXFF AM'),'buy',3030,36946,198.69395311430347,103,'MOTILAL OSWAL',0);
Insert into TRADES (TRADE_ID,TRADER,TIMESTAMP,BUY_SELL,SECURITY,QUANTITY,DEAL_PRICE,FIRM,BROKER,IS_WASHTRADE) values (100055,'JES3RBBJ',to_timestamp('08-SEP-19 10.24.45.610000000 PM','DD-MON-RR HH.MI.SSXFF AM'),'sell',3030,90795,123.05679965420192,102,'ZERODHA',0);
Insert into TRADES (TRADE_ID,TRADER,TIMESTAMP,BUY_SELL,SECURITY,QUANTITY,DEAL_PRICE,FIRM,BROKER,IS_WASHTRADE) values (100056,'TAYKKPA8',to_timestamp('08-SEP-19 04.52.27.610000000 AM','DD-MON-RR HH.MI.SSXFF AM'),'sell',9811,36589,119.96455720738422,102,'ZERODHA',0);
Insert into TRADES (TRADE_ID,TRADER,TIMESTAMP,BUY_SELL,SECURITY,QUANTITY,DEAL_PRICE,FIRM,BROKER,IS_WASHTRADE) values (100057,'CHRBN6M5',to_timestamp('08-SEP-19 08.45.40.885000000 AM','DD-MON-RR HH.MI.SSXFF AM'),'buy',3030,72018,122.79023034512252,102,'ANGEL BROKING',0);
Insert into TRADES (TRADE_ID,TRADER,TIMESTAMP,BUY_SELL,SECURITY,QUANTITY,DEAL_PRICE,FIRM,BROKER,IS_WASHTRADE) values (100058,'JARTPV5E',to_timestamp('08-SEP-19 07.03.24.029000000 AM','DD-MON-RR HH.MI.SSXFF AM'),'sell',1204,43472,199.8507948248905,103,'MOTILAL OSWAL',0);
Insert into TRADES (TRADE_ID,TRADER,TIMESTAMP,BUY_SELL,SECURITY,QUANTITY,DEAL_PRICE,FIRM,BROKER,IS_WASHTRADE) values (100059,'KEN13ID0',to_timestamp('08-SEP-19 11.22.56.519000000 AM','DD-MON-RR HH.MI.SSXFF AM'),'buy',3030,16792,123.26072207343427,102,'FYERS',0);
Insert into TRADES (TRADE_ID,TRADER,TIMESTAMP,BUY_SELL,SECURITY,QUANTITY,DEAL_PRICE,FIRM,BROKER,IS_WASHTRADE) values (100060,'AUTVR07B',to_timestamp('08-SEP-19 02.23.20.408000000 PM','DD-MON-RR HH.MI.SSXFF AM'),'buy',3030,40199,198.91604868187605,103,'ICICI DIRECT',0);
Insert into TRADES (TRADE_ID,TRADER,TIMESTAMP,BUY_SELL,SECURITY,QUANTITY,DEAL_PRICE,FIRM,BROKER,IS_WASHTRADE) values (100061,'KENFND7Y',to_timestamp('08-SEP-19 09.38.46.951000000 AM','DD-MON-RR HH.MI.SSXFF AM'),'sell',1204,77554,193.5872060840609,101,'ZERODHA',0);
Insert into TRADES (TRADE_ID,TRADER,TIMESTAMP,BUY_SELL,SECURITY,QUANTITY,DEAL_PRICE,FIRM,BROKER,IS_WASHTRADE) values (100062,'KATGCHI5',to_timestamp('08-SEP-19 12.22.24.672000000 PM','DD-MON-RR HH.MI.SSXFF AM'),'sell',7890,41426,116.45864243418956,102,'FYERS',0);
Insert into TRADES (TRADE_ID,TRADER,TIMESTAMP,BUY_SELL,SECURITY,QUANTITY,DEAL_PRICE,FIRM,BROKER,IS_WASHTRADE) values (100063,'JAN4TTH1',to_timestamp('08-SEP-19 10.28.12.940000000 AM','DD-MON-RR HH.MI.SSXFF AM'),'sell',7890,42343,189.43172993516527,103,'ICICI DIRECT',0);
Insert into TRADES (TRADE_ID,TRADER,TIMESTAMP,BUY_SELL,SECURITY,QUANTITY,DEAL_PRICE,FIRM,BROKER,IS_WASHTRADE) values (100064,'CAR6Y40A',to_timestamp('08-SEP-19 06.53.02.389000000 AM','DD-MON-RR HH.MI.SSXFF AM'),'buy',9811,41605,188.99087393837243,101,'UPSTOX',0);
Insert into TRADES (TRADE_ID,TRADER,TIMESTAMP,BUY_SELL,SECURITY,QUANTITY,DEAL_PRICE,FIRM,BROKER,IS_WASHTRADE) values (100065,'JAKWVAYB',to_timestamp('08-SEP-19 12.31.53.655000000 PM','DD-MON-RR HH.MI.SSXFF AM'),'sell',7890,90636,116.39513250351408,102,'ICICI DIRECT',0);
Insert into TRADES (TRADE_ID,TRADER,TIMESTAMP,BUY_SELL,SECURITY,QUANTITY,DEAL_PRICE,FIRM,BROKER,IS_WASHTRADE) values (100066,'REGB527U',to_timestamp('08-SEP-19 09.21.21.807000000 PM','DD-MON-RR HH.MI.SSXFF AM'),'sell',3030,16061,195.34582323221866,101,'5PAISA',0);
Insert into TRADES (TRADE_ID,TRADER,TIMESTAMP,BUY_SELL,SECURITY,QUANTITY,DEAL_PRICE,FIRM,BROKER,IS_WASHTRADE) values (100067,'BAB9Q3TV',to_timestamp('08-SEP-19 10.38.47.966000000 PM','DD-MON-RR HH.MI.SSXFF AM'),'sell',1204,82948,197.6367367852969,103,'UPSTOX',0);
Insert into TRADES (TRADE_ID,TRADER,TIMESTAMP,BUY_SELL,SECURITY,QUANTITY,DEAL_PRICE,FIRM,BROKER,IS_WASHTRADE) values (100068,'CHAU7OK3',to_timestamp('08-SEP-19 08.25.23.208000000 PM','DD-MON-RR HH.MI.SSXFF AM'),'buy',1204,70928,196.11282057518503,101,'UPSTOX',0);
Insert into TRADES (TRADE_ID,TRADER,TIMESTAMP,BUY_SELL,SECURITY,QUANTITY,DEAL_PRICE,FIRM,BROKER,IS_WASHTRADE) values (100069,'GAGEPSYI',to_timestamp('08-SEP-19 06.03.17.115000000 PM','DD-MON-RR HH.MI.SSXFF AM'),'sell',3030,69497,198.17298037197284,103,'ANGEL BROKING',0);
Insert into TRADES (TRADE_ID,TRADER,TIMESTAMP,BUY_SELL,SECURITY,QUANTITY,DEAL_PRICE,FIRM,BROKER,IS_WASHTRADE) values (100070,'SHAQ3Q50',to_timestamp('08-SEP-19 11.06.19.977000000 AM','DD-MON-RR HH.MI.SSXFF AM'),'buy',1204,42521,199.80536684420358,103,'MOTILAL OSWAL',0);
Insert into TRADES (TRADE_ID,TRADER,TIMESTAMP,BUY_SELL,SECURITY,QUANTITY,DEAL_PRICE,FIRM,BROKER,IS_WASHTRADE) values (100071,'SHAQ3Q50',to_timestamp('08-SEP-19 08.20.59.388000000 PM','DD-MON-RR HH.MI.SSXFF AM'),'buy',3030,33148,122.38755499794087,102,'ANGEL BROKING',0);
Insert into TRADES (TRADE_ID,TRADER,TIMESTAMP,BUY_SELL,SECURITY,QUANTITY,DEAL_PRICE,FIRM,BROKER,IS_WASHTRADE) values (100072,'DONN9WWV',to_timestamp('08-SEP-19 03.36.12.445000000 AM','DD-MON-RR HH.MI.SSXFF AM'),'buy',1204,2602,198.78261725189498,103,'ICICI DIRECT',0);
Insert into TRADES (TRADE_ID,TRADER,TIMESTAMP,BUY_SELL,SECURITY,QUANTITY,DEAL_PRICE,FIRM,BROKER,IS_WASHTRADE) values (100073,'BRA2EBST',to_timestamp('08-SEP-19 01.08.48.888000000 PM','DD-MON-RR HH.MI.SSXFF AM'),'buy',1204,79026,196.20343592044998,101,'ANGEL BROKING',0);
Insert into TRADES (TRADE_ID,TRADER,TIMESTAMP,BUY_SELL,SECURITY,QUANTITY,DEAL_PRICE,FIRM,BROKER,IS_WASHTRADE) values (100074,'JEF6G3PC',to_timestamp('08-SEP-19 10.41.00.708000000 PM','DD-MON-RR HH.MI.SSXFF AM'),'sell',7890,1098,186.5127224562721,101,'5PAISA',0);
Insert into TRADES (TRADE_ID,TRADER,TIMESTAMP,BUY_SELL,SECURITY,QUANTITY,DEAL_PRICE,FIRM,BROKER,IS_WASHTRADE) values (100075,'GAB8QU2G',to_timestamp('08-SEP-19 01.24.28.875000000 AM','DD-MON-RR HH.MI.SSXFF AM'),'buy',9811,57488,193.20077158227033,103,'UPSTOX',0);
Insert into TRADES (TRADE_ID,TRADER,TIMESTAMP,BUY_SELL,SECURITY,QUANTITY,DEAL_PRICE,FIRM,BROKER,IS_WASHTRADE) values (100076,'CATCA8NP',to_timestamp('08-SEP-19 04.10.28.062000000 PM','DD-MON-RR HH.MI.SSXFF AM'),'buy',1204,73910,193.9950807152126,101,'SHAREKHAN',0);
Insert into TRADES (TRADE_ID,TRADER,TIMESTAMP,BUY_SELL,SECURITY,QUANTITY,DEAL_PRICE,FIRM,BROKER,IS_WASHTRADE) values (100077,'MAR2KY8Q',to_timestamp('08-SEP-19 01.12.30.254000000 AM','DD-MON-RR HH.MI.SSXFF AM'),'buy',1204,98465,199.69556696748046,103,'SHAREKHAN',0);
Insert into TRADES (TRADE_ID,TRADER,TIMESTAMP,BUY_SELL,SECURITY,QUANTITY,DEAL_PRICE,FIRM,BROKER,IS_WASHTRADE) values (100078,'JOH8XWOI',to_timestamp('08-SEP-19 05.09.12.380000000 AM','DD-MON-RR HH.MI.SSXFF AM'),'sell',3030,56939,193.5856517618225,101,'UPSTOX',0);
Insert into TRADES (TRADE_ID,TRADER,TIMESTAMP,BUY_SELL,SECURITY,QUANTITY,DEAL_PRICE,FIRM,BROKER,IS_WASHTRADE) values (100079,'JOECW7BS',to_timestamp('08-SEP-19 08.29.41.660000000 PM','DD-MON-RR HH.MI.SSXFF AM'),'sell',9811,7751,188.97304285870086,101,'ANGEL BROKING',0);
Insert into TRADES (TRADE_ID,TRADER,TIMESTAMP,BUY_SELL,SECURITY,QUANTITY,DEAL_PRICE,FIRM,BROKER,IS_WASHTRADE) values (100080,'SOUPBVBV',to_timestamp('08-SEP-19 02.21.17.505000000 AM','DD-MON-RR HH.MI.SSXFF AM'),'buy',9811,62593,119.43425282916046,102,'MOTILAL OSWAL',0);
Insert into TRADES (TRADE_ID,TRADER,TIMESTAMP,BUY_SELL,SECURITY,QUANTITY,DEAL_PRICE,FIRM,BROKER,IS_WASHTRADE) values (100081,'HEAOPO1B',to_timestamp('08-SEP-19 12.20.53.766000000 AM','DD-MON-RR HH.MI.SSXFF AM'),'buy',3030,34203,192.7616713316379,101,'ZERODHA',0);
Insert into TRADES (TRADE_ID,TRADER,TIMESTAMP,BUY_SELL,SECURITY,QUANTITY,DEAL_PRICE,FIRM,BROKER,IS_WASHTRADE) values (100082,'TRAPRNSK',to_timestamp('08-SEP-19 11.52.20.428000000 AM','DD-MON-RR HH.MI.SSXFF AM'),'buy',1204,72443,193.03489456386018,101,'ZERODHA',0);
Insert into TRADES (TRADE_ID,TRADER,TIMESTAMP,BUY_SELL,SECURITY,QUANTITY,DEAL_PRICE,FIRM,BROKER,IS_WASHTRADE) values (100083,'CORDAQPS',to_timestamp('08-SEP-19 03.03.31.362000000 PM','DD-MON-RR HH.MI.SSXFF AM'),'sell',7890,43537,116.0839551770725,102,'SHAREKHAN',0);
Insert into TRADES (TRADE_ID,TRADER,TIMESTAMP,BUY_SELL,SECURITY,QUANTITY,DEAL_PRICE,FIRM,BROKER,IS_WASHTRADE) values (100084,'HEAOPO1B',to_timestamp('08-SEP-19 08.26.31.626000000 PM','DD-MON-RR HH.MI.SSXFF AM'),'buy',1204,97326,122.19470149980528,102,'UPSTOX',0);
Insert into TRADES (TRADE_ID,TRADER,TIMESTAMP,BUY_SELL,SECURITY,QUANTITY,DEAL_PRICE,FIRM,BROKER,IS_WASHTRADE) values (100085,'JESFJTRT',to_timestamp('08-SEP-19 04.58.56.447000000 AM','DD-MON-RR HH.MI.SSXFF AM'),'buy',1204,31441,122.0361037094835,102,'MOTILAL OSWAL',0);
Insert into TRADES (TRADE_ID,TRADER,TIMESTAMP,BUY_SELL,SECURITY,QUANTITY,DEAL_PRICE,FIRM,BROKER,IS_WASHTRADE) values (100086,'COLS34TU',to_timestamp('08-SEP-19 07.57.05.142000000 PM','DD-MON-RR HH.MI.SSXFF AM'),'buy',7890,92148,117.71117403139827,102,'ICICI DIRECT',0);
Insert into TRADES (TRADE_ID,TRADER,TIMESTAMP,BUY_SELL,SECURITY,QUANTITY,DEAL_PRICE,FIRM,BROKER,IS_WASHTRADE) values (100087,'CHRS30RF',to_timestamp('08-SEP-19 04.03.49.052000000 PM','DD-MON-RR HH.MI.SSXFF AM'),'sell',1204,58782,197.48106654469117,103,'MOTILAL OSWAL',0);
Insert into TRADES (TRADE_ID,TRADER,TIMESTAMP,BUY_SELL,SECURITY,QUANTITY,DEAL_PRICE,FIRM,BROKER,IS_WASHTRADE) values (100088,'DAW9KSVT',to_timestamp('08-SEP-19 09.08.40.872000000 PM','DD-MON-RR HH.MI.SSXFF AM'),'sell',3030,29843,194.94382070212245,101,'5PAISA',0);
Insert into TRADES (TRADE_ID,TRADER,TIMESTAMP,BUY_SELL,SECURITY,QUANTITY,DEAL_PRICE,FIRM,BROKER,IS_WASHTRADE) values (100089,'CHR22C80',to_timestamp('08-SEP-19 05.51.33.344000000 AM','DD-MON-RR HH.MI.SSXFF AM'),'buy',7890,13682,184.3596554681536,101,'SHAREKHAN',0);
Insert into TRADES (TRADE_ID,TRADER,TIMESTAMP,BUY_SELL,SECURITY,QUANTITY,DEAL_PRICE,FIRM,BROKER,IS_WASHTRADE) values (100090,'ROGJLA4F',to_timestamp('08-SEP-19 12.00.53.810000000 PM','DD-MON-RR HH.MI.SSXFF AM'),'sell',7890,24846,117.16286889714615,102,'MOTILAL OSWAL',0);
Insert into TRADES (TRADE_ID,TRADER,TIMESTAMP,BUY_SELL,SECURITY,QUANTITY,DEAL_PRICE,FIRM,BROKER,IS_WASHTRADE) values (100091,'CLAUGG1K',to_timestamp('08-SEP-19 12.01.49.892000000 AM','DD-MON-RR HH.MI.SSXFF AM'),'buy',3030,13930,198.55862931891002,103,'SHAREKHAN',0);
Insert into TRADES (TRADE_ID,TRADER,TIMESTAMP,BUY_SELL,SECURITY,QUANTITY,DEAL_PRICE,FIRM,BROKER,IS_WASHTRADE) values (100092,'GAU7P0MO',to_timestamp('08-SEP-19 04.39.12.692000000 PM','DD-MON-RR HH.MI.SSXFF AM'),'sell',3030,61326,197.36947866664994,103,'SHAREKHAN',0);
Insert into TRADES (TRADE_ID,TRADER,TIMESTAMP,BUY_SELL,SECURITY,QUANTITY,DEAL_PRICE,FIRM,BROKER,IS_WASHTRADE) values (100093,'DIXGY6R2',to_timestamp('08-SEP-19 06.06.24.563000000 PM','DD-MON-RR HH.MI.SSXFF AM'),'buy',9811,28122,189.6998171757811,101,'UPSTOX',0);
Insert into TRADES (TRADE_ID,TRADER,TIMESTAMP,BUY_SELL,SECURITY,QUANTITY,DEAL_PRICE,FIRM,BROKER,IS_WASHTRADE) values (100094,'CHAZWV3E',to_timestamp('08-SEP-19 12.20.53.257000000 AM','DD-MON-RR HH.MI.SSXFF AM'),'sell',1204,89376,194.03529966534333,101,'ICICI DIRECT',0);
Insert into TRADES (TRADE_ID,TRADER,TIMESTAMP,BUY_SELL,SECURITY,QUANTITY,DEAL_PRICE,FIRM,BROKER,IS_WASHTRADE) values (100095,'ZAC15CCX',to_timestamp('08-SEP-19 11.45.45.228000000 PM','DD-MON-RR HH.MI.SSXFF AM'),'sell',3030,99127,200.56598146641127,103,'SHAREKHAN',0);
Insert into TRADES (TRADE_ID,TRADER,TIMESTAMP,BUY_SELL,SECURITY,QUANTITY,DEAL_PRICE,FIRM,BROKER,IS_WASHTRADE) values (100096,'CAL7GPIE',to_timestamp('08-SEP-19 04.48.18.394000000 AM','DD-MON-RR HH.MI.SSXFF AM'),'buy',9811,29518,119.9355287182049,102,'ICICI DIRECT',0);
Insert into TRADES (TRADE_ID,TRADER,TIMESTAMP,BUY_SELL,SECURITY,QUANTITY,DEAL_PRICE,FIRM,BROKER,IS_WASHTRADE) values (100097,'JANOVB6M',to_timestamp('08-SEP-19 12.09.53.244000000 PM','DD-MON-RR HH.MI.SSXFF AM'),'buy',7890,14478,190.9319874387615,103,'ZERODHA',0);
Insert into TRADES (TRADE_ID,TRADER,TIMESTAMP,BUY_SELL,SECURITY,QUANTITY,DEAL_PRICE,FIRM,BROKER,IS_WASHTRADE) values (100098,'JOHA3YWQ',to_timestamp('08-SEP-19 11.14.08.228000000 AM','DD-MON-RR HH.MI.SSXFF AM'),'buy',9811,33652,192.77820940284337,103,'ANGEL BROKING',0);
Insert into TRADES (TRADE_ID,TRADER,TIMESTAMP,BUY_SELL,SECURITY,QUANTITY,DEAL_PRICE,FIRM,BROKER,IS_WASHTRADE) values (100099,'SAN99MVO',to_timestamp('08-SEP-19 10.47.22.244000000 AM','DD-MON-RR HH.MI.SSXFF AM'),'sell',9811,15549,193.72169708803213,103,'UPSTOX',0);
Insert into TRADES (TRADE_ID,TRADER,TIMESTAMP,BUY_SELL,SECURITY,QUANTITY,DEAL_PRICE,FIRM,BROKER,IS_WASHTRADE) values (100100,'AND89IQX',to_timestamp('08-SEP-19 07.46.27.071000000 PM','DD-MON-RR HH.MI.SSXFF AM'),'sell',9811,23656,188.7311077585843,101,'SHAREKHAN',0);
Insert into TRADES (TRADE_ID,TRADER,TIMESTAMP,BUY_SELL,SECURITY,QUANTITY,DEAL_PRICE,FIRM,BROKER,IS_WASHTRADE) values (100101,'PAMLJK33',to_timestamp('08-SEP-19 02.29.36.350000000 PM','DD-MON-RR HH.MI.SSXFF AM'),'sell',1204,92574,193.2252332687121,101,'MOTILAL OSWAL',0);
Insert into TRADES (TRADE_ID,TRADER,TIMESTAMP,BUY_SELL,SECURITY,QUANTITY,DEAL_PRICE,FIRM,BROKER,IS_WASHTRADE) values (100001,'SARVG1XN',to_timestamp('08-SEP-19 03.00.21.011000000 PM','DD-MON-RR HH.MI.SSXFF AM'),'sell',9811,54995,193.152173239448,103,'SHAREKHAN',0);
Insert into TRADES (TRADE_ID,TRADER,TIMESTAMP,BUY_SELL,SECURITY,QUANTITY,DEAL_PRICE,FIRM,BROKER,IS_WASHTRADE) values (100002,'CHRBN6M5',to_timestamp('08-SEP-19 07.46.11.346000000 PM','DD-MON-RR HH.MI.SSXFF AM'),'buy',3030,17258,192.76484626250146,101,'ICICI DIRECT',0);
Insert into TRADES (TRADE_ID,TRADER,TIMESTAMP,BUY_SELL,SECURITY,QUANTITY,DEAL_PRICE,FIRM,BROKER,IS_WASHTRADE) values (100102,'CHE9I7EY',to_timestamp('08-SEP-19 01.45.10.447000000 AM','DD-MON-RR HH.MI.SSXFF AM'),'sell',1204,557,195.7075271068199,101,'FYERS',0);
Insert into TRADES (TRADE_ID,TRADER,TIMESTAMP,BUY_SELL,SECURITY,QUANTITY,DEAL_PRICE,FIRM,BROKER,IS_WASHTRADE) values (100103,'BROJOU6L',to_timestamp('08-SEP-19 04.57.47.751000000 AM','DD-MON-RR HH.MI.SSXFF AM'),'buy',7890,35448,117.09981341386002,102,'MOTILAL OSWAL',0);
Insert into TRADES (TRADE_ID,TRADER,TIMESTAMP,BUY_SELL,SECURITY,QUANTITY,DEAL_PRICE,FIRM,BROKER,IS_WASHTRADE) values (100104,'DORL4QRF',to_timestamp('08-SEP-19 08.34.13.653000000 PM','DD-MON-RR HH.MI.SSXFF AM'),'sell',1204,45628,199.079658306175,103,'MOTILAL OSWAL',0);
Insert into TRADES (TRADE_ID,TRADER,TIMESTAMP,BUY_SELL,SECURITY,QUANTITY,DEAL_PRICE,FIRM,BROKER,IS_WASHTRADE) values (100105,'SHAR5F6A',to_timestamp('08-SEP-19 03.43.14.496000000 AM','DD-MON-RR HH.MI.SSXFF AM'),'sell',9811,21116,194.5221212713153,103,'SHAREKHAN',0);
Insert into TRADES (TRADE_ID,TRADER,TIMESTAMP,BUY_SELL,SECURITY,QUANTITY,DEAL_PRICE,FIRM,BROKER,IS_WASHTRADE) values (100106,'JYOKHC89',to_timestamp('08-SEP-19 08.29.02.555000000 PM','DD-MON-RR HH.MI.SSXFF AM'),'sell',3030,90582,199.23975086859602,103,'ANGEL BROKING',0);
Insert into TRADES (TRADE_ID,TRADER,TIMESTAMP,BUY_SELL,SECURITY,QUANTITY,DEAL_PRICE,FIRM,BROKER,IS_WASHTRADE) values (100107,'NICZZRQQ',to_timestamp('08-SEP-19 03.47.07.009000000 PM','DD-MON-RR HH.MI.SSXFF AM'),'buy',7890,39637,117.66122169084922,102,'ICICI DIRECT',0);
Insert into TRADES (TRADE_ID,TRADER,TIMESTAMP,BUY_SELL,SECURITY,QUANTITY,DEAL_PRICE,FIRM,BROKER,IS_WASHTRADE) values (100108,'REBF1PYG',to_timestamp('08-SEP-19 01.11.57.434000000 AM','DD-MON-RR HH.MI.SSXFF AM'),'sell',3030,64345,193.80072802490469,101,'5PAISA',0);
Insert into TRADES (TRADE_ID,TRADER,TIMESTAMP,BUY_SELL,SECURITY,QUANTITY,DEAL_PRICE,FIRM,BROKER,IS_WASHTRADE) values (100109,'JACHZRQ9',to_timestamp('08-SEP-19 09.24.51.413000000 PM','DD-MON-RR HH.MI.SSXFF AM'),'buy',1204,55147,122.13572902165198,102,'ANGEL BROKING',0);
Insert into TRADES (TRADE_ID,TRADER,TIMESTAMP,BUY_SELL,SECURITY,QUANTITY,DEAL_PRICE,FIRM,BROKER,IS_WASHTRADE) values (100110,'CAR6Y40A',to_timestamp('08-SEP-19 03.36.00.477000000 PM','DD-MON-RR HH.MI.SSXFF AM'),'buy',3030,58247,194.61183754886704,101,'5PAISA',0);
Insert into TRADES (TRADE_ID,TRADER,TIMESTAMP,BUY_SELL,SECURITY,QUANTITY,DEAL_PRICE,FIRM,BROKER,IS_WASHTRADE) values (100111,'BREPZN29',to_timestamp('08-SEP-19 03.56.42.898000000 PM','DD-MON-RR HH.MI.SSXFF AM'),'buy',7890,43658,116.19131736427734,102,'ICICI DIRECT',0);
Insert into TRADES (TRADE_ID,TRADER,TIMESTAMP,BUY_SELL,SECURITY,QUANTITY,DEAL_PRICE,FIRM,BROKER,IS_WASHTRADE) values (100112,'TIMS68K7',to_timestamp('08-SEP-19 11.40.56.848000000 PM','DD-MON-RR HH.MI.SSXFF AM'),'buy',3030,32436,193.05332263952178,101,'FYERS',0);
Insert into TRADES (TRADE_ID,TRADER,TIMESTAMP,BUY_SELL,SECURITY,QUANTITY,DEAL_PRICE,FIRM,BROKER,IS_WASHTRADE) values (100113,'COLS34TU',to_timestamp('08-SEP-19 12.56.18.038000000 AM','DD-MON-RR HH.MI.SSXFF AM'),'buy',3030,58777,196.05981753453457,101,'SHAREKHAN',0);
Insert into TRADES (TRADE_ID,TRADER,TIMESTAMP,BUY_SELL,SECURITY,QUANTITY,DEAL_PRICE,FIRM,BROKER,IS_WASHTRADE) values (100114,'BRO2RMHS',to_timestamp('08-SEP-19 06.26.37.211000000 PM','DD-MON-RR HH.MI.SSXFF AM'),'buy',9811,44348,189.4087143846118,101,'MOTILAL OSWAL',0);
Insert into TRADES (TRADE_ID,TRADER,TIMESTAMP,BUY_SELL,SECURITY,QUANTITY,DEAL_PRICE,FIRM,BROKER,IS_WASHTRADE) values (100115,'BOBRHF4X',to_timestamp('08-SEP-19 06.11.55.090000000 AM','DD-MON-RR HH.MI.SSXFF AM'),'buy',1204,86333,123.23849646014956,102,'ICICI DIRECT',0);
Insert into TRADES (TRADE_ID,TRADER,TIMESTAMP,BUY_SELL,SECURITY,QUANTITY,DEAL_PRICE,FIRM,BROKER,IS_WASHTRADE) values (100116,'FATE532B',to_timestamp('08-SEP-19 09.13.15.634000000 PM','DD-MON-RR HH.MI.SSXFF AM'),'buy',3030,60646,198.61044870889074,103,'ICICI DIRECT',0);
Insert into TRADES (TRADE_ID,TRADER,TIMESTAMP,BUY_SELL,SECURITY,QUANTITY,DEAL_PRICE,FIRM,BROKER,IS_WASHTRADE) values (100117,'GEON2IB3',to_timestamp('08-SEP-19 08.52.40.594000000 AM','DD-MON-RR HH.MI.SSXFF AM'),'sell',1204,14797,123.63026040527778,102,'5PAISA',0);
Insert into TRADES (TRADE_ID,TRADER,TIMESTAMP,BUY_SELL,SECURITY,QUANTITY,DEAL_PRICE,FIRM,BROKER,IS_WASHTRADE) values (100118,'CHAU7OK3',to_timestamp('08-SEP-19 08.13.30.311000000 PM','DD-MON-RR HH.MI.SSXFF AM'),'buy',3030,99363,195.00326524784793,101,'ANGEL BROKING',0);
Insert into TRADES (TRADE_ID,TRADER,TIMESTAMP,BUY_SELL,SECURITY,QUANTITY,DEAL_PRICE,FIRM,BROKER,IS_WASHTRADE) values (100119,'RANBFEVF',to_timestamp('08-SEP-19 12.06.33.251000000 AM','DD-MON-RR HH.MI.SSXFF AM'),'buy',1204,26087,198.78010516001942,103,'SHAREKHAN',0);
Insert into TRADES (TRADE_ID,TRADER,TIMESTAMP,BUY_SELL,SECURITY,QUANTITY,DEAL_PRICE,FIRM,BROKER,IS_WASHTRADE) values (100120,'BRO2RMHS',to_timestamp('08-SEP-19 01.37.04.897000000 AM','DD-MON-RR HH.MI.SSXFF AM'),'sell',1204,19560,195.9249564487436,101,'UPSTOX',0);
Insert into TRADES (TRADE_ID,TRADER,TIMESTAMP,BUY_SELL,SECURITY,QUANTITY,DEAL_PRICE,FIRM,BROKER,IS_WASHTRADE) values (100121,'HOWTYULH',to_timestamp('08-SEP-19 07.17.16.356000000 PM','DD-MON-RR HH.MI.SSXFF AM'),'sell',9811,18481,189.06581077760904,101,'FYERS',0);
Insert into TRADES (TRADE_ID,TRADER,TIMESTAMP,BUY_SELL,SECURITY,QUANTITY,DEAL_PRICE,FIRM,BROKER,IS_WASHTRADE) values (100122,'GAB8QU2G',to_timestamp('08-SEP-19 05.38.54.807000000 PM','DD-MON-RR HH.MI.SSXFF AM'),'sell',3030,88182,194.7875894547384,101,'ICICI DIRECT',0);
Insert into TRADES (TRADE_ID,TRADER,TIMESTAMP,BUY_SELL,SECURITY,QUANTITY,DEAL_PRICE,FIRM,BROKER,IS_WASHTRADE) values (100123,'LAUC4KJN',to_timestamp('08-SEP-19 01.19.52.745000000 PM','DD-MON-RR HH.MI.SSXFF AM'),'buy',1204,81718,122.43910667134735,102,'SHAREKHAN',0);
Insert into TRADES (TRADE_ID,TRADER,TIMESTAMP,BUY_SELL,SECURITY,QUANTITY,DEAL_PRICE,FIRM,BROKER,IS_WASHTRADE) values (100124,'DAKYZ7MS',to_timestamp('08-SEP-19 12.39.54.962000000 PM','DD-MON-RR HH.MI.SSXFF AM'),'buy',3030,72352,198.34049870930812,103,'ZERODHA',0);
Insert into TRADES (TRADE_ID,TRADER,TIMESTAMP,BUY_SELL,SECURITY,QUANTITY,DEAL_PRICE,FIRM,BROKER,IS_WASHTRADE) values (100125,'DAW9KSVT',to_timestamp('08-SEP-19 01.32.45.250000000 AM','DD-MON-RR HH.MI.SSXFF AM'),'sell',9811,96705,188.01305023483982,101,'5PAISA',0);
Insert into TRADES (TRADE_ID,TRADER,TIMESTAMP,BUY_SELL,SECURITY,QUANTITY,DEAL_PRICE,FIRM,BROKER,IS_WASHTRADE) values (100126,'ZACWEH7N',to_timestamp('08-SEP-19 02.14.42.613000000 PM','DD-MON-RR HH.MI.SSXFF AM'),'buy',7890,1613,117.8925115443269,102,'ICICI DIRECT',0);
Insert into TRADES (TRADE_ID,TRADER,TIMESTAMP,BUY_SELL,SECURITY,QUANTITY,DEAL_PRICE,FIRM,BROKER,IS_WASHTRADE) values (100127,'CAR6Y40A',to_timestamp('08-SEP-19 09.00.15.555000000 PM','DD-MON-RR HH.MI.SSXFF AM'),'sell',9811,2694,193.72228441089192,103,'MOTILAL OSWAL',0);
Insert into TRADES (TRADE_ID,TRADER,TIMESTAMP,BUY_SELL,SECURITY,QUANTITY,DEAL_PRICE,FIRM,BROKER,IS_WASHTRADE) values (100128,'NOROEFEG',to_timestamp('08-SEP-19 03.32.00.257000000 PM','DD-MON-RR HH.MI.SSXFF AM'),'buy',9811,57070,193.3534418943334,103,'MOTILAL OSWAL',0);
Insert into TRADES (TRADE_ID,TRADER,TIMESTAMP,BUY_SELL,SECURITY,QUANTITY,DEAL_PRICE,FIRM,BROKER,IS_WASHTRADE) values (100129,'HEIH0KV5',to_timestamp('08-SEP-19 09.51.49.751000000 PM','DD-MON-RR HH.MI.SSXFF AM'),'buy',3030,26605,121.32915408140984,102,'5PAISA',0);
Insert into TRADES (TRADE_ID,TRADER,TIMESTAMP,BUY_SELL,SECURITY,QUANTITY,DEAL_PRICE,FIRM,BROKER,IS_WASHTRADE) values (100130,'CHAU7OK3',to_timestamp('08-SEP-19 11.54.08.871000000 AM','DD-MON-RR HH.MI.SSXFF AM'),'buy',3030,20821,121.98443329213588,102,'ZERODHA',0);
Insert into TRADES (TRADE_ID,TRADER,TIMESTAMP,BUY_SELL,SECURITY,QUANTITY,DEAL_PRICE,FIRM,BROKER,IS_WASHTRADE) values (100131,'BAB9Q3TV',to_timestamp('08-SEP-19 08.28.53.654000000 PM','DD-MON-RR HH.MI.SSXFF AM'),'sell',9811,20523,192.23232797857665,103,'UPSTOX',0);
Insert into TRADES (TRADE_ID,TRADER,TIMESTAMP,BUY_SELL,SECURITY,QUANTITY,DEAL_PRICE,FIRM,BROKER,IS_WASHTRADE) values (100132,'DONFYZH2',to_timestamp('08-SEP-19 09.17.29.892000000 AM','DD-MON-RR HH.MI.SSXFF AM'),'sell',7890,75412,189.5067918839291,103,'UPSTOX',0);
Insert into TRADES (TRADE_ID,TRADER,TIMESTAMP,BUY_SELL,SECURITY,QUANTITY,DEAL_PRICE,FIRM,BROKER,IS_WASHTRADE) values (100133,'SHAR5F6A',to_timestamp('08-SEP-19 04.31.59.919000000 AM','DD-MON-RR HH.MI.SSXFF AM'),'sell',3030,68520,123.03556607519411,102,'SHAREKHAN',0);
Insert into TRADES (TRADE_ID,TRADER,TIMESTAMP,BUY_SELL,SECURITY,QUANTITY,DEAL_PRICE,FIRM,BROKER,IS_WASHTRADE) values (100134,'HEIH0KV5',to_timestamp('08-SEP-19 11.32.25.076000000 AM','DD-MON-RR HH.MI.SSXFF AM'),'buy',1204,31401,122.8187404049231,102,'ANGEL BROKING',0);
Insert into TRADES (TRADE_ID,TRADER,TIMESTAMP,BUY_SELL,SECURITY,QUANTITY,DEAL_PRICE,FIRM,BROKER,IS_WASHTRADE) values (100135,'KAYQ9G6K',to_timestamp('08-SEP-19 01.00.46.348000000 PM','DD-MON-RR HH.MI.SSXFF AM'),'buy',3030,39688,195.06327923606648,101,'SHAREKHAN',0);
Insert into TRADES (TRADE_ID,TRADER,TIMESTAMP,BUY_SELL,SECURITY,QUANTITY,DEAL_PRICE,FIRM,BROKER,IS_WASHTRADE) values (100136,'BARFGP3P',to_timestamp('08-SEP-19 11.31.05.936000000 PM','DD-MON-RR HH.MI.SSXFF AM'),'buy',9811,20655,195.02669833723903,103,'5PAISA',0);
Insert into TRADES (TRADE_ID,TRADER,TIMESTAMP,BUY_SELL,SECURITY,QUANTITY,DEAL_PRICE,FIRM,BROKER,IS_WASHTRADE) values (100137,'CAR6HVK9',to_timestamp('08-SEP-19 11.45.24.813000000 AM','DD-MON-RR HH.MI.SSXFF AM'),'buy',7890,27423,186.66480644603337,101,'ICICI DIRECT',0);
Insert into TRADES (TRADE_ID,TRADER,TIMESTAMP,BUY_SELL,SECURITY,QUANTITY,DEAL_PRICE,FIRM,BROKER,IS_WASHTRADE) values (100138,'JYOKHC89',to_timestamp('08-SEP-19 03.05.38.152000000 AM','DD-MON-RR HH.MI.SSXFF AM'),'sell',1204,30495,122.45929622403179,102,'MOTILAL OSWAL',0);
Insert into TRADES (TRADE_ID,TRADER,TIMESTAMP,BUY_SELL,SECURITY,QUANTITY,DEAL_PRICE,FIRM,BROKER,IS_WASHTRADE) values (100139,'ZACH95GA',to_timestamp('08-SEP-19 01.08.57.489000000 AM','DD-MON-RR HH.MI.SSXFF AM'),'sell',1204,65887,195.1056692864702,101,'SHAREKHAN',0);
Insert into TRADES (TRADE_ID,TRADER,TIMESTAMP,BUY_SELL,SECURITY,QUANTITY,DEAL_PRICE,FIRM,BROKER,IS_WASHTRADE) values (100140,'TRAR9876',to_timestamp('08-SEP-19 10.33.00.758000000 AM','DD-MON-RR HH.MI.SSXFF AM'),'buy',3030,95631,195.08507236727542,101,'UPSTOX',0);
Insert into TRADES (TRADE_ID,TRADER,TIMESTAMP,BUY_SELL,SECURITY,QUANTITY,DEAL_PRICE,FIRM,BROKER,IS_WASHTRADE) values (100141,'SHEMG1R5',to_timestamp('08-SEP-19 12.26.15.907000000 PM','DD-MON-RR HH.MI.SSXFF AM'),'sell',3030,56630,199.72708433548124,103,'ZERODHA',0);
Insert into TRADES (TRADE_ID,TRADER,TIMESTAMP,BUY_SELL,SECURITY,QUANTITY,DEAL_PRICE,FIRM,BROKER,IS_WASHTRADE) values (100142,'FATE532B',to_timestamp('08-SEP-19 06.55.34.088000000 AM','DD-MON-RR HH.MI.SSXFF AM'),'buy',3030,38060,193.26885927898445,101,'UPSTOX',0);
Insert into TRADES (TRADE_ID,TRADER,TIMESTAMP,BUY_SELL,SECURITY,QUANTITY,DEAL_PRICE,FIRM,BROKER,IS_WASHTRADE) values (100143,'MITOGN0B',to_timestamp('08-SEP-19 04.32.12.881000000 AM','DD-MON-RR HH.MI.SSXFF AM'),'buy',3030,50809,194.354766138983,101,'ICICI DIRECT',0);
Insert into TRADES (TRADE_ID,TRADER,TIMESTAMP,BUY_SELL,SECURITY,QUANTITY,DEAL_PRICE,FIRM,BROKER,IS_WASHTRADE) values (100144,'ALISYIGU',to_timestamp('08-SEP-19 12.15.14.238000000 AM','DD-MON-RR HH.MI.SSXFF AM'),'buy',7890,30139,184.87663831642664,101,'ICICI DIRECT',0);
Insert into TRADES (TRADE_ID,TRADER,TIMESTAMP,BUY_SELL,SECURITY,QUANTITY,DEAL_PRICE,FIRM,BROKER,IS_WASHTRADE) values (100145,'DEAU7LQT',to_timestamp('08-SEP-19 08.34.32.467000000 AM','DD-MON-RR HH.MI.SSXFF AM'),'buy',7890,31181,116.35310248274033,102,'FYERS',0);
Insert into TRADES (TRADE_ID,TRADER,TIMESTAMP,BUY_SELL,SECURITY,QUANTITY,DEAL_PRICE,FIRM,BROKER,IS_WASHTRADE) values (100146,'GEON2IB3',to_timestamp('08-SEP-19 11.30.04.030000000 PM','DD-MON-RR HH.MI.SSXFF AM'),'sell',1204,4766,122.113049907495,102,'UPSTOX',0);
Insert into TRADES (TRADE_ID,TRADER,TIMESTAMP,BUY_SELL,SECURITY,QUANTITY,DEAL_PRICE,FIRM,BROKER,IS_WASHTRADE) values (100147,'TRAPRNSK',to_timestamp('08-SEP-19 09.24.52.529000000 AM','DD-MON-RR HH.MI.SSXFF AM'),'sell',3030,50005,122.21430244012146,102,'SHAREKHAN',0);
Insert into TRADES (TRADE_ID,TRADER,TIMESTAMP,BUY_SELL,SECURITY,QUANTITY,DEAL_PRICE,FIRM,BROKER,IS_WASHTRADE) values (100148,'GINU6KRU',to_timestamp('08-SEP-19 12.17.20.921000000 AM','DD-MON-RR HH.MI.SSXFF AM'),'buy',1204,92212,193.1550944886991,101,'SHAREKHAN',0);
Insert into TRADES (TRADE_ID,TRADER,TIMESTAMP,BUY_SELL,SECURITY,QUANTITY,DEAL_PRICE,FIRM,BROKER,IS_WASHTRADE) values (100149,'MARVVKA6',to_timestamp('08-SEP-19 04.56.23.247000000 PM','DD-MON-RR HH.MI.SSXFF AM'),'sell',7890,88652,189.80505903943282,103,'SHAREKHAN',0);
Insert into TRADES (TRADE_ID,TRADER,TIMESTAMP,BUY_SELL,SECURITY,QUANTITY,DEAL_PRICE,FIRM,BROKER,IS_WASHTRADE) values (100150,'DAR2Y9UG',to_timestamp('08-SEP-19 11.36.50.231000000 PM','DD-MON-RR HH.MI.SSXFF AM'),'buy',7890,88960,190.60928655463982,103,'5PAISA',0);
Insert into TRADES (TRADE_ID,TRADER,TIMESTAMP,BUY_SELL,SECURITY,QUANTITY,DEAL_PRICE,FIRM,BROKER,IS_WASHTRADE) values (100151,'STEAL7IA',to_timestamp('08-SEP-19 10.31.46.786000000 PM','DD-MON-RR HH.MI.SSXFF AM'),'sell',7890,47372,186.7611941951244,101,'ICICI DIRECT',0);
Insert into TRADES (TRADE_ID,TRADER,TIMESTAMP,BUY_SELL,SECURITY,QUANTITY,DEAL_PRICE,FIRM,BROKER,IS_WASHTRADE) values (100152,'THEEYM5S',to_timestamp('08-SEP-19 09.40.06.705000000 AM','DD-MON-RR HH.MI.SSXFF AM'),'buy',3030,42626,193.80932362256868,101,'ANGEL BROKING',0);
Insert into TRADES (TRADE_ID,TRADER,TIMESTAMP,BUY_SELL,SECURITY,QUANTITY,DEAL_PRICE,FIRM,BROKER,IS_WASHTRADE) values (100153,'HEASKT3D',to_timestamp('08-SEP-19 07.27.43.239000000 PM','DD-MON-RR HH.MI.SSXFF AM'),'buy',7890,57327,116.48946260136825,102,'5PAISA',0);
Insert into TRADES (TRADE_ID,TRADER,TIMESTAMP,BUY_SELL,SECURITY,QUANTITY,DEAL_PRICE,FIRM,BROKER,IS_WASHTRADE) values (100154,'ALADF547',to_timestamp('08-SEP-19 03.40.48.477000000 AM','DD-MON-RR HH.MI.SSXFF AM'),'sell',3030,17217,121.07120056357364,102,'ICICI DIRECT',0);
Insert into TRADES (TRADE_ID,TRADER,TIMESTAMP,BUY_SELL,SECURITY,QUANTITY,DEAL_PRICE,FIRM,BROKER,IS_WASHTRADE) values (100155,'COUL2KB0',to_timestamp('08-SEP-19 02.19.59.789000000 PM','DD-MON-RR HH.MI.SSXFF AM'),'sell',7890,39532,188.91318551306358,103,'5PAISA',0);
Insert into TRADES (TRADE_ID,TRADER,TIMESTAMP,BUY_SELL,SECURITY,QUANTITY,DEAL_PRICE,FIRM,BROKER,IS_WASHTRADE) values (100156,'NICZZRQQ',to_timestamp('08-SEP-19 07.00.23.872000000 PM','DD-MON-RR HH.MI.SSXFF AM'),'sell',3030,27386,123.63320144088321,102,'FYERS',0);
Insert into TRADES (TRADE_ID,TRADER,TIMESTAMP,BUY_SELL,SECURITY,QUANTITY,DEAL_PRICE,FIRM,BROKER,IS_WASHTRADE) values (100157,'JUAFOXS2',to_timestamp('08-SEP-19 06.19.08.579000000 AM','DD-MON-RR HH.MI.SSXFF AM'),'buy',1204,26121,123.73527340654563,102,'UPSTOX',0);
Insert into TRADES (TRADE_ID,TRADER,TIMESTAMP,BUY_SELL,SECURITY,QUANTITY,DEAL_PRICE,FIRM,BROKER,IS_WASHTRADE) values (100158,'TIMPUTKJ',to_timestamp('08-SEP-19 11.33.03.124000000 PM','DD-MON-RR HH.MI.SSXFF AM'),'sell',1204,47584,123.26960516717595,102,'ICICI DIRECT',0);
Insert into TRADES (TRADE_ID,TRADER,TIMESTAMP,BUY_SELL,SECURITY,QUANTITY,DEAL_PRICE,FIRM,BROKER,IS_WASHTRADE) values (100159,'MARMLHA7',to_timestamp('08-SEP-19 09.12.58.035000000 PM','DD-MON-RR HH.MI.SSXFF AM'),'buy',1204,96423,198.23771203127959,103,'5PAISA',0);
Insert into TRADES (TRADE_ID,TRADER,TIMESTAMP,BUY_SELL,SECURITY,QUANTITY,DEAL_PRICE,FIRM,BROKER,IS_WASHTRADE) values (100160,'JAKWVAYB',to_timestamp('08-SEP-19 01.11.02.776000000 PM','DD-MON-RR HH.MI.SSXFF AM'),'buy',9811,64207,118.39125845353618,102,'SHAREKHAN',0);
Insert into TRADES (TRADE_ID,TRADER,TIMESTAMP,BUY_SELL,SECURITY,QUANTITY,DEAL_PRICE,FIRM,BROKER,IS_WASHTRADE) values (100161,'LAU5LGLD',to_timestamp('08-SEP-19 12.56.37.113000000 AM','DD-MON-RR HH.MI.SSXFF AM'),'buy',1204,57283,193.00596984343704,101,'ICICI DIRECT',0);
Insert into TRADES (TRADE_ID,TRADER,TIMESTAMP,BUY_SELL,SECURITY,QUANTITY,DEAL_PRICE,FIRM,BROKER,IS_WASHTRADE) values (100162,'FAIQQVEK',to_timestamp('08-SEP-19 02.01.50.149000000 PM','DD-MON-RR HH.MI.SSXFF AM'),'sell',7890,99911,116.06794356977963,102,'ICICI DIRECT',0);
Insert into TRADES (TRADE_ID,TRADER,TIMESTAMP,BUY_SELL,SECURITY,QUANTITY,DEAL_PRICE,FIRM,BROKER,IS_WASHTRADE) values (100163,'TRAYHS5Z',to_timestamp('08-SEP-19 04.11.36.175000000 PM','DD-MON-RR HH.MI.SSXFF AM'),'buy',7890,78024,185.2071491075796,101,'ZERODHA',0);
Insert into TRADES (TRADE_ID,TRADER,TIMESTAMP,BUY_SELL,SECURITY,QUANTITY,DEAL_PRICE,FIRM,BROKER,IS_WASHTRADE) values (100164,'CHE9I7EY',to_timestamp('08-SEP-19 03.14.27.808000000 AM','DD-MON-RR HH.MI.SSXFF AM'),'sell',9811,29067,193.71438158654337,103,'ICICI DIRECT',0);
Insert into TRADES (TRADE_ID,TRADER,TIMESTAMP,BUY_SELL,SECURITY,QUANTITY,DEAL_PRICE,FIRM,BROKER,IS_WASHTRADE) values (100165,'BRIHFIYO',to_timestamp('08-SEP-19 04.13.46.420000000 AM','DD-MON-RR HH.MI.SSXFF AM'),'buy',1204,68463,199.33169464086689,103,'5PAISA',0);
Insert into TRADES (TRADE_ID,TRADER,TIMESTAMP,BUY_SELL,SECURITY,QUANTITY,DEAL_PRICE,FIRM,BROKER,IS_WASHTRADE) values (100166,'THEEYM5S',to_timestamp('08-SEP-19 07.44.03.092000000 PM','DD-MON-RR HH.MI.SSXFF AM'),'buy',1204,63672,199.877564320493,103,'ANGEL BROKING',0);
Insert into TRADES (TRADE_ID,TRADER,TIMESTAMP,BUY_SELL,SECURITY,QUANTITY,DEAL_PRICE,FIRM,BROKER,IS_WASHTRADE) values (100167,'BRYNLFU0',to_timestamp('08-SEP-19 03.50.46.671000000 PM','DD-MON-RR HH.MI.SSXFF AM'),'buy',3030,36215,194.7254169421693,101,'ANGEL BROKING',0);
Insert into TRADES (TRADE_ID,TRADER,TIMESTAMP,BUY_SELL,SECURITY,QUANTITY,DEAL_PRICE,FIRM,BROKER,IS_WASHTRADE) values (100168,'JES3RBBJ',to_timestamp('08-SEP-19 06.08.54.647000000 PM','DD-MON-RR HH.MI.SSXFF AM'),'sell',1204,9850,194.76840818290512,101,'SHAREKHAN',0);
Insert into TRADES (TRADE_ID,TRADER,TIMESTAMP,BUY_SELL,SECURITY,QUANTITY,DEAL_PRICE,FIRM,BROKER,IS_WASHTRADE) values (100169,'DIAXXBKW',to_timestamp('08-SEP-19 05.58.05.589000000 AM','DD-MON-RR HH.MI.SSXFF AM'),'sell',9811,56468,193.23581002721926,103,'5PAISA',0);
Insert into TRADES (TRADE_ID,TRADER,TIMESTAMP,BUY_SELL,SECURITY,QUANTITY,DEAL_PRICE,FIRM,BROKER,IS_WASHTRADE) values (100170,'JOECW7BS',to_timestamp('08-SEP-19 10.07.56.028000000 PM','DD-MON-RR HH.MI.SSXFF AM'),'sell',7890,9472,184.15034373065328,101,'ANGEL BROKING',0);
Insert into TRADES (TRADE_ID,TRADER,TIMESTAMP,BUY_SELL,SECURITY,QUANTITY,DEAL_PRICE,FIRM,BROKER,IS_WASHTRADE) values (100171,'ROGJLA4F',to_timestamp('08-SEP-19 04.28.34.154000000 AM','DD-MON-RR HH.MI.SSXFF AM'),'sell',1204,73868,197.9518990897915,103,'FYERS',0);
Insert into TRADES (TRADE_ID,TRADER,TIMESTAMP,BUY_SELL,SECURITY,QUANTITY,DEAL_PRICE,FIRM,BROKER,IS_WASHTRADE) values (100172,'SAN99MVO',to_timestamp('08-SEP-19 11.41.35.177000000 PM','DD-MON-RR HH.MI.SSXFF AM'),'buy',1204,71396,194.69850903124754,101,'5PAISA',0);
Insert into TRADES (TRADE_ID,TRADER,TIMESTAMP,BUY_SELL,SECURITY,QUANTITY,DEAL_PRICE,FIRM,BROKER,IS_WASHTRADE) values (100173,'BARFGP3P',to_timestamp('08-SEP-19 09.04.41.320000000 AM','DD-MON-RR HH.MI.SSXFF AM'),'sell',7890,76932,115.7535716253505,102,'ICICI DIRECT',0);
Insert into TRADES (TRADE_ID,TRADER,TIMESTAMP,BUY_SELL,SECURITY,QUANTITY,DEAL_PRICE,FIRM,BROKER,IS_WASHTRADE) values (100174,'CHAF8FKO',to_timestamp('08-SEP-19 03.35.37.187000000 PM','DD-MON-RR HH.MI.SSXFF AM'),'sell',7890,7755,190.229014180072,103,'5PAISA',0);
Insert into TRADES (TRADE_ID,TRADER,TIMESTAMP,BUY_SELL,SECURITY,QUANTITY,DEAL_PRICE,FIRM,BROKER,IS_WASHTRADE) values (100175,'REBF1PYG',to_timestamp('08-SEP-19 08.19.29.809000000 AM','DD-MON-RR HH.MI.SSXFF AM'),'buy',7890,2086,185.28888112806752,101,'SHAREKHAN',0);
Insert into TRADES (TRADE_ID,TRADER,TIMESTAMP,BUY_SELL,SECURITY,QUANTITY,DEAL_PRICE,FIRM,BROKER,IS_WASHTRADE) values (100176,'RANBFEVF',to_timestamp('08-SEP-19 01.02.45.858000000 AM','DD-MON-RR HH.MI.SSXFF AM'),'buy',9811,34863,120.14516482433854,102,'ANGEL BROKING',0);
Insert into TRADES (TRADE_ID,TRADER,TIMESTAMP,BUY_SELL,SECURITY,QUANTITY,DEAL_PRICE,FIRM,BROKER,IS_WASHTRADE) values (100177,'STEAL7IA',to_timestamp('08-SEP-19 08.27.43.332000000 PM','DD-MON-RR HH.MI.SSXFF AM'),'buy',3030,83211,194.41639414525244,101,'ZERODHA',0);
Insert into TRADES (TRADE_ID,TRADER,TIMESTAMP,BUY_SELL,SECURITY,QUANTITY,DEAL_PRICE,FIRM,BROKER,IS_WASHTRADE) values (100178,'BOBRHF4X',to_timestamp('08-SEP-19 05.56.46.164000000 PM','DD-MON-RR HH.MI.SSXFF AM'),'sell',9811,44484,192.8795592201112,103,'ZERODHA',0);
Insert into TRADES (TRADE_ID,TRADER,TIMESTAMP,BUY_SELL,SECURITY,QUANTITY,DEAL_PRICE,FIRM,BROKER,IS_WASHTRADE) values (100179,'JEF6G3PC',to_timestamp('08-SEP-19 07.21.55.465000000 PM','DD-MON-RR HH.MI.SSXFF AM'),'sell',1204,25021,122.02423414737477,102,'ZERODHA',0);
Insert into TRADES (TRADE_ID,TRADER,TIMESTAMP,BUY_SELL,SECURITY,QUANTITY,DEAL_PRICE,FIRM,BROKER,IS_WASHTRADE) values (100180,'HEIH0KV5',to_timestamp('08-SEP-19 11.40.24.661000000 PM','DD-MON-RR HH.MI.SSXFF AM'),'buy',7890,61791,190.30427104138568,103,'ANGEL BROKING',0);
Insert into TRADES (TRADE_ID,TRADER,TIMESTAMP,BUY_SELL,SECURITY,QUANTITY,DEAL_PRICE,FIRM,BROKER,IS_WASHTRADE) values (100181,'LAWQYSHX',to_timestamp('08-SEP-19 01.20.58.437000000 PM','DD-MON-RR HH.MI.SSXFF AM'),'sell',3030,59798,199.26686615249034,103,'UPSTOX',0);
Insert into TRADES (TRADE_ID,TRADER,TIMESTAMP,BUY_SELL,SECURITY,QUANTITY,DEAL_PRICE,FIRM,BROKER,IS_WASHTRADE) values (100182,'CHAF8FKO',to_timestamp('08-SEP-19 02.32.07.020000000 AM','DD-MON-RR HH.MI.SSXFF AM'),'sell',1204,28628,198.58161464369257,103,'ICICI DIRECT',0);
Insert into TRADES (TRADE_ID,TRADER,TIMESTAMP,BUY_SELL,SECURITY,QUANTITY,DEAL_PRICE,FIRM,BROKER,IS_WASHTRADE) values (100183,'NICZZRQQ',to_timestamp('08-SEP-19 05.33.41.405000000 PM','DD-MON-RR HH.MI.SSXFF AM'),'sell',3030,90387,197.49963677998406,103,'5PAISA',0);
Insert into TRADES (TRADE_ID,TRADER,TIMESTAMP,BUY_SELL,SECURITY,QUANTITY,DEAL_PRICE,FIRM,BROKER,IS_WASHTRADE) values (100184,'DANP3AAE',to_timestamp('08-SEP-19 06.04.51.080000000 AM','DD-MON-RR HH.MI.SSXFF AM'),'sell',1204,52987,199.24807461499327,103,'FYERS',0);
Insert into TRADES (TRADE_ID,TRADER,TIMESTAMP,BUY_SELL,SECURITY,QUANTITY,DEAL_PRICE,FIRM,BROKER,IS_WASHTRADE) values (100185,'BRECM5SC',to_timestamp('08-SEP-19 07.45.27.019000000 AM','DD-MON-RR HH.MI.SSXFF AM'),'buy',9811,68152,189.99202928130714,101,'UPSTOX',0);
Insert into TRADES (TRADE_ID,TRADER,TIMESTAMP,BUY_SELL,SECURITY,QUANTITY,DEAL_PRICE,FIRM,BROKER,IS_WASHTRADE) values (100186,'ZAC15CCX',to_timestamp('08-SEP-19 08.58.29.005000000 PM','DD-MON-RR HH.MI.SSXFF AM'),'sell',9811,98458,189.52043852610902,101,'5PAISA',0);
Insert into TRADES (TRADE_ID,TRADER,TIMESTAMP,BUY_SELL,SECURITY,QUANTITY,DEAL_PRICE,FIRM,BROKER,IS_WASHTRADE) values (100187,'RITBY9F1',to_timestamp('08-SEP-19 08.38.56.336000000 AM','DD-MON-RR HH.MI.SSXFF AM'),'sell',1204,2555,198.66827677798148,103,'ICICI DIRECT',0);
Insert into TRADES (TRADE_ID,TRADER,TIMESTAMP,BUY_SELL,SECURITY,QUANTITY,DEAL_PRICE,FIRM,BROKER,IS_WASHTRADE) values (100188,'KATGCHI5',to_timestamp('08-SEP-19 01.28.13.140000000 PM','DD-MON-RR HH.MI.SSXFF AM'),'sell',9811,11329,117.6464037991165,102,'SHAREKHAN',0);
Insert into TRADES (TRADE_ID,TRADER,TIMESTAMP,BUY_SELL,SECURITY,QUANTITY,DEAL_PRICE,FIRM,BROKER,IS_WASHTRADE) values (100189,'CHRS30RF',to_timestamp('08-SEP-19 12.13.20.000000000 AM','DD-MON-RR HH.MI.SSXFF AM'),'buy',9811,80568,188.4828406604366,101,'ZERODHA',0);
Insert into TRADES (TRADE_ID,TRADER,TIMESTAMP,BUY_SELL,SECURITY,QUANTITY,DEAL_PRICE,FIRM,BROKER,IS_WASHTRADE) values (100190,'WILSEBES',to_timestamp('08-SEP-19 12.44.25.949000000 PM','DD-MON-RR HH.MI.SSXFF AM'),'sell',3030,28764,199.72993346534318,103,'ANGEL BROKING',0);
Insert into TRADES (TRADE_ID,TRADER,TIMESTAMP,BUY_SELL,SECURITY,QUANTITY,DEAL_PRICE,FIRM,BROKER,IS_WASHTRADE) values (100191,'CATCA8NP',to_timestamp('08-SEP-19 05.23.02.306000000 AM','DD-MON-RR HH.MI.SSXFF AM'),'buy',7890,46165,115.59249301392427,102,'ICICI DIRECT',0);
Insert into TRADES (TRADE_ID,TRADER,TIMESTAMP,BUY_SELL,SECURITY,QUANTITY,DEAL_PRICE,FIRM,BROKER,IS_WASHTRADE) values (100192,'SYDEJ33S',to_timestamp('08-SEP-19 09.43.34.612000000 AM','DD-MON-RR HH.MI.SSXFF AM'),'buy',3030,55695,198.18573834390128,103,'MOTILAL OSWAL',0);
Insert into TRADES (TRADE_ID,TRADER,TIMESTAMP,BUY_SELL,SECURITY,QUANTITY,DEAL_PRICE,FIRM,BROKER,IS_WASHTRADE) values (100193,'JANYOUWQ',to_timestamp('08-SEP-19 01.13.58.809000000 PM','DD-MON-RR HH.MI.SSXFF AM'),'sell',9811,96155,189.00539431096158,101,'ANGEL BROKING',0);
Insert into TRADES (TRADE_ID,TRADER,TIMESTAMP,BUY_SELL,SECURITY,QUANTITY,DEAL_PRICE,FIRM,BROKER,IS_WASHTRADE) values (100194,'DAR2Y9UG',to_timestamp('08-SEP-19 05.28.24.803000000 PM','DD-MON-RR HH.MI.SSXFF AM'),'sell',3030,40992,200.06004118696464,103,'5PAISA',0);
Insert into TRADES (TRADE_ID,TRADER,TIMESTAMP,BUY_SELL,SECURITY,QUANTITY,DEAL_PRICE,FIRM,BROKER,IS_WASHTRADE) values (100195,'DAVYDUWM',to_timestamp('08-SEP-19 05.51.21.734000000 PM','DD-MON-RR HH.MI.SSXFF AM'),'buy',7890,48410,116.8372151348108,102,'ZERODHA',0);
Insert into TRADES (TRADE_ID,TRADER,TIMESTAMP,BUY_SELL,SECURITY,QUANTITY,DEAL_PRICE,FIRM,BROKER,IS_WASHTRADE) values (100196,'DAW9KSVT',to_timestamp('08-SEP-19 02.13.45.117000000 AM','DD-MON-RR HH.MI.SSXFF AM'),'sell',1204,75680,122.43107423751735,102,'ICICI DIRECT',0);
Insert into TRADES (TRADE_ID,TRADER,TIMESTAMP,BUY_SELL,SECURITY,QUANTITY,DEAL_PRICE,FIRM,BROKER,IS_WASHTRADE) values (100197,'FATE532B',to_timestamp('08-SEP-19 12.49.05.170000000 PM','DD-MON-RR HH.MI.SSXFF AM'),'buy',7890,88722,117.87385834043465,102,'MOTILAL OSWAL',0);
Insert into TRADES (TRADE_ID,TRADER,TIMESTAMP,BUY_SELL,SECURITY,QUANTITY,DEAL_PRICE,FIRM,BROKER,IS_WASHTRADE) values (100198,'BABECQS4',to_timestamp('08-SEP-19 02.18.53.102000000 PM','DD-MON-RR HH.MI.SSXFF AM'),'sell',3030,6219,122.59892183601882,102,'FYERS',0);
Insert into TRADES (TRADE_ID,TRADER,TIMESTAMP,BUY_SELL,SECURITY,QUANTITY,DEAL_PRICE,FIRM,BROKER,IS_WASHTRADE) values (100199,'JOHT9HLP',to_timestamp('08-SEP-19 10.51.38.082000000 PM','DD-MON-RR HH.MI.SSXFF AM'),'buy',3030,83507,194.3929996501165,101,'ANGEL BROKING',0);
Insert into TRADES (TRADE_ID,TRADER,TIMESTAMP,BUY_SELL,SECURITY,QUANTITY,DEAL_PRICE,FIRM,BROKER,IS_WASHTRADE) values (100200,'ALLNKK5B',to_timestamp('08-SEP-19 11.50.05.099000000 AM','DD-MON-RR HH.MI.SSXFF AM'),'sell',9811,37388,190.421751062127,101,'ICICI DIRECT',0);
Insert into TRADES (TRADE_ID,TRADER,TIMESTAMP,BUY_SELL,SECURITY,QUANTITY,DEAL_PRICE,FIRM,BROKER,IS_WASHTRADE) values (100201,'SARVG1XN',to_timestamp('08-SEP-19 06.26.47.939000000 AM','DD-MON-RR HH.MI.SSXFF AM'),'sell',9811,54995,193.27809783041465,103,'SHAREKHAN',0);
Insert into TRADES (TRADE_ID,TRADER,TIMESTAMP,BUY_SELL,SECURITY,QUANTITY,DEAL_PRICE,FIRM,BROKER,IS_WASHTRADE) values (100202,'CHRBN6M5',to_timestamp('08-SEP-19 12.12.35.240000000 AM','DD-MON-RR HH.MI.SSXFF AM'),'buy',3030,17258,193.47419458362117,101,'ICICI DIRECT',0);
REM INSERTING into USERS
SET DEFINE OFF;
Insert into USERS (TRADER_ID,TRADER_NAME,DATE_REG,USERNAME,PASSWORD,EMAIL_ID,PHONE,DOB,IS_ADMIN) values ('SOUPBVBV','Soujanya Abbaraju',to_date('18-DEC-07','DD-MON-RR'),'Soujanya','admin1','hhays78@hotma1l.us','9027759991',to_date('19-FEB-75','DD-MON-RR'),1);
Insert into USERS (TRADER_ID,TRADER_NAME,DATE_REG,USERNAME,PASSWORD,EMAIL_ID,PHONE,DOB,IS_ADMIN) values ('RUPMVC0B','Rupashi Sangal',to_date('20-DEC-70','DD-MON-RR'),'Rupashi','admin2','hfulton75@ma1lbox.us','9023898198',to_date('24-MAY-66','DD-MON-RR'),1);
Insert into USERS (TRADER_ID,TRADER_NAME,DATE_REG,USERNAME,PASSWORD,EMAIL_ID,PHONE,DOB,IS_ADMIN) values ('SHR0ZTH7','Shreya Singh',to_date('28-JUL-91','DD-MON-RR'),'Shreya','admin3','rmcconnell15@everyma1l.biz','9058804877',to_date('11-JAN-80','DD-MON-RR'),1);
Insert into USERS (TRADER_ID,TRADER_NAME,DATE_REG,USERNAME,PASSWORD,EMAIL_ID,PHONE,DOB,IS_ADMIN) values ('MANARYUL','Manisha Miriyala',to_date('15-MAR-80','DD-MON-RR'),'Manisha','admin4','discoveredprobably53@everyma1l.us','9085810969',to_date('10-SEP-57','DD-MON-RR'),1);
Insert into USERS (TRADER_ID,TRADER_NAME,DATE_REG,USERNAME,PASSWORD,EMAIL_ID,PHONE,DOB,IS_ADMIN) values ('JYOKHC89','Jyothi M',to_date('06-APR-82','DD-MON-RR'),'Jyothi','admin5','hotto@somema1l.net','9090638445',to_date('26-MAR-69','DD-MON-RR'),1);
Insert into USERS (TRADER_ID,TRADER_NAME,DATE_REG,USERNAME,PASSWORD,EMAIL_ID,PHONE,DOB,IS_ADMIN) values ('ANAMATVZ','Anand Varma',to_date('16-JAN-88','DD-MON-RR'),'Anand','admin6','rgardner@somema1l.co.uk','9011926580',to_date('27-JAN-75','DD-MON-RR'),1);
Insert into USERS (TRADER_ID,TRADER_NAME,DATE_REG,USERNAME,PASSWORD,EMAIL_ID,PHONE,DOB,IS_ADMIN) values ('TUHPV7Q7','Tuhina Tripathi',to_date('09-JUL-03','DD-MON-RR'),'Tuhina','admin7','dparsons@everyma1l.us','9012801328',to_date('27-FEB-60','DD-MON-RR'),1);
Insert into USERS (TRADER_ID,TRADER_NAME,DATE_REG,USERNAME,PASSWORD,EMAIL_ID,PHONE,DOB,IS_ADMIN) values ('GAU7P0MO','Gaurav Mandia',to_date('16-MAY-97','DD-MON-RR'),'Gaurav','admin8','hidto57@everyma1l.biz','9080075211',to_date('12-DEC-59','DD-MON-RR'),1);
Insert into USERS (TRADER_ID,TRADER_NAME,DATE_REG,USERNAME,PASSWORD,EMAIL_ID,PHONE,DOB,IS_ADMIN) values ('YAKE10NP','Yaksha RN',to_date('03-JUN-76','DD-MON-RR'),'Yaksha','admin9','calexander@ma1lbox.com','9015833476',to_date('17-MAR-72','DD-MON-RR'),1);
Insert into USERS (TRADER_ID,TRADER_NAME,DATE_REG,USERNAME,PASSWORD,EMAIL_ID,PHONE,DOB,IS_ADMIN) values ('TAY15XLN','Taylor Knowles',to_date('03-FEB-09','DD-MON-RR'),'Taylor','vumlublp','webcold@hotma1l.com','9011531954',to_date('10-JAN-56','DD-MON-RR'),0);
Insert into USERS (TRADER_ID,TRADER_NAME,DATE_REG,USERNAME,PASSWORD,EMAIL_ID,PHONE,DOB,IS_ADMIN) values ('ERIE2FOK','Erica Valdez',to_date('27-APR-73','DD-MON-RR'),'Erica','bpscefhx','abarrett@hotma1l.biz','9082227710',to_date('23-FEB-69','DD-MON-RR'),0);
Insert into USERS (TRADER_ID,TRADER_NAME,DATE_REG,USERNAME,PASSWORD,EMAIL_ID,PHONE,DOB,IS_ADMIN) values ('CHAF8FKO','Chad Cook',to_date('13-DEC-83','DD-MON-RR'),'Chad','wjijdxlo','cwoodard@yah00.net','9016225396',to_date('11-OCT-65','DD-MON-RR'),0);
Insert into USERS (TRADER_ID,TRADER_NAME,DATE_REG,USERNAME,PASSWORD,EMAIL_ID,PHONE,DOB,IS_ADMIN) values ('RON9S76W','Ronda Melton',to_date('07-JUL-72','DD-MON-RR'),'Ronda','ipkzfhkw','lrowland@ma1lbox.biz','9021162781',to_date('03-JUN-79','DD-MON-RR'),0);
Insert into USERS (TRADER_ID,TRADER_NAME,DATE_REG,USERNAME,PASSWORD,EMAIL_ID,PHONE,DOB,IS_ADMIN) values ('PAMLJK33','Pamela Vasquez',to_date('10-JAN-87','DD-MON-RR'),'Pamela','dvknxxkb','jpowers@everyma1l.net','9024618217',to_date('22-AUG-81','DD-MON-RR'),0);
Insert into USERS (TRADER_ID,TRADER_NAME,DATE_REG,USERNAME,PASSWORD,EMAIL_ID,PHONE,DOB,IS_ADMIN) values ('ALLNKK5B','Allison Underwood',to_date('26-FEB-79','DD-MON-RR'),'Allison','qydsckrh','jsteele@ma1lbox.com','9053809956',to_date('18-JUL-75','DD-MON-RR'),0);
Insert into USERS (TRADER_ID,TRADER_NAME,DATE_REG,USERNAME,PASSWORD,EMAIL_ID,PHONE,DOB,IS_ADMIN) values ('AUTVR07B','Autumn Osborne',to_date('07-JAN-09','DD-MON-RR'),'Autumn','wvppyffk','islandsits72@yah00.biz','9076865010',to_date('15-JUN-68','DD-MON-RR'),0);
Insert into USERS (TRADER_ID,TRADER_NAME,DATE_REG,USERNAME,PASSWORD,EMAIL_ID,PHONE,DOB,IS_ADMIN) values ('DEAU7LQT','Dean Herman',to_date('28-FEB-08','DD-MON-RR'),'Dean','reyewfkt','endsisland64@yah00.co.uk','9043126736',to_date('26-APR-56','DD-MON-RR'),0);
Insert into USERS (TRADER_ID,TRADER_NAME,DATE_REG,USERNAME,PASSWORD,EMAIL_ID,PHONE,DOB,IS_ADMIN) values ('DERTAZB7','Derek Hart',to_date('15-JUN-80','DD-MON-RR'),'Derek','jrtgopve','kbernard67@gma1l.com','9074689119',to_date('08-MAR-75','DD-MON-RR'),0);
Insert into USERS (TRADER_ID,TRADER_NAME,DATE_REG,USERNAME,PASSWORD,EMAIL_ID,PHONE,DOB,IS_ADMIN) values ('NICZZRQQ','Nicole Whitfield',to_date('25-SEP-13','DD-MON-RR'),'Nicole','vbglmhou','ucole@ma1l2u.net','9056124127',to_date('19-JUL-67','DD-MON-RR'),0);
Insert into USERS (TRADER_ID,TRADER_NAME,DATE_REG,USERNAME,PASSWORD,EMAIL_ID,PHONE,DOB,IS_ADMIN) values ('JOH8XWOI','Johnny Rice',to_date('28-JUL-99','DD-MON-RR'),'Johnny','kmvgextf','gjarvis@somema1l.us','9077704528',to_date('08-NOV-57','DD-MON-RR'),0);
Insert into USERS (TRADER_ID,TRADER_NAME,DATE_REG,USERNAME,PASSWORD,EMAIL_ID,PHONE,DOB,IS_ADMIN) values ('GREKOGRU','Gregory Curtis',to_date('31-AUG-95','DD-MON-RR'),'Gregory','pfsdpovx','welock@hotma1l.org','9023053257',to_date('24-SEP-61','DD-MON-RR'),0);
Insert into USERS (TRADER_ID,TRADER_NAME,DATE_REG,USERNAME,PASSWORD,EMAIL_ID,PHONE,DOB,IS_ADMIN) values ('STAADWL2','Stacy Levy',to_date('12-FEB-01','DD-MON-RR'),'Stacy','zuqpnqcv','gstephens@gma1l.us','9048708288',to_date('03-NOV-67','DD-MON-RR'),0);
Insert into USERS (TRADER_ID,TRADER_NAME,DATE_REG,USERNAME,PASSWORD,EMAIL_ID,PHONE,DOB,IS_ADMIN) values ('MAT6WZ4T','Matt Miranda',to_date('15-JAN-72','DD-MON-RR'),'Matt','pbrdcfng','televisionhad16@gma1l.com','9042923304',to_date('29-AUG-79','DD-MON-RR'),0);
Insert into USERS (TRADER_ID,TRADER_NAME,DATE_REG,USERNAME,PASSWORD,EMAIL_ID,PHONE,DOB,IS_ADMIN) values ('RANCLGYY','Randall Valdez',to_date('06-MAY-08','DD-MON-RR'),'Randall','shnlqgjz','cknox@yah00.co.uk','9090046228',to_date('03-OCT-61','DD-MON-RR'),0);
Insert into USERS (TRADER_ID,TRADER_NAME,DATE_REG,USERNAME,PASSWORD,EMAIL_ID,PHONE,DOB,IS_ADMIN) values ('KEN13ID0','Ken Clements',to_date('04-APR-80','DD-MON-RR'),'Ken','rtcceyfn','lpatel@yah00.net','9057966551',to_date('18-MAY-59','DD-MON-RR'),0);
Insert into USERS (TRADER_ID,TRADER_NAME,DATE_REG,USERNAME,PASSWORD,EMAIL_ID,PHONE,DOB,IS_ADMIN) values ('KAYQ9G6K','Kayla Shields',to_date('13-FEB-99','DD-MON-RR'),'Kayla','lhaxmsvr','ljohnston8@hotma1l.com','9066700889',to_date('16-FEB-56','DD-MON-RR'),0);
Insert into USERS (TRADER_ID,TRADER_NAME,DATE_REG,USERNAME,PASSWORD,EMAIL_ID,PHONE,DOB,IS_ADMIN) values ('JANYOUWQ','Jane Shepherd',to_date('01-JAN-94','DD-MON-RR'),'Jane','xjmbotpn','lhudson@ma1l2u.biz','9089574369',to_date('12-MAY-81','DD-MON-RR'),0);
Insert into USERS (TRADER_ID,TRADER_NAME,DATE_REG,USERNAME,PASSWORD,EMAIL_ID,PHONE,DOB,IS_ADMIN) values ('CATCA8NP','Catherine Rodriquez',to_date('26-OCT-05','DD-MON-RR'),'Catherine','eujidxwl','bwilliams@everyma1l.biz','9077692221',to_date('24-NOV-65','DD-MON-RR'),0);
Insert into USERS (TRADER_ID,TRADER_NAME,DATE_REG,USERNAME,PASSWORD,EMAIL_ID,PHONE,DOB,IS_ADMIN) values ('SHAIOAWE','Shanna Thomas',to_date('15-FEB-03','DD-MON-RR'),'Shanna','qfszlkro','sgarner@ma1lbox.biz','9054982038',to_date('05-OCT-68','DD-MON-RR'),0);
Insert into USERS (TRADER_ID,TRADER_NAME,DATE_REG,USERNAME,PASSWORD,EMAIL_ID,PHONE,DOB,IS_ADMIN) values ('SHAR5F6A','Shawna Hernandez',to_date('05-JUL-02','DD-MON-RR'),'Shawna','nyfjdtsh','scastro@yah00.us','9062464471',to_date('18-JUL-80','DD-MON-RR'),0);
Insert into USERS (TRADER_ID,TRADER_NAME,DATE_REG,USERNAME,PASSWORD,EMAIL_ID,PHONE,DOB,IS_ADMIN) values ('TIMS68K7','Timothy Silva',to_date('16-MAY-09','DD-MON-RR'),'Timothy','jqjxvlyj','wordsalways@everyma1l.com','9065584286',to_date('13-JUN-63','DD-MON-RR'),0);
Insert into USERS (TRADER_ID,TRADER_NAME,DATE_REG,USERNAME,PASSWORD,EMAIL_ID,PHONE,DOB,IS_ADMIN) values ('TYRCELVZ','Tyrone Rutledge',to_date('10-JUL-76','DD-MON-RR'),'Tyrone','qahworap','ofboon@everyma1l.net','9062966819',to_date('26-DEC-58','DD-MON-RR'),0);
Insert into USERS (TRADER_ID,TRADER_NAME,DATE_REG,USERNAME,PASSWORD,EMAIL_ID,PHONE,DOB,IS_ADMIN) values ('BLAEKYYI','Blake Frazier',to_date('08-JUL-97','DD-MON-RR'),'Blake','sjtsjbyk','roomof@everyma1l.us','9080812631',to_date('13-JUN-55','DD-MON-RR'),0);
Insert into USERS (TRADER_ID,TRADER_NAME,DATE_REG,USERNAME,PASSWORD,EMAIL_ID,PHONE,DOB,IS_ADMIN) values ('GINU6KRU','Gina Singleton',to_date('30-DEC-01','DD-MON-RR'),'Gina','hstgopqg','textdied@somema1l.us','9065495480',to_date('17-JUL-65','DD-MON-RR'),0);
Insert into USERS (TRADER_ID,TRADER_NAME,DATE_REG,USERNAME,PASSWORD,EMAIL_ID,PHONE,DOB,IS_ADMIN) values ('WILI2AIC','William White',to_date('20-SEP-70','DD-MON-RR'),'William','hkwikzca','inisland@ma1l2u.co.uk','9094759993',to_date('05-JUL-63','DD-MON-RR'),0);
Insert into USERS (TRADER_ID,TRADER_NAME,DATE_REG,USERNAME,PASSWORD,EMAIL_ID,PHONE,DOB,IS_ADMIN) values ('MAR2KY8Q','Maria Dorsey',to_date('29-APR-11','DD-MON-RR'),'Maria','emguwqms','verickson@hotma1l.net','9070889168',to_date('12-DEC-57','DD-MON-RR'),0);
Insert into USERS (TRADER_ID,TRADER_NAME,DATE_REG,USERNAME,PASSWORD,EMAIL_ID,PHONE,DOB,IS_ADMIN) values ('TRAPRNSK','Tracie Hale',to_date('25-JUN-90','DD-MON-RR'),'Tracie','hapujgdq','mysmoke@b1zmail.us','9085728554',to_date('13-MAR-79','DD-MON-RR'),0);
Insert into USERS (TRADER_ID,TRADER_NAME,DATE_REG,USERNAME,PASSWORD,EMAIL_ID,PHONE,DOB,IS_ADMIN) values ('MARVVKA6','Mariah Vinson',to_date('21-JAN-03','DD-MON-RR'),'Mariah','cfqrlqyf','endswhat@yah00.com','9026444686',to_date('25-AUG-66','DD-MON-RR'),0);
Insert into USERS (TRADER_ID,TRADER_NAME,DATE_REG,USERNAME,PASSWORD,EMAIL_ID,PHONE,DOB,IS_ADMIN) values ('CHAU7OK3','Charles Hurley',to_date('21-FEB-84','DD-MON-RR'),'Charles','noajzwrb','ecrane@hotma1l.co.uk','9070130983',to_date('04-JAN-67','DD-MON-RR'),0);
Insert into USERS (TRADER_ID,TRADER_NAME,DATE_REG,USERNAME,PASSWORD,EMAIL_ID,PHONE,DOB,IS_ADMIN) values ('JORQC1K8','Jordan Dickinson',to_date('20-NOV-05','DD-MON-RR'),'Jordan','hbxisczi','webred99@gma1l.org','9072447179',to_date('28-MAY-65','DD-MON-RR'),0);
Insert into USERS (TRADER_ID,TRADER_NAME,DATE_REG,USERNAME,PASSWORD,EMAIL_ID,PHONE,DOB,IS_ADMIN) values ('BRAZNEEK','Brandon Bonner',to_date('15-MAR-70','DD-MON-RR'),'Brandon','uwqajmcj','alynch@hotma1l.biz','9069316294',to_date('17-MAR-66','DD-MON-RR'),0);
Insert into USERS (TRADER_ID,TRADER_NAME,DATE_REG,USERNAME,PASSWORD,EMAIL_ID,PHONE,DOB,IS_ADMIN) values ('RITPWZSR','Rita Camacho',to_date('09-NOV-17','DD-MON-RR'),'Rita','syramlmh','piqueprobably6@yah00.co.uk','9068896063',to_date('01-JAN-78','DD-MON-RR'),0);
Insert into USERS (TRADER_ID,TRADER_NAME,DATE_REG,USERNAME,PASSWORD,EMAIL_ID,PHONE,DOB,IS_ADMIN) values ('MAR2F5Y7','Mary ann McClure',to_date('01-MAY-08','DD-MON-RR'),'Mary','rjejvzib','edonaldson@gma1l.us','9042512301',to_date('06-MAR-64','DD-MON-RR'),0);
Insert into USERS (TRADER_ID,TRADER_NAME,DATE_REG,USERNAME,PASSWORD,EMAIL_ID,PHONE,DOB,IS_ADMIN) values ('RANBFEVF','Randi Leach',to_date('18-DEC-95','DD-MON-RR'),'Randi','jlcxldig','smcfarland@ma1lbox.com','9053687735',to_date('13-JUL-81','DD-MON-RR'),0);
Insert into USERS (TRADER_ID,TRADER_NAME,DATE_REG,USERNAME,PASSWORD,EMAIL_ID,PHONE,DOB,IS_ADMIN) values ('HOWTYULH','Howard Callahan',to_date('27-DEC-15','DD-MON-RR'),'Howard','hzzqfpkl','isdreams@b1zmail.com','9013836493',to_date('27-FEB-56','DD-MON-RR'),0);
Insert into USERS (TRADER_ID,TRADER_NAME,DATE_REG,USERNAME,PASSWORD,EMAIL_ID,PHONE,DOB,IS_ADMIN) values ('TONJMCGH','Tony Sullivan',to_date('15-JAN-73','DD-MON-RR'),'Tony','mkwyklek','throwhid@ma1lbox.us','9047567290',to_date('30-JUL-70','DD-MON-RR'),0);
Insert into USERS (TRADER_ID,TRADER_NAME,DATE_REG,USERNAME,PASSWORD,EMAIL_ID,PHONE,DOB,IS_ADMIN) values ('JOECW7BS','Joe Coffey',to_date('29-JUN-83','DD-MON-RR'),'Joe','kgxheiuk','waitedas@somema1l.us','9054938638',to_date('01-JUL-72','DD-MON-RR'),0);
Insert into USERS (TRADER_ID,TRADER_NAME,DATE_REG,USERNAME,PASSWORD,EMAIL_ID,PHONE,DOB,IS_ADMIN) values ('GABNVUOW','Gabriel Avery',to_date('05-SEP-82','DD-MON-RR'),'Gabriel','mbqtuifs','modom@gma1l.biz','9046862099',to_date('03-MAY-69','DD-MON-RR'),0);
Insert into USERS (TRADER_ID,TRADER_NAME,DATE_REG,USERNAME,PASSWORD,EMAIL_ID,PHONE,DOB,IS_ADMIN) values ('CAR6HVK9','Carl Riley',to_date('20-MAY-16','DD-MON-RR'),'Carl','rfvmygty','dallison@everyma1l.co.uk','9085243870',to_date('30-SEP-71','DD-MON-RR'),0);
Insert into USERS (TRADER_ID,TRADER_NAME,DATE_REG,USERNAME,PASSWORD,EMAIL_ID,PHONE,DOB,IS_ADMIN) values ('DILZHWX9','Dillon Grimes',to_date('29-JAN-19','DD-MON-RR'),'Dillon','zzjsbmah','sacrificeit''s@yah00.co.uk','9019267112',to_date('11-MAY-70','DD-MON-RR'),0);
Insert into USERS (TRADER_ID,TRADER_NAME,DATE_REG,USERNAME,PASSWORD,EMAIL_ID,PHONE,DOB,IS_ADMIN) values ('MAS2A7XN','Mason Dyer',to_date('18-FEB-11','DD-MON-RR'),'Mason','eitgymuc','vpratt@everyma1l.us','9083535427',to_date('11-NOV-64','DD-MON-RR'),0);
Insert into USERS (TRADER_ID,TRADER_NAME,DATE_REG,USERNAME,PASSWORD,EMAIL_ID,PHONE,DOB,IS_ADMIN) values ('GINFQ1KJ','Gina Houston',to_date('10-NOV-17','DD-MON-RR'),'Gina','xebtdeww','wordsin@everyma1l.biz','9021019509',to_date('26-JUL-75','DD-MON-RR'),0);
Insert into USERS (TRADER_ID,TRADER_NAME,DATE_REG,USERNAME,PASSWORD,EMAIL_ID,PHONE,DOB,IS_ADMIN) values ('REGB527U','Regina Bradford',to_date('17-SEP-07','DD-MON-RR'),'Regina','xwrbymsl','whileothers@hotma1l.net','9096846857',to_date('12-OCT-72','DD-MON-RR'),0);
Insert into USERS (TRADER_ID,TRADER_NAME,DATE_REG,USERNAME,PASSWORD,EMAIL_ID,PHONE,DOB,IS_ADMIN) values ('SAN99MVO','Sandra Castaneda',to_date('31-JUL-88','DD-MON-RR'),'Sandra','dktxmtcb','aboutthey@everyma1l.net','9050329484',to_date('07-MAY-61','DD-MON-RR'),0);
Insert into USERS (TRADER_ID,TRADER_NAME,DATE_REG,USERNAME,PASSWORD,EMAIL_ID,PHONE,DOB,IS_ADMIN) values ('BRECM5SC','Brent Rivers',to_date('31-OCT-95','DD-MON-RR'),'Brent','oeiczaye','islandtext@yah00.net','9027805132',to_date('08-APR-83','DD-MON-RR'),0);
Insert into USERS (TRADER_ID,TRADER_NAME,DATE_REG,USERNAME,PASSWORD,EMAIL_ID,PHONE,DOB,IS_ADMIN) values ('DIAXXBKW','Diane Soto',to_date('22-DEC-98','DD-MON-RR'),'Diane','dpevvdmk','asimmons@gma1l.co.uk','9095446842',to_date('02-MAY-78','DD-MON-RR'),0);
Insert into USERS (TRADER_ID,TRADER_NAME,DATE_REG,USERNAME,PASSWORD,EMAIL_ID,PHONE,DOB,IS_ADMIN) values ('DIXGY6R2','Dixie Little',to_date('24-JAN-14','DD-MON-RR'),'Dixie','zkanotrx','pnixon@gma1l.org','9088078614',to_date('28-FEB-68','DD-MON-RR'),0);
Insert into USERS (TRADER_ID,TRADER_NAME,DATE_REG,USERNAME,PASSWORD,EMAIL_ID,PHONE,DOB,IS_ADMIN) values ('FAIQQVEK','Faith Byrd',to_date('07-SEP-91','DD-MON-RR'),'Faith','kaimoxdi','apitts@yah00.co.uk','9065558517',to_date('09-OCT-69','DD-MON-RR'),0);
Insert into USERS (TRADER_ID,TRADER_NAME,DATE_REG,USERNAME,PASSWORD,EMAIL_ID,PHONE,DOB,IS_ADMIN) values ('LAU5LGLD','Laura Velasquez',to_date('17-JAN-01','DD-MON-RR'),'Laura','wevuqmdi','ltaylor95@gma1l.co.uk','9082560599',to_date('22-APR-84','DD-MON-RR'),0);
Insert into USERS (TRADER_ID,TRADER_NAME,DATE_REG,USERNAME,PASSWORD,EMAIL_ID,PHONE,DOB,IS_ADMIN) values ('HEAOPO1B','Heath Richardson',to_date('15-DEC-05','DD-MON-RR'),'Heath','jhligqog','dchavez@ma1lbox.org','9040729660',to_date('12-MAR-56','DD-MON-RR'),0);
Insert into USERS (TRADER_ID,TRADER_NAME,DATE_REG,USERNAME,PASSWORD,EMAIL_ID,PHONE,DOB,IS_ADMIN) values ('BRA2EBST','Brandon Hancock',to_date('09-FEB-08','DD-MON-RR'),'Brandon','paehanzb','pullsidekick@b1zmail.biz','9051200172',to_date('11-JUN-83','DD-MON-RR'),0);
Insert into USERS (TRADER_ID,TRADER_NAME,DATE_REG,USERNAME,PASSWORD,EMAIL_ID,PHONE,DOB,IS_ADMIN) values ('JOHA3YWQ','John Hart',to_date('17-FEB-82','DD-MON-RR'),'John','jjwwhpud','trios@hotma1l.org','9058309077',to_date('16-JUL-72','DD-MON-RR'),0);
Insert into USERS (TRADER_ID,TRADER_NAME,DATE_REG,USERNAME,PASSWORD,EMAIL_ID,PHONE,DOB,IS_ADMIN) values ('KRIMN9L8','Kristin McGuire',to_date('27-JUN-13','DD-MON-RR'),'Kristin','nyeogpqu','sworkman@gma1l.us','9046642269',to_date('03-MAY-74','DD-MON-RR'),0);
Insert into USERS (TRADER_ID,TRADER_NAME,DATE_REG,USERNAME,PASSWORD,EMAIL_ID,PHONE,DOB,IS_ADMIN) values ('ROS53TGD','Rose Mays',to_date('28-SEP-13','DD-MON-RR'),'Rose','mvehzkzt','textof@everyma1l.biz','9081283380',to_date('30-JUN-58','DD-MON-RR'),0);
Insert into USERS (TRADER_ID,TRADER_NAME,DATE_REG,USERNAME,PASSWORD,EMAIL_ID,PHONE,DOB,IS_ADMIN) values ('CHR22C80','Christopher Ward',to_date('08-JUL-87','DD-MON-RR'),'Christopher','npnnmsxj','enterthis96@ma1l2u.co.uk','9071433044',to_date('10-AUG-56','DD-MON-RR'),0);
Insert into USERS (TRADER_ID,TRADER_NAME,DATE_REG,USERNAME,PASSWORD,EMAIL_ID,PHONE,DOB,IS_ADMIN) values ('PAIS0FVL','Paige Cohen',to_date('29-DEC-13','DD-MON-RR'),'Paige','gqtkvhve','untilwho@ma1l2u.com','9090918032',to_date('27-JUN-61','DD-MON-RR'),0);
Insert into USERS (TRADER_ID,TRADER_NAME,DATE_REG,USERNAME,PASSWORD,EMAIL_ID,PHONE,DOB,IS_ADMIN) values ('KENFND7Y','Kenny Cabrera',to_date('06-DEC-08','DD-MON-RR'),'Kenny','wzciorqm','buildrescue@hotma1l.co.uk','9064364390',to_date('27-AUG-60','DD-MON-RR'),0);
Insert into USERS (TRADER_ID,TRADER_NAME,DATE_REG,USERNAME,PASSWORD,EMAIL_ID,PHONE,DOB,IS_ADMIN) values ('RITBY9F1','Rita Rodriquez',to_date('26-NOV-16','DD-MON-RR'),'Rita','yokfbnlu','constantlysacrifice20@gma1l.us','9047099195',to_date('24-OCT-69','DD-MON-RR'),0);
Insert into USERS (TRADER_ID,TRADER_NAME,DATE_REG,USERNAME,PASSWORD,EMAIL_ID,PHONE,DOB,IS_ADMIN) values ('ZACH95GA','Zachary McGuire',to_date('25-MAR-71','DD-MON-RR'),'Zachary','tymgzflj','ssummers@yah00.net','9060858378',to_date('12-APR-63','DD-MON-RR'),0);
Insert into USERS (TRADER_ID,TRADER_NAME,DATE_REG,USERNAME,PASSWORD,EMAIL_ID,PHONE,DOB,IS_ADMIN) values ('TRA0CE04','Tracie Copeland',to_date('12-APR-01','DD-MON-RR'),'Tracie','znhhwtvk','wicketwho@yah00.net','9046389961',to_date('12-MAR-82','DD-MON-RR'),0);
Insert into USERS (TRADER_ID,TRADER_NAME,DATE_REG,USERNAME,PASSWORD,EMAIL_ID,PHONE,DOB,IS_ADMIN) values ('DUAE9WVQ','Duane Abbott',to_date('31-OCT-81','DD-MON-RR'),'Duane','owyzwypv','willworn@everyma1l.us','9044042298',to_date('05-SEP-68','DD-MON-RR'),0);
Insert into USERS (TRADER_ID,TRADER_NAME,DATE_REG,USERNAME,PASSWORD,EMAIL_ID,PHONE,DOB,IS_ADMIN) values ('JES3RBBJ','Jessie McIntyre',to_date('24-JAN-82','DD-MON-RR'),'Jessie','chwvvlmy','nowe2@ma1l2u.com','9057652633',to_date('07-NOV-62','DD-MON-RR'),0);
Insert into USERS (TRADER_ID,TRADER_NAME,DATE_REG,USERNAME,PASSWORD,EMAIL_ID,PHONE,DOB,IS_ADMIN) values ('BONNCVDB','Bonnie Simpson',to_date('31-OCT-94','DD-MON-RR'),'Bonnie','dszdiyya','tookopen@ma1lbox.net','9013062019',to_date('20-FEB-58','DD-MON-RR'),0);
Insert into USERS (TRADER_ID,TRADER_NAME,DATE_REG,USERNAME,PASSWORD,EMAIL_ID,PHONE,DOB,IS_ADMIN) values ('DONR330N','Donald Page',to_date('21-JAN-00','DD-MON-RR'),'Donald','tupywiok','televisionpeople@hotma1l.com','9068394506',to_date('16-JAN-59','DD-MON-RR'),0);
Insert into USERS (TRADER_ID,TRADER_NAME,DATE_REG,USERNAME,PASSWORD,EMAIL_ID,PHONE,DOB,IS_ADMIN) values ('MEL90RDH','Melody Barrett',to_date('13-MAY-79','DD-MON-RR'),'Melody','xhhhfler','shipthrow@gma1l.net','9033106985',to_date('31-JAN-78','DD-MON-RR'),0);
Insert into USERS (TRADER_ID,TRADER_NAME,DATE_REG,USERNAME,PASSWORD,EMAIL_ID,PHONE,DOB,IS_ADMIN) values ('JAMWBIU6','Jamie Montgomery',to_date('10-MAY-07','DD-MON-RR'),'Jamie','enbvsvin','nkeller@ma1l2u.net','9035901548',to_date('22-JUN-83','DD-MON-RR'),0);
Insert into USERS (TRADER_ID,TRADER_NAME,DATE_REG,USERNAME,PASSWORD,EMAIL_ID,PHONE,DOB,IS_ADMIN) values ('CHAZWV3E','Charlene Wilkins',to_date('30-JUN-75','DD-MON-RR'),'Charlene','qunmxpza','wicketlost@ma1lbox.biz','9042267832',to_date('28-NOV-76','DD-MON-RR'),0);
Insert into USERS (TRADER_ID,TRADER_NAME,DATE_REG,USERNAME,PASSWORD,EMAIL_ID,PHONE,DOB,IS_ADMIN) values ('MARJKAEW','Mariah Holcomb',to_date('29-JAN-09','DD-MON-RR'),'Mariah','lmndaawe','tryingmy@somema1l.us','9082825680',to_date('13-FEB-79','DD-MON-RR'),0);
Insert into USERS (TRADER_ID,TRADER_NAME,DATE_REG,USERNAME,PASSWORD,EMAIL_ID,PHONE,DOB,IS_ADMIN) values ('GEON2IB3','George Suarez',to_date('08-JUN-07','DD-MON-RR'),'George','eubrhhqa','withlight@ma1lbox.net','9044070574',to_date('09-JAN-72','DD-MON-RR'),0);
Insert into USERS (TRADER_ID,TRADER_NAME,DATE_REG,USERNAME,PASSWORD,EMAIL_ID,PHONE,DOB,IS_ADMIN) values ('LAUAL90C','Laura Dudley',to_date('20-JAN-88','DD-MON-RR'),'Laura','rpbqzqap','smcguire@ma1l2u.co.uk','9056988267',to_date('16-MAY-56','DD-MON-RR'),0);
Insert into USERS (TRADER_ID,TRADER_NAME,DATE_REG,USERNAME,PASSWORD,EMAIL_ID,PHONE,DOB,IS_ADMIN) values ('CHUGRGOO','Chuck Castillo',to_date('16-FEB-14','DD-MON-RR'),'Chuck','nddmhmmn','theof@ma1l2u.com','9078498483',to_date('12-APR-57','DD-MON-RR'),0);
Insert into USERS (TRADER_ID,TRADER_NAME,DATE_REG,USERNAME,PASSWORD,EMAIL_ID,PHONE,DOB,IS_ADMIN) values ('GAB8QU2G','Gabriel Hurst',to_date('22-APR-11','DD-MON-RR'),'Gabriel','sgqsnmry','bbyers@somema1l.co.uk','9095158642',to_date('27-JAN-82','DD-MON-RR'),0);
Insert into USERS (TRADER_ID,TRADER_NAME,DATE_REG,USERNAME,PASSWORD,EMAIL_ID,PHONE,DOB,IS_ADMIN) values ('DONN9WWV','Donnie Nunez',to_date('02-JUL-76','DD-MON-RR'),'Donnie','rgqxnozo','mysmoke@b1zmail.net','9068202462',to_date('05-JUL-79','DD-MON-RR'),0);
Insert into USERS (TRADER_ID,TRADER_NAME,DATE_REG,USERNAME,PASSWORD,EMAIL_ID,PHONE,DOB,IS_ADMIN) values ('JERK3L0P','Jeremiah Bird',to_date('25-DEC-97','DD-MON-RR'),'Jeremiah','baqtqujn','sfuentes@ma1l2u.org','9025377621',to_date('01-MAR-57','DD-MON-RR'),0);
Insert into USERS (TRADER_ID,TRADER_NAME,DATE_REG,USERNAME,PASSWORD,EMAIL_ID,PHONE,DOB,IS_ADMIN) values ('WHIV0FLO','Whitney Davenport',to_date('09-MAY-89','DD-MON-RR'),'Whitney','wbnloyze','foundwhat@hotma1l.org','9011091573',to_date('17-FEB-66','DD-MON-RR'),0);
Insert into USERS (TRADER_ID,TRADER_NAME,DATE_REG,USERNAME,PASSWORD,EMAIL_ID,PHONE,DOB,IS_ADMIN) values ('SYDEJ33S','Sydney Olsen',to_date('08-NOV-11','DD-MON-RR'),'Sydney','taxffvnz','movedsomething@yah00.com','9041232093',to_date('28-MAY-62','DD-MON-RR'),0);
Insert into USERS (TRADER_ID,TRADER_NAME,DATE_REG,USERNAME,PASSWORD,EMAIL_ID,PHONE,DOB,IS_ADMIN) values ('CHRS30RF','Christina McMillan',to_date('20-FEB-97','DD-MON-RR'),'Christina','mywdbcqz','movedsuspense@b1zmail.org','9056286817',to_date('22-MAY-55','DD-MON-RR'),0);
Insert into USERS (TRADER_ID,TRADER_NAME,DATE_REG,USERNAME,PASSWORD,EMAIL_ID,PHONE,DOB,IS_ADMIN) values ('CAR6Y40A','Carmen Woodward',to_date('23-JAN-97','DD-MON-RR'),'Carmen','fisfheef','plawson@everyma1l.co.uk','9084864208',to_date('27-APR-56','DD-MON-RR'),0);
Insert into USERS (TRADER_ID,TRADER_NAME,DATE_REG,USERNAME,PASSWORD,EMAIL_ID,PHONE,DOB,IS_ADMIN) values ('JUAFOXS2','Juanita Clements',to_date('09-JAN-01','DD-MON-RR'),'Juanita','jvjledwp','into@somema1l.co.uk','9081188671',to_date('17-OCT-70','DD-MON-RR'),0);
Insert into USERS (TRADER_ID,TRADER_NAME,DATE_REG,USERNAME,PASSWORD,EMAIL_ID,PHONE,DOB,IS_ADMIN) values ('PENUIOF0','Penny Spears',to_date('11-JUN-91','DD-MON-RR'),'Penny','tqukmpct','tyang@ma1l2u.biz','9049653909',to_date('05-JAN-83','DD-MON-RR'),0);
Insert into USERS (TRADER_ID,TRADER_NAME,DATE_REG,USERNAME,PASSWORD,EMAIL_ID,PHONE,DOB,IS_ADMIN) values ('BRI1O3HE','Brittany Sweeney',to_date('18-JUN-89','DD-MON-RR'),'Brittany','uvpvjyad','bburch@yah00.us','9023539588',to_date('03-JUL-67','DD-MON-RR'),0);
Insert into USERS (TRADER_ID,TRADER_NAME,DATE_REG,USERNAME,PASSWORD,EMAIL_ID,PHONE,DOB,IS_ADMIN) values ('KATGCHI5','Kathleen Lawson',to_date('04-JAN-87','DD-MON-RR'),'Kathleen','umgbafxd','withhid@yah00.us','9046062180',to_date('23-AUG-75','DD-MON-RR'),0);
Insert into USERS (TRADER_ID,TRADER_NAME,DATE_REG,USERNAME,PASSWORD,EMAIL_ID,PHONE,DOB,IS_ADMIN) values ('JACHZRQ9','Jacob Hunt',to_date('04-MAR-90','DD-MON-RR'),'Jacob','vggoccem','sschultz@yah00.org','9075005280',to_date('15-DEC-60','DD-MON-RR'),0);
Insert into USERS (TRADER_ID,TRADER_NAME,DATE_REG,USERNAME,PASSWORD,EMAIL_ID,PHONE,DOB,IS_ADMIN) values ('PATPHCYV','Patty Gill',to_date('25-JAN-79','DD-MON-RR'),'Patty','ippjnvqc','discoveredin@hotma1l.com','9080360813',to_date('09-SEP-58','DD-MON-RR'),0);
Insert into USERS (TRADER_ID,TRADER_NAME,DATE_REG,USERNAME,PASSWORD,EMAIL_ID,PHONE,DOB,IS_ADMIN) values ('JESFJTRT','Jessie Salinas',to_date('14-OCT-74','DD-MON-RR'),'Jessie','pgxwnkze','inmoved@hotma1l.net','9036843469',to_date('13-OCT-62','DD-MON-RR'),0);
Insert into USERS (TRADER_ID,TRADER_NAME,DATE_REG,USERNAME,PASSWORD,EMAIL_ID,PHONE,DOB,IS_ADMIN) values ('CRAEM3BA','Craig Irwin',to_date('22-FEB-93','DD-MON-RR'),'Craig','xnkyvsro','areuntil61@yah00.co.uk','9090157586',to_date('25-NOV-79','DD-MON-RR'),0);
Insert into USERS (TRADER_ID,TRADER_NAME,DATE_REG,USERNAME,PASSWORD,EMAIL_ID,PHONE,DOB,IS_ADMIN) values ('CHEOYGNQ','Chester Campbell',to_date('22-MAY-99','DD-MON-RR'),'Chester','qefoaiux','whitesecretly@yah00.net','9025399384',to_date('07-FEB-64','DD-MON-RR'),0);
Insert into USERS (TRADER_ID,TRADER_NAME,DATE_REG,USERNAME,PASSWORD,EMAIL_ID,PHONE,DOB,IS_ADMIN) values ('FATE532B','Father Cain',to_date('25-NOV-72','DD-MON-RR'),'Father','mdeuhxom','kfranco34@b1zmail.net','9050212009',to_date('15-JUN-62','DD-MON-RR'),0);
Insert into USERS (TRADER_ID,TRADER_NAME,DATE_REG,USERNAME,PASSWORD,EMAIL_ID,PHONE,DOB,IS_ADMIN) values ('MICU04YU','Michael Ellison',to_date('22-MAR-88','DD-MON-RR'),'Michael','ewosrmpe','handledlock@gma1l.biz','9099466323',to_date('05-JUL-69','DD-MON-RR'),0);
Insert into USERS (TRADER_ID,TRADER_NAME,DATE_REG,USERNAME,PASSWORD,EMAIL_ID,PHONE,DOB,IS_ADMIN) values ('ROGJLA4F','Roger Melendez',to_date('04-JAN-84','DD-MON-RR'),'Roger','icmvbnzt','worldleader@yah00.net','9021693831',to_date('11-JUN-75','DD-MON-RR'),0);
Insert into USERS (TRADER_ID,TRADER_NAME,DATE_REG,USERNAME,PASSWORD,EMAIL_ID,PHONE,DOB,IS_ADMIN) values ('JAN4TTH1','Jane Moon',to_date('09-NOV-71','DD-MON-RR'),'Jane','iirrkmxg','elambert@somema1l.net','9034765814',to_date('30-OCT-69','DD-MON-RR'),0);
Insert into USERS (TRADER_ID,TRADER_NAME,DATE_REG,USERNAME,PASSWORD,EMAIL_ID,PHONE,DOB,IS_ADMIN) values ('DONCD5Q4','Donna Fields',to_date('17-JUL-12','DD-MON-RR'),'Donna','xggvaxcs','numbersto9@somema1l.co.uk','9099714687',to_date('20-DEC-59','DD-MON-RR'),0);
Insert into USERS (TRADER_ID,TRADER_NAME,DATE_REG,USERNAME,PASSWORD,EMAIL_ID,PHONE,DOB,IS_ADMIN) values ('DAR2Y9UG','Darlene Black',to_date('17-JUN-71','DD-MON-RR'),'Darlene','kjopjust','ccastro@somema1l.co.uk','9093230883',to_date('19-JUL-78','DD-MON-RR'),0);
Insert into USERS (TRADER_ID,TRADER_NAME,DATE_REG,USERNAME,PASSWORD,EMAIL_ID,PHONE,DOB,IS_ADMIN) values ('SHETU9YL','Sher Rocha',to_date('04-FEB-86','DD-MON-RR'),'Sher','kczqcoxc','foundgood@ma1lbox.org','9026760324',to_date('24-AUG-80','DD-MON-RR'),0);
Insert into USERS (TRADER_ID,TRADER_NAME,DATE_REG,USERNAME,PASSWORD,EMAIL_ID,PHONE,DOB,IS_ADMIN) values ('TRAR9876','Tracie Gallegos',to_date('20-SEP-11','DD-MON-RR'),'Tracie','mtgozzxm','sillcame@yah00.net','9026859701',to_date('05-JAN-79','DD-MON-RR'),0);
Insert into USERS (TRADER_ID,TRADER_NAME,DATE_REG,USERNAME,PASSWORD,EMAIL_ID,PHONE,DOB,IS_ADMIN) values ('TAYKKPA8','Taylor Conner',to_date('03-OCT-80','DD-MON-RR'),'Taylor','oyfpwjmg','dosomething@somema1l.biz','9086824804',to_date('30-OCT-79','DD-MON-RR'),0);
Insert into USERS (TRADER_ID,TRADER_NAME,DATE_REG,USERNAME,PASSWORD,EMAIL_ID,PHONE,DOB,IS_ADMIN) values ('SARVG1XN','Sara Carey',to_date('07-MAY-90','DD-MON-RR'),'Sara','dsmqfiue','librarysacrifice@ma1l2u.net','9097906948',to_date('16-JAN-76','DD-MON-RR'),0);
Insert into USERS (TRADER_ID,TRADER_NAME,DATE_REG,USERNAME,PASSWORD,EMAIL_ID,PHONE,DOB,IS_ADMIN) values ('SUM32PPS','Summer Molina',to_date('30-JUL-90','DD-MON-RR'),'Summer','cwpqnbeb','numbershave@yah00.org','9047237320',to_date('06-JUL-59','DD-MON-RR'),0);
Insert into USERS (TRADER_ID,TRADER_NAME,DATE_REG,USERNAME,PASSWORD,EMAIL_ID,PHONE,DOB,IS_ADMIN) values ('LARXJBMF','Larry Crane',to_date('26-MAY-05','DD-MON-RR'),'Larry','lmrhaiie','illkeys@somema1l.co.uk','9021441101',to_date('02-NOV-76','DD-MON-RR'),0);
Insert into USERS (TRADER_ID,TRADER_NAME,DATE_REG,USERNAME,PASSWORD,EMAIL_ID,PHONE,DOB,IS_ADMIN) values ('COUL2KB0','Courtney Ruiz',to_date('20-OCT-94','DD-MON-RR'),'Courtney','aqrdedoc','rhansen@yah00.com','9057234595',to_date('06-JUN-61','DD-MON-RR'),0);
Insert into USERS (TRADER_ID,TRADER_NAME,DATE_REG,USERNAME,PASSWORD,EMAIL_ID,PHONE,DOB,IS_ADMIN) values ('BRIHFIYO','Brian Perkins',to_date('20-FEB-70','DD-MON-RR'),'Brian','pobukiwh','wantuntil@somema1l.net','9095362499',to_date('16-AUG-61','DD-MON-RR'),0);
Insert into USERS (TRADER_ID,TRADER_NAME,DATE_REG,USERNAME,PASSWORD,EMAIL_ID,PHONE,DOB,IS_ADMIN) values ('WIL50WIN','William Vasquez',to_date('16-SEP-17','DD-MON-RR'),'William','yxlziqez','lhutchinson@yah00.co.uk','9044154179',to_date('05-JAN-76','DD-MON-RR'),0);
Insert into USERS (TRADER_ID,TRADER_NAME,DATE_REG,USERNAME,PASSWORD,EMAIL_ID,PHONE,DOB,IS_ADMIN) values ('MAROMXHQ','Marie Reese',to_date('31-MAR-12','DD-MON-RR'),'Marie','oxukgojh','smokehatch@b1zmail.us','9021148469',to_date('08-SEP-78','DD-MON-RR'),0);
Insert into USERS (TRADER_ID,TRADER_NAME,DATE_REG,USERNAME,PASSWORD,EMAIL_ID,PHONE,DOB,IS_ADMIN) values ('CLAUGG1K','Clarence Walker',to_date('24-JAN-91','DD-MON-RR'),'Clarence','opyrprmd','islandpull@ma1lbox.com','9069784732',to_date('17-AUG-66','DD-MON-RR'),0);
Insert into USERS (TRADER_ID,TRADER_NAME,DATE_REG,USERNAME,PASSWORD,EMAIL_ID,PHONE,DOB,IS_ADMIN) values ('ALIOTRT4','Alisha Conway',to_date('22-JUL-92','DD-MON-RR'),'Alisha','fopuened','cashley18@yah00.us','9042348034',to_date('27-SEP-80','DD-MON-RR'),0);
Insert into USERS (TRADER_ID,TRADER_NAME,DATE_REG,USERNAME,PASSWORD,EMAIL_ID,PHONE,DOB,IS_ADMIN) values ('ALETHRSX','Alexis Haney',to_date('07-OCT-01','DD-MON-RR'),'Alexis','nqcffpir','jhurst@gma1l.com','9054991456',to_date('23-JUN-73','DD-MON-RR'),0);
Insert into USERS (TRADER_ID,TRADER_NAME,DATE_REG,USERNAME,PASSWORD,EMAIL_ID,PHONE,DOB,IS_ADMIN) values ('ALID2E4M','Alissa Ewing',to_date('23-MAY-03','DD-MON-RR'),'Alissa','tqipcpzn','lberry@ma1lbox.biz','9012038544',to_date('22-JUL-61','DD-MON-RR'),0);
Insert into USERS (TRADER_ID,TRADER_NAME,DATE_REG,USERNAME,PASSWORD,EMAIL_ID,PHONE,DOB,IS_ADMIN) values ('LIN7QYKE','Lindsey Craft',to_date('06-JUN-76','DD-MON-RR'),'Lindsey','ywyypgqo','mphillips@everyma1l.net','9055904867',to_date('21-DEC-79','DD-MON-RR'),0);
Insert into USERS (TRADER_ID,TRADER_NAME,DATE_REG,USERNAME,PASSWORD,EMAIL_ID,PHONE,DOB,IS_ADMIN) values ('AND89IQX','Andrea Rice',to_date('02-DEC-81','DD-MON-RR'),'Andrea','ssyxaizp','somethingprobably@yah00.biz','9041746111',to_date('24-JUL-78','DD-MON-RR'),0);
Insert into USERS (TRADER_ID,TRADER_NAME,DATE_REG,USERNAME,PASSWORD,EMAIL_ID,PHONE,DOB,IS_ADMIN) values ('BOB3G38W','Bob Macdonald',to_date('16-SEP-90','DD-MON-RR'),'Bob','ytulxpxi','whoit@hotma1l.biz','9088397075',to_date('06-NOV-82','DD-MON-RR'),0);
Insert into USERS (TRADER_ID,TRADER_NAME,DATE_REG,USERNAME,PASSWORD,EMAIL_ID,PHONE,DOB,IS_ADMIN) values ('TYRLL4RI','Tyrone Strickland',to_date('15-OCT-17','DD-MON-RR'),'Tyrone','zpxtqesc','ktyler@everyma1l.net','9043068326',to_date('08-AUG-66','DD-MON-RR'),0);
Insert into USERS (TRADER_ID,TRADER_NAME,DATE_REG,USERNAME,PASSWORD,EMAIL_ID,PHONE,DOB,IS_ADMIN) values ('DORL4QRF','Doris Anderson',to_date('01-NOV-72','DD-MON-RR'),'Doris','vutkyjws','warpwords@yah00.com','9059052970',to_date('18-AUG-84','DD-MON-RR'),0);
Insert into USERS (TRADER_ID,TRADER_NAME,DATE_REG,USERNAME,PASSWORD,EMAIL_ID,PHONE,DOB,IS_ADMIN) values ('JAKWVAYB','Jake Jennings',to_date('30-JAN-74','DD-MON-RR'),'Jake','mtesotsf','wrongit@b1zmail.biz','9083475567',to_date('27-FEB-83','DD-MON-RR'),0);
Insert into USERS (TRADER_ID,TRADER_NAME,DATE_REG,USERNAME,PASSWORD,EMAIL_ID,PHONE,DOB,IS_ADMIN) values ('TERPNFRF','Terri Jimenez',to_date('12-JUN-97','DD-MON-RR'),'Terri','dyalcdcv','illit''s33@b1zmail.co.uk','9064319919',to_date('25-JAN-60','DD-MON-RR'),0);
Insert into USERS (TRADER_ID,TRADER_NAME,DATE_REG,USERNAME,PASSWORD,EMAIL_ID,PHONE,DOB,IS_ADMIN) values ('DANP3AAE','Dan Whitaker',to_date('07-JUL-05','DD-MON-RR'),'Dan','opvntttx','dsuarez@gma1l.us','9034813886',to_date('05-APR-62','DD-MON-RR'),0);
Insert into USERS (TRADER_ID,TRADER_NAME,DATE_REG,USERNAME,PASSWORD,EMAIL_ID,PHONE,DOB,IS_ADMIN) values ('CAL7GPIE','Caleb Grant',to_date('11-DEC-90','DD-MON-RR'),'Caleb','lgwmrfkh','mcraft47@somema1l.net','9071757449',to_date('23-NOV-79','DD-MON-RR'),0);
Insert into USERS (TRADER_ID,TRADER_NAME,DATE_REG,USERNAME,PASSWORD,EMAIL_ID,PHONE,DOB,IS_ADMIN) values ('THEEYM5S','Thelma Gaines',to_date('22-FEB-09','DD-MON-RR'),'Thelma','dhxavzft','roompeople@b1zmail.org','9011080117',to_date('05-SEP-68','DD-MON-RR'),0);
Insert into USERS (TRADER_ID,TRADER_NAME,DATE_REG,USERNAME,PASSWORD,EMAIL_ID,PHONE,DOB,IS_ADMIN) values ('CHE9I7EY','Chester Stanley',to_date('11-JUN-15','DD-MON-RR'),'Chester','ijqtstem','whatbanging67@b1zmail.com','9043764487',to_date('04-NOV-76','DD-MON-RR'),0);
Insert into USERS (TRADER_ID,TRADER_NAME,DATE_REG,USERNAME,PASSWORD,EMAIL_ID,PHONE,DOB,IS_ADMIN) values ('ALISYIGU','Alisha Casey',to_date('26-JUN-86','DD-MON-RR'),'Alisha','awpbuzdb','areworn@ma1lbox.biz','9097485123',to_date('09-JUN-79','DD-MON-RR'),0);
Insert into USERS (TRADER_ID,TRADER_NAME,DATE_REG,USERNAME,PASSWORD,EMAIL_ID,PHONE,DOB,IS_ADMIN) values ('BRU8EF38','Bruce Hunt',to_date('05-APR-11','DD-MON-RR'),'Bruce','wwkjxhxu','coldon@ma1l2u.com','9089218956',to_date('10-MAY-73','DD-MON-RR'),0);
Insert into USERS (TRADER_ID,TRADER_NAME,DATE_REG,USERNAME,PASSWORD,EMAIL_ID,PHONE,DOB,IS_ADMIN) values ('TRAYHS5Z','Tracie Goff',to_date('17-SEP-00','DD-MON-RR'),'Tracie','wccofvzp','wgates@somema1l.com','9062045899',to_date('08-NOV-68','DD-MON-RR'),0);
Insert into USERS (TRADER_ID,TRADER_NAME,DATE_REG,USERNAME,PASSWORD,EMAIL_ID,PHONE,DOB,IS_ADMIN) values ('MADC63AX','Madison Cobb',to_date('11-FEB-86','DD-MON-RR'),'Madison','wqpoazjl','vrowland@hotma1l.net','9059681390',to_date('09-NOV-68','DD-MON-RR'),0);
Insert into USERS (TRADER_ID,TRADER_NAME,DATE_REG,USERNAME,PASSWORD,EMAIL_ID,PHONE,DOB,IS_ADMIN) values ('BROJOU6L','Brooke Bryan',to_date('17-MAY-99','DD-MON-RR'),'Brooke','qyclzvpk','khurley@everyma1l.com','9079567824',to_date('17-OCT-79','DD-MON-RR'),0);
Insert into USERS (TRADER_ID,TRADER_NAME,DATE_REG,USERNAME,PASSWORD,EMAIL_ID,PHONE,DOB,IS_ADMIN) values ('DONFYZH2','Donna Carroll',to_date('19-NOV-01','DD-MON-RR'),'Donna','bmfdinet','hnewman@yah00.us','9087492756',to_date('21-JUL-56','DD-MON-RR'),0);
Insert into USERS (TRADER_ID,TRADER_NAME,DATE_REG,USERNAME,PASSWORD,EMAIL_ID,PHONE,DOB,IS_ADMIN) values ('MARMLHA7','Mark McGowan',to_date('16-MAR-80','DD-MON-RR'),'Mark','zdnhivrd','wasno@b1zmail.biz','9091881257',to_date('24-OCT-76','DD-MON-RR'),0);
Insert into USERS (TRADER_ID,TRADER_NAME,DATE_REG,USERNAME,PASSWORD,EMAIL_ID,PHONE,DOB,IS_ADMIN) values ('WILSEBES','William Chan',to_date('23-APR-71','DD-MON-RR'),'William','dtyzsbas','theycame@gma1l.co.uk','9077894897',to_date('04-JAN-56','DD-MON-RR'),0);
Insert into USERS (TRADER_ID,TRADER_NAME,DATE_REG,USERNAME,PASSWORD,EMAIL_ID,PHONE,DOB,IS_ADMIN) values ('NICQ5T8G','Nicole Barnett',to_date('12-APR-81','DD-MON-RR'),'Nicole','jwcoyvqw','shipcomputer@b1zmail.org','9018228643',to_date('26-JUL-60','DD-MON-RR'),0);
Insert into USERS (TRADER_ID,TRADER_NAME,DATE_REG,USERNAME,PASSWORD,EMAIL_ID,PHONE,DOB,IS_ADMIN) values ('MAX4PYCD','Max Wallace',to_date('06-JUN-13','DD-MON-RR'),'Max','uvoylkju','itfound@hotma1l.net','9051834124',to_date('09-SEP-60','DD-MON-RR'),0);
Insert into USERS (TRADER_ID,TRADER_NAME,DATE_REG,USERNAME,PASSWORD,EMAIL_ID,PHONE,DOB,IS_ADMIN) values ('SHAQ3Q50','Shannon Cotton',to_date('31-AUG-09','DD-MON-RR'),'Shannon','jbxqnupq','wbryan@somema1l.co.uk','9034971700',to_date('12-JUL-71','DD-MON-RR'),0);
Insert into USERS (TRADER_ID,TRADER_NAME,DATE_REG,USERNAME,PASSWORD,EMAIL_ID,PHONE,DOB,IS_ADMIN) values ('ALL049Z3','Allen Franks',to_date('08-SEP-90','DD-MON-RR'),'Allen','ekhzmdum','kmiddleton52@b1zmail.co.uk','9019974301',to_date('05-DEC-74','DD-MON-RR'),0);
Insert into USERS (TRADER_ID,TRADER_NAME,DATE_REG,USERNAME,PASSWORD,EMAIL_ID,PHONE,DOB,IS_ADMIN) values ('DAKYZ7MS','Dakota Leonard',to_date('20-MAY-10','DD-MON-RR'),'Dakota','jltvqhqa','itheadphones@somema1l.us','9024332593',to_date('10-AUG-68','DD-MON-RR'),0);
Insert into USERS (TRADER_ID,TRADER_NAME,DATE_REG,USERNAME,PASSWORD,EMAIL_ID,PHONE,DOB,IS_ADMIN) values ('ZAC15CCX','Zachary Yates',to_date('06-MAR-15','DD-MON-RR'),'Zachary','qhokkcyr','rmerritt@ma1l2u.us','9090359663',to_date('11-APR-74','DD-MON-RR'),0);
Insert into USERS (TRADER_ID,TRADER_NAME,DATE_REG,USERNAME,PASSWORD,EMAIL_ID,PHONE,DOB,IS_ADMIN) values ('BABECQS4','Baby Hess',to_date('31-MAR-83','DD-MON-RR'),'Baby','pyycvwln','sjennings@ma1lbox.net','9051254384',to_date('30-NOV-55','DD-MON-RR'),0);
Insert into USERS (TRADER_ID,TRADER_NAME,DATE_REG,USERNAME,PASSWORD,EMAIL_ID,PHONE,DOB,IS_ADMIN) values ('BREPZN29','Brent McNeil',to_date('14-JUN-89','DD-MON-RR'),'Brent','nvxtqazm','thurley@somema1l.com','9096190828',to_date('29-DEC-70','DD-MON-RR'),0);
Insert into USERS (TRADER_ID,TRADER_NAME,DATE_REG,USERNAME,PASSWORD,EMAIL_ID,PHONE,DOB,IS_ADMIN) values ('SUMQV73B','Summer Christian',to_date('20-DEC-95','DD-MON-RR'),'Summer','bzhhtxoy','hdickerson21@somema1l.us','9091230298',to_date('11-MAR-77','DD-MON-RR'),0);
Insert into USERS (TRADER_ID,TRADER_NAME,DATE_REG,USERNAME,PASSWORD,EMAIL_ID,PHONE,DOB,IS_ADMIN) values ('ALADF547','Alan Rollins',to_date('24-SEP-00','DD-MON-RR'),'Alan','vinhsnuo','jsavage@yah00.org','9090892836',to_date('06-DEC-68','DD-MON-RR'),0);
Insert into USERS (TRADER_ID,TRADER_NAME,DATE_REG,USERNAME,PASSWORD,EMAIL_ID,PHONE,DOB,IS_ADMIN) values ('MINLM2PK','Mindy Ortiz',to_date('02-APR-99','DD-MON-RR'),'Mindy','zefwxnew','lhoffman3@ma1lbox.us','9014425359',to_date('29-MAR-59','DD-MON-RR'),0);
Insert into USERS (TRADER_ID,TRADER_NAME,DATE_REG,USERNAME,PASSWORD,EMAIL_ID,PHONE,DOB,IS_ADMIN) values ('SHEMG1R5','Sherry Blanchard',to_date('06-JAN-95','DD-MON-RR'),'Sherry','dzncjixy','outfound@somema1l.co.uk','9089302738',to_date('27-AUG-67','DD-MON-RR'),0);
Insert into USERS (TRADER_ID,TRADER_NAME,DATE_REG,USERNAME,PASSWORD,EMAIL_ID,PHONE,DOB,IS_ADMIN) values ('BRO2RMHS','Brooke Logan',to_date('06-NOV-75','DD-MON-RR'),'Brooke','bmyvibir','warpit12@gma1l.net','9077668761',to_date('26-FEB-83','DD-MON-RR'),0);
Insert into USERS (TRADER_ID,TRADER_NAME,DATE_REG,USERNAME,PASSWORD,EMAIL_ID,PHONE,DOB,IS_ADMIN) values ('BOBRHF4X','Bobbie Tate',to_date('14-MAR-74','DD-MON-RR'),'Bobbie','wvckcvyh','speedassert@b1zmail.us','9085112297',to_date('03-OCT-82','DD-MON-RR'),0);
Insert into USERS (TRADER_ID,TRADER_NAME,DATE_REG,USERNAME,PASSWORD,EMAIL_ID,PHONE,DOB,IS_ADMIN) values ('VIC62V98','Vicki Owen',to_date('21-JAN-13','DD-MON-RR'),'Vicki','efrclkgj','vkelley77@hotma1l.co.uk','9012715057',to_date('07-FEB-56','DD-MON-RR'),0);
Insert into USERS (TRADER_ID,TRADER_NAME,DATE_REG,USERNAME,PASSWORD,EMAIL_ID,PHONE,DOB,IS_ADMIN) values ('LAUC4KJN','Laura Hall',to_date('23-FEB-14','DD-MON-RR'),'Laura','sivgyddb','tnewman@hotma1l.org','9037391607',to_date('12-JUN-83','DD-MON-RR'),0);
Insert into USERS (TRADER_ID,TRADER_NAME,DATE_REG,USERNAME,PASSWORD,EMAIL_ID,PHONE,DOB,IS_ADMIN) values ('JOHT9HLP','Johnathan Barr',to_date('19-DEC-15','DD-MON-RR'),'Johnathan','yuevuaip','mgiles@ma1l2u.biz','9078943811',to_date('10-MAY-60','DD-MON-RR'),0);
Insert into USERS (TRADER_ID,TRADER_NAME,DATE_REG,USERNAME,PASSWORD,EMAIL_ID,PHONE,DOB,IS_ADMIN) values ('PENCKYIK','Penny Garrison',to_date('08-FEB-80','DD-MON-RR'),'Penny','fcqrniwf','pskinner@everyma1l.com','9078644936',to_date('29-NOV-63','DD-MON-RR'),0);
Insert into USERS (TRADER_ID,TRADER_NAME,DATE_REG,USERNAME,PASSWORD,EMAIL_ID,PHONE,DOB,IS_ADMIN) values ('RHOSLDER','Rhonda McCray',to_date('27-SEP-82','DD-MON-RR'),'Rhonda','pycjjxxx','tgregory@gma1l.biz','9034275362',to_date('13-DEC-77','DD-MON-RR'),0);
Insert into USERS (TRADER_ID,TRADER_NAME,DATE_REG,USERNAME,PASSWORD,EMAIL_ID,PHONE,DOB,IS_ADMIN) values ('TOMRAYA4','Tommy Sloan',to_date('08-MAY-17','DD-MON-RR'),'Tommy','ifgxyexj','jkent@b1zmail.biz','9083328239',to_date('11-MAY-62','DD-MON-RR'),0);
Insert into USERS (TRADER_ID,TRADER_NAME,DATE_REG,USERNAME,PASSWORD,EMAIL_ID,PHONE,DOB,IS_ADMIN) values ('DAN9AGO0','Danielle Farmer',to_date('15-SEP-93','DD-MON-RR'),'Danielle','yuegogvh','boonpique@everyma1l.biz','9025805403',to_date('01-DEC-69','DD-MON-RR'),0);
Insert into USERS (TRADER_ID,TRADER_NAME,DATE_REG,USERNAME,PASSWORD,EMAIL_ID,PHONE,DOB,IS_ADMIN) values ('WYAE8AVW','Wyatt Warner',to_date('19-FEB-75','DD-MON-RR'),'Wyatt','mdquamtn','manydad@ma1l2u.biz','9071687839',to_date('20-SEP-83','DD-MON-RR'),0);
Insert into USERS (TRADER_ID,TRADER_NAME,DATE_REG,USERNAME,PASSWORD,EMAIL_ID,PHONE,DOB,IS_ADMIN) values ('NOROEFEG','Norman Gaines',to_date('06-AUG-86','DD-MON-RR'),'Norman','jzntprzk','willthrough@ma1lbox.biz','9031715386',to_date('30-JUL-72','DD-MON-RR'),0);
Insert into USERS (TRADER_ID,TRADER_NAME,DATE_REG,USERNAME,PASSWORD,EMAIL_ID,PHONE,DOB,IS_ADMIN) values ('REBF1PYG','Rebecca Huff',to_date('05-JAN-04','DD-MON-RR'),'Rebecca','atidaiim','jchase@ma1lbox.net','9041946787',to_date('02-APR-70','DD-MON-RR'),0);
Insert into USERS (TRADER_ID,TRADER_NAME,DATE_REG,USERNAME,PASSWORD,EMAIL_ID,PHONE,DOB,IS_ADMIN) values ('ZACWEH7N','Zachary Daniels',to_date('20-JUN-96','DD-MON-RR'),'Zachary','alegxlbe','ia6@hotma1l.co.uk','9042201116',to_date('24-OCT-55','DD-MON-RR'),0);
Insert into USERS (TRADER_ID,TRADER_NAME,DATE_REG,USERNAME,PASSWORD,EMAIL_ID,PHONE,DOB,IS_ADMIN) values ('DAVYDUWM','David Brooks',to_date('27-JUN-17','DD-MON-RR'),'David','ywfeemzl','dallen71@everyma1l.us','9073847294',to_date('24-APR-72','DD-MON-RR'),0);
Insert into USERS (TRADER_ID,TRADER_NAME,DATE_REG,USERNAME,PASSWORD,EMAIL_ID,PHONE,DOB,IS_ADMIN) values ('MITOGN0B','Mitchell Valentine',to_date('25-JUN-90','DD-MON-RR'),'Mitchell','fqwedqlx','dowindow@ma1lbox.net','9045771707',to_date('11-JUN-66','DD-MON-RR'),0);
Insert into USERS (TRADER_ID,TRADER_NAME,DATE_REG,USERNAME,PASSWORD,EMAIL_ID,PHONE,DOB,IS_ADMIN) values ('KRIM545I','Kristen Tate',to_date('21-FEB-93','DD-MON-RR'),'Kristen','oriedmwy','jmorales85@everyma1l.biz','9020676930',to_date('26-OCT-75','DD-MON-RR'),0);
Insert into USERS (TRADER_ID,TRADER_NAME,DATE_REG,USERNAME,PASSWORD,EMAIL_ID,PHONE,DOB,IS_ADMIN) values ('DANSQJD0','Danielle Keith',to_date('14-AUG-14','DD-MON-RR'),'Danielle','egqjyxer','cstuart@b1zmail.co.uk','9046246836',to_date('04-OCT-73','DD-MON-RR'),0);
Insert into USERS (TRADER_ID,TRADER_NAME,DATE_REG,USERNAME,PASSWORD,EMAIL_ID,PHONE,DOB,IS_ADMIN) values ('BARFGP3P','Barbara Salinas',to_date('05-NOV-97','DD-MON-RR'),'Barbara','hkglaujl','togood@hotma1l.org','9096956973',to_date('08-DEC-69','DD-MON-RR'),0);
Insert into USERS (TRADER_ID,TRADER_NAME,DATE_REG,USERNAME,PASSWORD,EMAIL_ID,PHONE,DOB,IS_ADMIN) values ('CHRIREI1','Chris Sears',to_date('14-JUN-71','DD-MON-RR'),'Chris','vmloljja','whatending45@gma1l.co.uk','9037517124',to_date('26-JUN-79','DD-MON-RR'),0);
Insert into USERS (TRADER_ID,TRADER_NAME,DATE_REG,USERNAME,PASSWORD,EMAIL_ID,PHONE,DOB,IS_ADMIN) values ('HEIH0KV5','Heidi Logan',to_date('02-JUL-06','DD-MON-RR'),'Heidi','ykdgxukk','whatdad@ma1l2u.net','9097063161',to_date('25-MAR-65','DD-MON-RR'),0);
Insert into USERS (TRADER_ID,TRADER_NAME,DATE_REG,USERNAME,PASSWORD,EMAIL_ID,PHONE,DOB,IS_ADMIN) values ('WANECTKW','Wanda Key',to_date('06-APR-74','DD-MON-RR'),'Wanda','qzmsoknu','tchapman@ma1l2u.us','9028731867',to_date('04-DEC-81','DD-MON-RR'),0);
Insert into USERS (TRADER_ID,TRADER_NAME,DATE_REG,USERNAME,PASSWORD,EMAIL_ID,PHONE,DOB,IS_ADMIN) values ('DESGQ27K','Destiny Cote',to_date('16-JUN-73','DD-MON-RR'),'Destiny','ttipfweq','akelly@gma1l.biz','9086046615',to_date('31-OCT-58','DD-MON-RR'),0);
Insert into USERS (TRADER_ID,TRADER_NAME,DATE_REG,USERNAME,PASSWORD,EMAIL_ID,PHONE,DOB,IS_ADMIN) values ('SHAPXEM3','Shanna Pitts',to_date('07-JAN-89','DD-MON-RR'),'Shanna','jjlkjvay','automaticallygenerated77@yah00.us','9025352037',to_date('18-JAN-60','DD-MON-RR'),0);
Insert into USERS (TRADER_ID,TRADER_NAME,DATE_REG,USERNAME,PASSWORD,EMAIL_ID,PHONE,DOB,IS_ADMIN) values ('KATKB4P3','Katrina Grimes',to_date('23-JAN-94','DD-MON-RR'),'Katrina','kkftcsjz','jmaxwell@ma1lbox.net','9089846566',to_date('14-NOV-66','DD-MON-RR'),0);
Insert into USERS (TRADER_ID,TRADER_NAME,DATE_REG,USERNAME,PASSWORD,EMAIL_ID,PHONE,DOB,IS_ADMIN) values ('JONULBYQ','Jonathan Browning',to_date('12-APR-94','DD-MON-RR'),'Jonathan','fmkyjysa','speedhave32@somema1l.biz','9093188043',to_date('26-JUL-64','DD-MON-RR'),0);
Insert into USERS (TRADER_ID,TRADER_NAME,DATE_REG,USERNAME,PASSWORD,EMAIL_ID,PHONE,DOB,IS_ADMIN) values ('FRADVQID','Frank Baker',to_date('01-DEC-76','DD-MON-RR'),'Frank','jaktvwuf','waitedroom84@somema1l.net','9098202596',to_date('07-FEB-67','DD-MON-RR'),0);
Insert into USERS (TRADER_ID,TRADER_NAME,DATE_REG,USERNAME,PASSWORD,EMAIL_ID,PHONE,DOB,IS_ADMIN) values ('TIMPUTKJ','Tim O''neill',to_date('23-AUG-10','DD-MON-RR'),'Tim','tvoggpyp','visionsit@b1zmail.us','9055067378',to_date('31-MAY-57','DD-MON-RR'),0);
Insert into USERS (TRADER_ID,TRADER_NAME,DATE_REG,USERNAME,PASSWORD,EMAIL_ID,PHONE,DOB,IS_ADMIN) values ('DAW9KSVT','Dawn Kennedy',to_date('02-JUN-75','DD-MON-RR'),'Dawn','aiganxkg','rmccoy@somema1l.com','9084709575',to_date('23-MAY-58','DD-MON-RR'),0);
Insert into USERS (TRADER_ID,TRADER_NAME,DATE_REG,USERNAME,PASSWORD,EMAIL_ID,PHONE,DOB,IS_ADMIN) values ('STEAL7IA','Stephen Cleveland',to_date('10-MAR-96','DD-MON-RR'),'Stephen','eusahtxa','bglover@gma1l.com','9021906952',to_date('09-JUN-66','DD-MON-RR'),0);
Insert into USERS (TRADER_ID,TRADER_NAME,DATE_REG,USERNAME,PASSWORD,EMAIL_ID,PHONE,DOB,IS_ADMIN) values ('BRYNLFU0','Bryan Higgins',to_date('03-AUG-98','DD-MON-RR'),'Bryan','qojbcbzk','willin@gma1l.biz','9023992862',to_date('12-MAR-81','DD-MON-RR'),0);
Insert into USERS (TRADER_ID,TRADER_NAME,DATE_REG,USERNAME,PASSWORD,EMAIL_ID,PHONE,DOB,IS_ADMIN) values ('CHRBN6M5','Christy Franco',to_date('04-JAN-04','DD-MON-RR'),'Christy','bdgmqqwo','manprobably@yah00.org','9023361915',to_date('10-FEB-79','DD-MON-RR'),0);
Insert into USERS (TRADER_ID,TRADER_NAME,DATE_REG,USERNAME,PASSWORD,EMAIL_ID,PHONE,DOB,IS_ADMIN) values ('COLS34TU','Colton Garrett',to_date('30-APR-14','DD-MON-RR'),'Colton','nlnumjse','wheredied@hotma1l.biz','9053852315',to_date('12-AUG-59','DD-MON-RR'),0);
Insert into USERS (TRADER_ID,TRADER_NAME,DATE_REG,USERNAME,PASSWORD,EMAIL_ID,PHONE,DOB,IS_ADMIN) values ('JANOVB6M','Jane Barry',to_date('05-APR-96','DD-MON-RR'),'Jane','egwhoxfj','smclean@ma1l2u.co.uk','9088348399',to_date('04-FEB-55','DD-MON-RR'),0);
Insert into USERS (TRADER_ID,TRADER_NAME,DATE_REG,USERNAME,PASSWORD,EMAIL_ID,PHONE,DOB,IS_ADMIN) values ('BREUTPIM','Brent Tate',to_date('26-FEB-72','DD-MON-RR'),'Brent','sswpsazc','constantlya@hotma1l.co.uk','9075638891',to_date('03-FEB-75','DD-MON-RR'),0);
Insert into USERS (TRADER_ID,TRADER_NAME,DATE_REG,USERNAME,PASSWORD,EMAIL_ID,PHONE,DOB,IS_ADMIN) values ('GAIXYUUA','Gail Harris',to_date('23-MAR-94','DD-MON-RR'),'Gail','oicntkbk','bbranch@b1zmail.org','9026429420',to_date('11-MAR-60','DD-MON-RR'),0);
Insert into USERS (TRADER_ID,TRADER_NAME,DATE_REG,USERNAME,PASSWORD,EMAIL_ID,PHONE,DOB,IS_ADMIN) values ('GAGEPSYI','Gage Bauer',to_date('23-NOV-72','DD-MON-RR'),'Gage','ddcrrjob','dnielsen@ma1l2u.org','9064294393',to_date('12-NOV-71','DD-MON-RR'),0);
Insert into USERS (TRADER_ID,TRADER_NAME,DATE_REG,USERNAME,PASSWORD,EMAIL_ID,PHONE,DOB,IS_ADMIN) values ('JONKYDHP','Jonathan Preston',to_date('14-DEC-86','DD-MON-RR'),'Jonathan','ovopemdz','inwill@hotma1l.com','9081435406',to_date('30-JUL-78','DD-MON-RR'),0);
Insert into USERS (TRADER_ID,TRADER_NAME,DATE_REG,USERNAME,PASSWORD,EMAIL_ID,PHONE,DOB,IS_ADMIN) values ('RONS07GK','Ron Key',to_date('16-NOV-86','DD-MON-RR'),'Ron','keausbnn','eholder@everyma1l.biz','9069872567',to_date('06-AUG-76','DD-MON-RR'),0);
Insert into USERS (TRADER_ID,TRADER_NAME,DATE_REG,USERNAME,PASSWORD,EMAIL_ID,PHONE,DOB,IS_ADMIN) values ('CRYGKGAX','Crystal Hayden',to_date('02-MAR-80','DD-MON-RR'),'Crystal','dgtkxtnp','jortega@everyma1l.net','9025211806',to_date('21-MAR-61','DD-MON-RR'),0);
Insert into USERS (TRADER_ID,TRADER_NAME,DATE_REG,USERNAME,PASSWORD,EMAIL_ID,PHONE,DOB,IS_ADMIN) values ('JERE97RU','Jerry Hinton',to_date('05-APR-97','DD-MON-RR'),'Jerry','dzjxykxp','buildfrom@yah00.com','9043931807',to_date('18-FEB-66','DD-MON-RR'),0);
Insert into USERS (TRADER_ID,TRADER_NAME,DATE_REG,USERNAME,PASSWORD,EMAIL_ID,PHONE,DOB,IS_ADMIN) values ('BAB9Q3TV','Baby Dillon',to_date('10-OCT-16','DD-MON-RR'),'Baby','rtsllnuo','hotlibrary@yah00.us','9023069515',to_date('22-MAR-63','DD-MON-RR'),0);
Insert into USERS (TRADER_ID,TRADER_NAME,DATE_REG,USERNAME,PASSWORD,EMAIL_ID,PHONE,DOB,IS_ADMIN) values ('TRIAGALP','Tristan Fischer',to_date('30-MAR-03','DD-MON-RR'),'Tristan','utslpxuu','wheredays@everyma1l.us','9081046283',to_date('11-OCT-81','DD-MON-RR'),0);
Insert into USERS (TRADER_ID,TRADER_NAME,DATE_REG,USERNAME,PASSWORD,EMAIL_ID,PHONE,DOB,IS_ADMIN) values ('CORDAQPS','Corey Wright',to_date('08-MAR-89','DD-MON-RR'),'Corey','sqvdocch','tdeleon@ma1lbox.org','9046285750',to_date('02-OCT-78','DD-MON-RR'),0);
Insert into USERS (TRADER_ID,TRADER_NAME,DATE_REG,USERNAME,PASSWORD,EMAIL_ID,PHONE,DOB,IS_ADMIN) values ('JAM9DHHH','James Simmons',to_date('24-AUG-19','DD-MON-RR'),'James','xufgmjqg','pguzman@gma1l.com','9085694993',to_date('25-OCT-82','DD-MON-RR'),0);
Insert into USERS (TRADER_ID,TRADER_NAME,DATE_REG,USERNAME,PASSWORD,EMAIL_ID,PHONE,DOB,IS_ADMIN) values ('HEASKT3D','Heath Garza',to_date('31-MAR-70','DD-MON-RR'),'Heath','trhwrdyk','leaderkeys@everyma1l.net','9079704021',to_date('19-DEC-76','DD-MON-RR'),0);
Insert into USERS (TRADER_ID,TRADER_NAME,DATE_REG,USERNAME,PASSWORD,EMAIL_ID,PHONE,DOB,IS_ADMIN) values ('GRECAV63','Gregory Curtis',to_date('01-OCT-86','DD-MON-RR'),'Gregory','yfpxbgvq','sdickinson@gma1l.biz','9084769708',to_date('21-JUN-75','DD-MON-RR'),0);
Insert into USERS (TRADER_ID,TRADER_NAME,DATE_REG,USERNAME,PASSWORD,EMAIL_ID,PHONE,DOB,IS_ADMIN) values ('DIXQYTM4','Dixie Baird',to_date('13-SEP-08','DD-MON-RR'),'Dixie','vfyhrzgt','endsabout@everyma1l.biz','9032719897',to_date('02-OCT-64','DD-MON-RR'),0);
Insert into USERS (TRADER_ID,TRADER_NAME,DATE_REG,USERNAME,PASSWORD,EMAIL_ID,PHONE,DOB,IS_ADMIN) values ('JEF6G3PC','Jeffrey Galloway',to_date('04-NOV-92','DD-MON-RR'),'Jeffrey','xzlqhajr','bangingsomething@yah00.net','9083782117',to_date('04-MAR-81','DD-MON-RR'),0);
Insert into USERS (TRADER_ID,TRADER_NAME,DATE_REG,USERNAME,PASSWORD,EMAIL_ID,PHONE,DOB,IS_ADMIN) values ('SAMTFFLS','Samantha McLean',to_date('24-AUG-84','DD-MON-RR'),'Samantha','besbqgps','booksending@yah00.biz','9010152076',to_date('30-APR-63','DD-MON-RR'),0);
Insert into USERS (TRADER_ID,TRADER_NAME,DATE_REG,USERNAME,PASSWORD,EMAIL_ID,PHONE,DOB,IS_ADMIN) values ('JARTPV5E','Jared Case',to_date('07-FEB-07','DD-MON-RR'),'Jared','lquwgzow','cmichael@somema1l.com','9066850440',to_date('27-DEC-61','DD-MON-RR'),0);
Insert into USERS (TRADER_ID,TRADER_NAME,DATE_REG,USERNAME,PASSWORD,EMAIL_ID,PHONE,DOB,IS_ADMIN) values ('JOY7IMB5','Joyce Snow',to_date('29-JUN-72','DD-MON-RR'),'Joyce','ktxgsrbh','tryingmy@everyma1l.biz','9036360836',to_date('02-OCT-80','DD-MON-RR'),0);
Insert into USERS (TRADER_ID,TRADER_NAME,DATE_REG,USERNAME,PASSWORD,EMAIL_ID,PHONE,DOB,IS_ADMIN) values ('LAWQYSHX','Lawrence Stokes',to_date('21-OCT-15','DD-MON-RR'),'Lawrence','qvdrfpsd','islandgood@hotma1l.us','9036455575',to_date('15-JAN-82','DD-MON-RR'),0);
