--------------------------------------------------------
--  File created - Thursday-September-12-2019   
--------------------------------------------------------
--------------------------------------------------------
--  DDL for Table BROKERS
--------------------------------------------------------

  CREATE TABLE "GROUP8"."BROKERS" 
   (	"BROKER_NAME" VARCHAR2(30 BYTE)
   ) SEGMENT CREATION IMMEDIATE 
  PCTFREE 10 PCTUSED 40 INITRANS 1 MAXTRANS 255 NOCOMPRESS LOGGING
  STORAGE(INITIAL 65536 NEXT 1048576 MINEXTENTS 1 MAXEXTENTS 2147483645
  PCTINCREASE 0 FREELISTS 1 FREELIST GROUPS 1 BUFFER_POOL DEFAULT FLASH_CACHE DEFAULT CELL_FLASH_CACHE DEFAULT)
  TABLESPACE "SYSTEM" ;
--------------------------------------------------------
--  DDL for Table FIRMS
--------------------------------------------------------

  CREATE TABLE "GROUP8"."FIRMS" 
   (	"FIRM_ID" NUMBER(*,0), 
	"NAME" VARCHAR2(20 BYTE)
   ) SEGMENT CREATION IMMEDIATE 
  PCTFREE 10 PCTUSED 40 INITRANS 1 MAXTRANS 255 NOCOMPRESS LOGGING
  STORAGE(INITIAL 65536 NEXT 1048576 MINEXTENTS 1 MAXEXTENTS 2147483645
  PCTINCREASE 0 FREELISTS 1 FREELIST GROUPS 1 BUFFER_POOL DEFAULT FLASH_CACHE DEFAULT CELL_FLASH_CACHE DEFAULT)
  TABLESPACE "SYSTEM" ;
--------------------------------------------------------
--  DDL for Table SECURITIES
--------------------------------------------------------

  CREATE TABLE "GROUP8"."SECURITIES" 
   (	"SECURITY_ID" NUMBER(*,0), 
	"NAME" VARCHAR2(20 BYTE), 
	"LOT_SIZE" NUMBER(*,0) DEFAULT 0
   ) SEGMENT CREATION IMMEDIATE 
  PCTFREE 10 PCTUSED 40 INITRANS 1 MAXTRANS 255 NOCOMPRESS LOGGING
  STORAGE(INITIAL 65536 NEXT 1048576 MINEXTENTS 1 MAXEXTENTS 2147483645
  PCTINCREASE 0 FREELISTS 1 FREELIST GROUPS 1 BUFFER_POOL DEFAULT FLASH_CACHE DEFAULT CELL_FLASH_CACHE DEFAULT)
  TABLESPACE "SYSTEM" ;
--------------------------------------------------------
--  DDL for Table STOCKS
--------------------------------------------------------

  CREATE TABLE "GROUP8"."STOCKS" 
   (	"FIRM_ID" NUMBER(*,0), 
	"SECURITY_ID" NUMBER(*,0), 
	"HIGHEST_PRICE" FLOAT(126), 
	"LOWEST_PRICE" FLOAT(126), 
	"LTP" FLOAT(126)
   ) SEGMENT CREATION IMMEDIATE 
  PCTFREE 10 PCTUSED 40 INITRANS 1 MAXTRANS 255 NOCOMPRESS LOGGING
  STORAGE(INITIAL 65536 NEXT 1048576 MINEXTENTS 1 MAXEXTENTS 2147483645
  PCTINCREASE 0 FREELISTS 1 FREELIST GROUPS 1 BUFFER_POOL DEFAULT FLASH_CACHE DEFAULT CELL_FLASH_CACHE DEFAULT)
  TABLESPACE "SYSTEM" ;
--------------------------------------------------------
--  DDL for Table TRADES
--------------------------------------------------------

  CREATE TABLE "GROUP8"."TRADES" 
   (	"TRADE_ID" NUMBER(*,0), 
	"TRADER" VARCHAR2(20 BYTE), 
	"TIMESTAMP" TIMESTAMP (6), 
	"BUY_SELL" VARCHAR2(20 BYTE), 
	"SECURITY" NUMBER(*,0), 
	"QUANTITY" NUMBER(*,0), 
	"DEAL_PRICE" FLOAT(126), 
	"FIRM" NUMBER(*,0), 
	"BROKER" VARCHAR2(40 BYTE), 
	"IS_WASHTRADE" NUMBER(*,0) DEFAULT 0
   ) SEGMENT CREATION IMMEDIATE 
  PCTFREE 10 PCTUSED 40 INITRANS 1 MAXTRANS 255 NOCOMPRESS LOGGING
  STORAGE(INITIAL 65536 NEXT 1048576 MINEXTENTS 1 MAXEXTENTS 2147483645
  PCTINCREASE 0 FREELISTS 1 FREELIST GROUPS 1 BUFFER_POOL DEFAULT FLASH_CACHE DEFAULT CELL_FLASH_CACHE DEFAULT)
  TABLESPACE "SYSTEM" ;
--------------------------------------------------------
--  DDL for Table USERS
--------------------------------------------------------

  CREATE TABLE "GROUP8"."USERS" 
   (	"TRADER_ID" VARCHAR2(20 BYTE), 
	"TRADER_NAME" VARCHAR2(20 BYTE), 
	"DATE_REG" DATE, 
	"USERNAME" VARCHAR2(20 BYTE), 
	"PASSWORD" VARCHAR2(20 BYTE), 
	"EMAIL_ID" VARCHAR2(40 BYTE), 
	"PHONE" LONG, 
	"DOB" DATE, 
	"IS_ADMIN" NUMBER(*,0) DEFAULT 0
   ) SEGMENT CREATION IMMEDIATE 
  PCTFREE 10 PCTUSED 40 INITRANS 1 MAXTRANS 255 NOCOMPRESS LOGGING
  STORAGE(INITIAL 65536 NEXT 1048576 MINEXTENTS 1 MAXEXTENTS 2147483645
  PCTINCREASE 0 FREELISTS 1 FREELIST GROUPS 1 BUFFER_POOL DEFAULT FLASH_CACHE DEFAULT CELL_FLASH_CACHE DEFAULT)
  TABLESPACE "SYSTEM" ;
REM INSERTING into GROUP8.BROKERS
SET DEFINE OFF;
Insert into GROUP8.BROKERS (BROKER_NAME) values ('5PAISA');
Insert into GROUP8.BROKERS (BROKER_NAME) values ('ANGEL BROKING');
Insert into GROUP8.BROKERS (BROKER_NAME) values ('FYERS');
Insert into GROUP8.BROKERS (BROKER_NAME) values ('ICICI DIRECT');
Insert into GROUP8.BROKERS (BROKER_NAME) values ('MOTILAL OSWAL');
Insert into GROUP8.BROKERS (BROKER_NAME) values ('SHAREKHAN');
Insert into GROUP8.BROKERS (BROKER_NAME) values ('UPSTOX');
Insert into GROUP8.BROKERS (BROKER_NAME) values ('ZERODHA');
REM INSERTING into GROUP8.FIRMS
SET DEFINE OFF;
Insert into GROUP8.FIRMS (FIRM_ID,NAME) values (101,'Facebook');
Insert into GROUP8.FIRMS (FIRM_ID,NAME) values (102,'Walmart');
Insert into GROUP8.FIRMS (FIRM_ID,NAME) values (103,'Apple');
REM INSERTING into GROUP8.SECURITIES
SET DEFINE OFF;
Insert into GROUP8.SECURITIES (SECURITY_ID,NAME,LOT_SIZE) values (7890,'Equity Shares',0);
Insert into GROUP8.SECURITIES (SECURITY_ID,NAME,LOT_SIZE) values (9811,'Futures',0);
Insert into GROUP8.SECURITIES (SECURITY_ID,NAME,LOT_SIZE) values (3030,'Call Option',0);
Insert into GROUP8.SECURITIES (SECURITY_ID,NAME,LOT_SIZE) values (1204,'Put Option',0);
REM INSERTING into GROUP8.STOCKS
SET DEFINE OFF;
Insert into GROUP8.STOCKS (FIRM_ID,SECURITY_ID,HIGHEST_PRICE,LOWEST_PRICE,LTP) values (101,1204,196.2333,192.7823,193.1253248359119);
Insert into GROUP8.STOCKS (FIRM_ID,SECURITY_ID,HIGHEST_PRICE,LOWEST_PRICE,LTP) values (102,7890,117.96,115.27,115.99604637705706);
Insert into GROUP8.STOCKS (FIRM_ID,SECURITY_ID,HIGHEST_PRICE,LOWEST_PRICE,LTP) values (102,9811,120.3192,117.5754,118.61310886803044);
Insert into GROUP8.STOCKS (FIRM_ID,SECURITY_ID,HIGHEST_PRICE,LOWEST_PRICE,LTP) values (102,3030,123.858,121.0335,121.0899300356118);
Insert into GROUP8.STOCKS (FIRM_ID,SECURITY_ID,HIGHEST_PRICE,LOWEST_PRICE,LTP) values (102,1204,123.7622,121.5467,123.64781059699409);
Insert into GROUP8.STOCKS (FIRM_ID,SECURITY_ID,HIGHEST_PRICE,LOWEST_PRICE,LTP) values (103,7890,191.36,187.94,188.22538437022394);
Insert into GROUP8.STOCKS (FIRM_ID,SECURITY_ID,HIGHEST_PRICE,LOWEST_PRICE,LTP) values (103,9811,195.187,191.6988,192.8345177474332);
Insert into GROUP8.STOCKS (FIRM_ID,SECURITY_ID,HIGHEST_PRICE,LOWEST_PRICE,LTP) values (103,3030,200.928,197.337,199.6224466866306);
Insert into GROUP8.STOCKS (FIRM_ID,SECURITY_ID,HIGHEST_PRICE,LOWEST_PRICE,LTP) values (103,1204,200.054,197.222,197.72268105448515);
Insert into GROUP8.STOCKS (FIRM_ID,SECURITY_ID,HIGHEST_PRICE,LOWEST_PRICE,LTP) values (101,7890,186.8017,183.4585,186.33947925622923);
Insert into GROUP8.STOCKS (FIRM_ID,SECURITY_ID,HIGHEST_PRICE,LOWEST_PRICE,LTP) values (101,9811,190.5377,187.1276,189.32272752278766);
Insert into GROUP8.STOCKS (FIRM_ID,SECURITY_ID,HIGHEST_PRICE,LOWEST_PRICE,LTP) values (101,3030,196.1417,192.6314,194.43861311719886);
REM INSERTING into GROUP8.TRADES
SET DEFINE OFF;
Insert into GROUP8.TRADES (TRADE_ID,TRADER,TIMESTAMP,BUY_SELL,SECURITY,QUANTITY,DEAL_PRICE,FIRM,BROKER,IS_WASHTRADE) values (100138,'HARMENON',to_timestamp('08-SEP-19 03.05.38.152000000 AM','DD-MON-RR HH.MI.SSXFF AM'),'sell',3030,1000,123,102,'SHAREKHAN',0);
Insert into GROUP8.TRADES (TRADE_ID,TRADER,TIMESTAMP,BUY_SELL,SECURITY,QUANTITY,DEAL_PRICE,FIRM,BROKER,IS_WASHTRADE) values (100145,'HARMENON',to_timestamp('08-SEP-19 08.34.32.467000000 AM','DD-MON-RR HH.MI.SSXFF AM'),'sell',7890,4000,122.5,102,'SHAREKHAN',0);
Insert into GROUP8.TRADES (TRADE_ID,TRADER,TIMESTAMP,BUY_SELL,SECURITY,QUANTITY,DEAL_PRICE,FIRM,BROKER,IS_WASHTRADE) values (100174,'HARMENON',to_timestamp('08-SEP-19 03.35.37.187000000 PM','DD-MON-RR HH.MI.SSXFF AM'),'sell',1204,2000,122,102,'SHAREKHAN',0);
Insert into GROUP8.TRADES (TRADE_ID,TRADER,TIMESTAMP,BUY_SELL,SECURITY,QUANTITY,DEAL_PRICE,FIRM,BROKER,IS_WASHTRADE) values (100182,'HARMENON',to_timestamp('08-SEP-19 02.32.07.020000000 AM','DD-MON-RR HH.MI.SSXFF AM'),'buy',7890,10000,122,102,'SHAREKHAN',0);
Insert into GROUP8.TRADES (TRADE_ID,TRADER,TIMESTAMP,BUY_SELL,SECURITY,QUANTITY,DEAL_PRICE,FIRM,BROKER,IS_WASHTRADE) values (100200,'HARMENON',to_timestamp('08-SEP-19 11.50.05.099000000 AM','DD-MON-RR HH.MI.SSXFF AM'),'sell',9811,8000,122,102,'SHAREKHAN',0);
Insert into GROUP8.TRADES (TRADE_ID,TRADER,TIMESTAMP,BUY_SELL,SECURITY,QUANTITY,DEAL_PRICE,FIRM,BROKER,IS_WASHTRADE) values (100022,'HARMENON',to_timestamp('08-SEP-19 04.37.47.118000000 PM','DD-MON-RR HH.MI.SSXFF AM'),'buy',1204,2000,122,102,'SHAREKHAN',0);
Insert into GROUP8.TRADES (TRADE_ID,TRADER,TIMESTAMP,BUY_SELL,SECURITY,QUANTITY,DEAL_PRICE,FIRM,BROKER,IS_WASHTRADE) values (100028,'HARMENON',to_timestamp('08-SEP-19 03.43.34.150000000 AM','DD-MON-RR HH.MI.SSXFF AM'),'sell',3030,4000,122,102,'SHAREKHAN',0);
Insert into GROUP8.TRADES (TRADE_ID,TRADER,TIMESTAMP,BUY_SELL,SECURITY,QUANTITY,DEAL_PRICE,FIRM,BROKER,IS_WASHTRADE) values (100039,'HARMENON',to_timestamp('08-SEP-19 03.47.18.261000000 PM','DD-MON-RR HH.MI.SSXFF AM'),'buy',3030,3000,122,102,'SHAREKHAN',0);
Insert into GROUP8.TRADES (TRADE_ID,TRADER,TIMESTAMP,BUY_SELL,SECURITY,QUANTITY,DEAL_PRICE,FIRM,BROKER,IS_WASHTRADE) values (100048,'HARMENON',to_timestamp('08-SEP-19 11.38.11.707000000 PM','DD-MON-RR HH.MI.SSXFF AM'),'buy',7890,4000,122,102,'SHAREKHAN',0);
Insert into GROUP8.TRADES (TRADE_ID,TRADER,TIMESTAMP,BUY_SELL,SECURITY,QUANTITY,DEAL_PRICE,FIRM,BROKER,IS_WASHTRADE) values (100050,'RON9S76W',to_timestamp('08-SEP-19 11.21.57.537000000 PM','DD-MON-RR HH.MI.SSXFF AM'),'sell',9811,46499,192.99390691012007,103,'SHAREKHAN',0);
Insert into GROUP8.TRADES (TRADE_ID,TRADER,TIMESTAMP,BUY_SELL,SECURITY,QUANTITY,DEAL_PRICE,FIRM,BROKER,IS_WASHTRADE) values (100053,'ERIE2FOK',to_timestamp('08-SEP-19 07.08.47.803000000 PM','DD-MON-RR HH.MI.SSXFF AM'),'buy',1204,4357,195.81930684531997,101,'5PAISA',0);
Insert into GROUP8.TRADES (TRADE_ID,TRADER,TIMESTAMP,BUY_SELL,SECURITY,QUANTITY,DEAL_PRICE,FIRM,BROKER,IS_WASHTRADE) values (100054,'DEAU7LQT',to_timestamp('08-SEP-19 09.00.54.784000000 AM','DD-MON-RR HH.MI.SSXFF AM'),'buy',3030,36946,198.69395311430347,103,'MOTILAL OSWAL',0);
Insert into GROUP8.TRADES (TRADE_ID,TRADER,TIMESTAMP,BUY_SELL,SECURITY,QUANTITY,DEAL_PRICE,FIRM,BROKER,IS_WASHTRADE) values (100060,'AUTVR07B',to_timestamp('08-SEP-19 02.23.20.408000000 PM','DD-MON-RR HH.MI.SSXFF AM'),'buy',3030,40199,198.91604868187605,103,'ICICI DIRECT',0);
Insert into GROUP8.TRADES (TRADE_ID,TRADER,TIMESTAMP,BUY_SELL,SECURITY,QUANTITY,DEAL_PRICE,FIRM,BROKER,IS_WASHTRADE) values (100080,'SOUPBVBV',to_timestamp('08-SEP-19 02.21.17.505000000 AM','DD-MON-RR HH.MI.SSXFF AM'),'buy',9811,62593,119.43425282916046,102,'MOTILAL OSWAL',0);
Insert into GROUP8.TRADES (TRADE_ID,TRADER,TIMESTAMP,BUY_SELL,SECURITY,QUANTITY,DEAL_PRICE,FIRM,BROKER,IS_WASHTRADE) values (100092,'GAU7P0MO',to_timestamp('08-SEP-19 04.39.12.692000000 PM','DD-MON-RR HH.MI.SSXFF AM'),'sell',3030,61326,197.36947866664994,103,'SHAREKHAN',0);
Insert into GROUP8.TRADES (TRADE_ID,TRADER,TIMESTAMP,BUY_SELL,SECURITY,QUANTITY,DEAL_PRICE,FIRM,BROKER,IS_WASHTRADE) values (100101,'PAMLJK33',to_timestamp('08-SEP-19 02.29.36.350000000 PM','DD-MON-RR HH.MI.SSXFF AM'),'sell',1204,92574,193.2252332687121,101,'MOTILAL OSWAL',0);
Insert into GROUP8.TRADES (TRADE_ID,TRADER,TIMESTAMP,BUY_SELL,SECURITY,QUANTITY,DEAL_PRICE,FIRM,BROKER,IS_WASHTRADE) values (100106,'JYOKHC89',to_timestamp('08-SEP-19 08.29.02.555000000 PM','DD-MON-RR HH.MI.SSXFF AM'),'sell',3030,90582,199.23975086859602,103,'ANGEL BROKING',0);
Insert into GROUP8.TRADES (TRADE_ID,TRADER,TIMESTAMP,BUY_SELL,SECURITY,QUANTITY,DEAL_PRICE,FIRM,BROKER,IS_WASHTRADE) values (100622,'SOUPBVBV',to_timestamp('08-SEP-19 01.29.39.916000000 PM','DD-MON-RR HH.MI.SSXFF AM'),'buy',7890,72797,116.31468134042728,102,'UPSTOX',0);
Insert into GROUP8.TRADES (TRADE_ID,TRADER,TIMESTAMP,BUY_SELL,SECURITY,QUANTITY,DEAL_PRICE,FIRM,BROKER,IS_WASHTRADE) values (100628,'ERIE2FOK',to_timestamp('08-SEP-19 12.18.06.477000000 PM','DD-MON-RR HH.MI.SSXFF AM'),'buy',9811,25026,194.2195869978409,103,'FYERS',0);
Insert into GROUP8.TRADES (TRADE_ID,TRADER,TIMESTAMP,BUY_SELL,SECURITY,QUANTITY,DEAL_PRICE,FIRM,BROKER,IS_WASHTRADE) values (100639,'DERTAZB7',to_timestamp('08-SEP-19 12.26.48.059000000 PM','DD-MON-RR HH.MI.SSXFF AM'),'sell',9811,5796,192.39706430937244,103,'ANGEL BROKING',0);
Insert into GROUP8.TRADES (TRADE_ID,TRADER,TIMESTAMP,BUY_SELL,SECURITY,QUANTITY,DEAL_PRICE,FIRM,BROKER,IS_WASHTRADE) values (100648,'SOUPBVBV',to_timestamp('08-SEP-19 07.47.49.309000000 PM','DD-MON-RR HH.MI.SSXFF AM'),'sell',1204,56892,122.96866319076247,102,'MOTILAL OSWAL',0);
Insert into GROUP8.TRADES (TRADE_ID,TRADER,TIMESTAMP,BUY_SELL,SECURITY,QUANTITY,DEAL_PRICE,FIRM,BROKER,IS_WASHTRADE) values (100650,'RON9S76W',to_timestamp('08-SEP-19 01.39.12.170000000 AM','DD-MON-RR HH.MI.SSXFF AM'),'sell',9811,46499,194.20769689849732,103,'SHAREKHAN',0);
Insert into GROUP8.TRADES (TRADE_ID,TRADER,TIMESTAMP,BUY_SELL,SECURITY,QUANTITY,DEAL_PRICE,FIRM,BROKER,IS_WASHTRADE) values (100653,'ERIE2FOK',to_timestamp('08-SEP-19 05.51.08.580000000 PM','DD-MON-RR HH.MI.SSXFF AM'),'buy',1204,4357,193.4097404894055,101,'5PAISA',0);
Insert into GROUP8.TRADES (TRADE_ID,TRADER,TIMESTAMP,BUY_SELL,SECURITY,QUANTITY,DEAL_PRICE,FIRM,BROKER,IS_WASHTRADE) values (100654,'DEAU7LQT',to_timestamp('08-SEP-19 06.35.05.523000000 PM','DD-MON-RR HH.MI.SSXFF AM'),'buy',3030,36946,198.11925187825037,103,'MOTILAL OSWAL',0);
Insert into GROUP8.TRADES (TRADE_ID,TRADER,TIMESTAMP,BUY_SELL,SECURITY,QUANTITY,DEAL_PRICE,FIRM,BROKER,IS_WASHTRADE) values (100660,'AUTVR07B',to_timestamp('08-SEP-19 03.38.27.624000000 AM','DD-MON-RR HH.MI.SSXFF AM'),'buy',3030,40199,199.49003081890532,103,'ICICI DIRECT',0);
Insert into GROUP8.TRADES (TRADE_ID,TRADER,TIMESTAMP,BUY_SELL,SECURITY,QUANTITY,DEAL_PRICE,FIRM,BROKER,IS_WASHTRADE) values (100680,'SOUPBVBV',to_timestamp('08-SEP-19 03.48.16.426000000 AM','DD-MON-RR HH.MI.SSXFF AM'),'buy',9811,62593,119.25387146701463,102,'MOTILAL OSWAL',0);
Insert into GROUP8.TRADES (TRADE_ID,TRADER,TIMESTAMP,BUY_SELL,SECURITY,QUANTITY,DEAL_PRICE,FIRM,BROKER,IS_WASHTRADE) values (100692,'GAU7P0MO',to_timestamp('08-SEP-19 04.07.01.878000000 AM','DD-MON-RR HH.MI.SSXFF AM'),'sell',3030,61326,200.29845076278755,103,'SHAREKHAN',0);
Insert into GROUP8.TRADES (TRADE_ID,TRADER,TIMESTAMP,BUY_SELL,SECURITY,QUANTITY,DEAL_PRICE,FIRM,BROKER,IS_WASHTRADE) values (100701,'PAMLJK33',to_timestamp('08-SEP-19 10.38.24.943000000 PM','DD-MON-RR HH.MI.SSXFF AM'),'sell',1204,92574,195.3836533534727,101,'MOTILAL OSWAL',0);
Insert into GROUP8.TRADES (TRADE_ID,TRADER,TIMESTAMP,BUY_SELL,SECURITY,QUANTITY,DEAL_PRICE,FIRM,BROKER,IS_WASHTRADE) values (100706,'JYOKHC89',to_timestamp('08-SEP-19 03.18.19.858000000 AM','DD-MON-RR HH.MI.SSXFF AM'),'sell',3030,90582,198.28244540161475,103,'ANGEL BROKING',0);
Insert into GROUP8.TRADES (TRADE_ID,TRADER,TIMESTAMP,BUY_SELL,SECURITY,QUANTITY,DEAL_PRICE,FIRM,BROKER,IS_WASHTRADE) values (100005,'GAU7P0MO',to_timestamp('08-SEP-19 03.23.54.616000000 AM','DD-MON-RR HH.MI.SSXFF AM'),'buy',9811,46452,188.0044024197092,101,'FYERS',0);
Insert into GROUP8.TRADES (TRADE_ID,TRADER,TIMESTAMP,BUY_SELL,SECURITY,QUANTITY,DEAL_PRICE,FIRM,BROKER,IS_WASHTRADE) values (100422,'SOUPBVBV',to_timestamp('08-SEP-19 10.56.44.463000000 AM','DD-MON-RR HH.MI.SSXFF AM'),'buy',7890,72797,116.02034895129316,102,'UPSTOX',0);
Insert into GROUP8.TRADES (TRADE_ID,TRADER,TIMESTAMP,BUY_SELL,SECURITY,QUANTITY,DEAL_PRICE,FIRM,BROKER,IS_WASHTRADE) values (100428,'ERIE2FOK',to_timestamp('08-SEP-19 03.41.29.386000000 AM','DD-MON-RR HH.MI.SSXFF AM'),'buy',9811,25026,193.35336263585123,103,'FYERS',0);
Insert into GROUP8.TRADES (TRADE_ID,TRADER,TIMESTAMP,BUY_SELL,SECURITY,QUANTITY,DEAL_PRICE,FIRM,BROKER,IS_WASHTRADE) values (100439,'DERTAZB7',to_timestamp('08-SEP-19 07.20.14.359000000 AM','DD-MON-RR HH.MI.SSXFF AM'),'sell',9811,5796,191.8152272219029,103,'ANGEL BROKING',0);
Insert into GROUP8.TRADES (TRADE_ID,TRADER,TIMESTAMP,BUY_SELL,SECURITY,QUANTITY,DEAL_PRICE,FIRM,BROKER,IS_WASHTRADE) values (100448,'SOUPBVBV',to_timestamp('08-SEP-19 05.43.19.863000000 AM','DD-MON-RR HH.MI.SSXFF AM'),'sell',1204,56892,123.27971061899443,102,'MOTILAL OSWAL',0);
Insert into GROUP8.TRADES (TRADE_ID,TRADER,TIMESTAMP,BUY_SELL,SECURITY,QUANTITY,DEAL_PRICE,FIRM,BROKER,IS_WASHTRADE) values (100450,'RON9S76W',to_timestamp('08-SEP-19 11.54.30.256000000 PM','DD-MON-RR HH.MI.SSXFF AM'),'sell',9811,46499,192.80608927563142,103,'SHAREKHAN',0);
Insert into GROUP8.TRADES (TRADE_ID,TRADER,TIMESTAMP,BUY_SELL,SECURITY,QUANTITY,DEAL_PRICE,FIRM,BROKER,IS_WASHTRADE) values (100453,'ERIE2FOK',to_timestamp('08-SEP-19 09.17.29.237000000 AM','DD-MON-RR HH.MI.SSXFF AM'),'buy',1204,4357,193.48018165550215,101,'5PAISA',0);
Insert into GROUP8.TRADES (TRADE_ID,TRADER,TIMESTAMP,BUY_SELL,SECURITY,QUANTITY,DEAL_PRICE,FIRM,BROKER,IS_WASHTRADE) values (100454,'DEAU7LQT',to_timestamp('08-SEP-19 09.18.31.911000000 AM','DD-MON-RR HH.MI.SSXFF AM'),'buy',3030,36946,198.38007613557986,103,'MOTILAL OSWAL',0);
Insert into GROUP8.TRADES (TRADE_ID,TRADER,TIMESTAMP,BUY_SELL,SECURITY,QUANTITY,DEAL_PRICE,FIRM,BROKER,IS_WASHTRADE) values (100460,'AUTVR07B',to_timestamp('08-SEP-19 07.34.38.444000000 PM','DD-MON-RR HH.MI.SSXFF AM'),'buy',3030,40199,199.46363692452013,103,'ICICI DIRECT',0);
Insert into GROUP8.TRADES (TRADE_ID,TRADER,TIMESTAMP,BUY_SELL,SECURITY,QUANTITY,DEAL_PRICE,FIRM,BROKER,IS_WASHTRADE) values (100480,'SOUPBVBV',to_timestamp('08-SEP-19 12.45.02.677000000 AM','DD-MON-RR HH.MI.SSXFF AM'),'buy',9811,62593,118.82669472373843,102,'MOTILAL OSWAL',0);
Insert into GROUP8.TRADES (TRADE_ID,TRADER,TIMESTAMP,BUY_SELL,SECURITY,QUANTITY,DEAL_PRICE,FIRM,BROKER,IS_WASHTRADE) values (100492,'GAU7P0MO',to_timestamp('08-SEP-19 12.32.33.622000000 AM','DD-MON-RR HH.MI.SSXFF AM'),'sell',3030,61326,199.1347399813929,103,'SHAREKHAN',0);
Insert into GROUP8.TRADES (TRADE_ID,TRADER,TIMESTAMP,BUY_SELL,SECURITY,QUANTITY,DEAL_PRICE,FIRM,BROKER,IS_WASHTRADE) values (100501,'PAMLJK33',to_timestamp('08-SEP-19 01.49.04.988000000 AM','DD-MON-RR HH.MI.SSXFF AM'),'sell',1204,92574,194.07372399150867,101,'MOTILAL OSWAL',0);
Insert into GROUP8.TRADES (TRADE_ID,TRADER,TIMESTAMP,BUY_SELL,SECURITY,QUANTITY,DEAL_PRICE,FIRM,BROKER,IS_WASHTRADE) values (100405,'GAU7P0MO',to_timestamp('08-SEP-19 04.28.57.283000000 PM','DD-MON-RR HH.MI.SSXFF AM'),'buy',9811,46452,189.60580478009066,101,'FYERS',0);
Insert into GROUP8.TRADES (TRADE_ID,TRADER,TIMESTAMP,BUY_SELL,SECURITY,QUANTITY,DEAL_PRICE,FIRM,BROKER,IS_WASHTRADE) values (100205,'GAU7P0MO',to_timestamp('08-SEP-19 06.16.37.001000000 AM','DD-MON-RR HH.MI.SSXFF AM'),'buy',9811,46452,188.7256384347677,101,'FYERS',0);
Insert into GROUP8.TRADES (TRADE_ID,TRADER,TIMESTAMP,BUY_SELL,SECURITY,QUANTITY,DEAL_PRICE,FIRM,BROKER,IS_WASHTRADE) values (100222,'SOUPBVBV',to_timestamp('08-SEP-19 11.00.43.783000000 AM','DD-MON-RR HH.MI.SSXFF AM'),'buy',7890,72797,117.67088801560094,102,'UPSTOX',0);
Insert into GROUP8.TRADES (TRADE_ID,TRADER,TIMESTAMP,BUY_SELL,SECURITY,QUANTITY,DEAL_PRICE,FIRM,BROKER,IS_WASHTRADE) values (100228,'ERIE2FOK',to_timestamp('08-SEP-19 06.22.48.082000000 AM','DD-MON-RR HH.MI.SSXFF AM'),'buy',9811,25026,193.6494290937386,103,'FYERS',0);
Insert into GROUP8.TRADES (TRADE_ID,TRADER,TIMESTAMP,BUY_SELL,SECURITY,QUANTITY,DEAL_PRICE,FIRM,BROKER,IS_WASHTRADE) values (100239,'DERTAZB7',to_timestamp('08-SEP-19 12.42.17.530000000 AM','DD-MON-RR HH.MI.SSXFF AM'),'sell',9811,5796,194.38597525888258,103,'ANGEL BROKING',0);
Insert into GROUP8.TRADES (TRADE_ID,TRADER,TIMESTAMP,BUY_SELL,SECURITY,QUANTITY,DEAL_PRICE,FIRM,BROKER,IS_WASHTRADE) values (100248,'SOUPBVBV',to_timestamp('08-SEP-19 08.31.34.450000000 AM','DD-MON-RR HH.MI.SSXFF AM'),'sell',1204,56892,123.45608228509029,102,'MOTILAL OSWAL',0);
Insert into GROUP8.TRADES (TRADE_ID,TRADER,TIMESTAMP,BUY_SELL,SECURITY,QUANTITY,DEAL_PRICE,FIRM,BROKER,IS_WASHTRADE) values (100250,'RON9S76W',to_timestamp('08-SEP-19 07.46.44.774000000 PM','DD-MON-RR HH.MI.SSXFF AM'),'sell',9811,46499,193.03178893089168,103,'SHAREKHAN',0);
Insert into GROUP8.TRADES (TRADE_ID,TRADER,TIMESTAMP,BUY_SELL,SECURITY,QUANTITY,DEAL_PRICE,FIRM,BROKER,IS_WASHTRADE) values (100253,'ERIE2FOK',to_timestamp('08-SEP-19 12.03.54.483000000 PM','DD-MON-RR HH.MI.SSXFF AM'),'buy',1204,4357,193.93680514766163,101,'5PAISA',0);
Insert into GROUP8.TRADES (TRADE_ID,TRADER,TIMESTAMP,BUY_SELL,SECURITY,QUANTITY,DEAL_PRICE,FIRM,BROKER,IS_WASHTRADE) values (100254,'DEAU7LQT',to_timestamp('08-SEP-19 07.44.56.826000000 AM','DD-MON-RR HH.MI.SSXFF AM'),'buy',3030,36946,199.8491350129131,103,'MOTILAL OSWAL',0);
Insert into GROUP8.TRADES (TRADE_ID,TRADER,TIMESTAMP,BUY_SELL,SECURITY,QUANTITY,DEAL_PRICE,FIRM,BROKER,IS_WASHTRADE) values (100260,'AUTVR07B',to_timestamp('08-SEP-19 03.21.37.356000000 PM','DD-MON-RR HH.MI.SSXFF AM'),'buy',3030,40199,200.28785409870105,103,'ICICI DIRECT',0);
Insert into GROUP8.TRADES (TRADE_ID,TRADER,TIMESTAMP,BUY_SELL,SECURITY,QUANTITY,DEAL_PRICE,FIRM,BROKER,IS_WASHTRADE) values (100280,'SOUPBVBV',to_timestamp('08-SEP-19 03.25.44.025000000 AM','DD-MON-RR HH.MI.SSXFF AM'),'buy',9811,62593,119.5442771787415,102,'MOTILAL OSWAL',0);
Insert into GROUP8.TRADES (TRADE_ID,TRADER,TIMESTAMP,BUY_SELL,SECURITY,QUANTITY,DEAL_PRICE,FIRM,BROKER,IS_WASHTRADE) values (100292,'GAU7P0MO',to_timestamp('08-SEP-19 01.12.46.760000000 PM','DD-MON-RR HH.MI.SSXFF AM'),'sell',3030,61326,198.28803482483173,103,'SHAREKHAN',0);
Insert into GROUP8.TRADES (TRADE_ID,TRADER,TIMESTAMP,BUY_SELL,SECURITY,QUANTITY,DEAL_PRICE,FIRM,BROKER,IS_WASHTRADE) values (100301,'PAMLJK33',to_timestamp('08-SEP-19 03.24.48.425000000 PM','DD-MON-RR HH.MI.SSXFF AM'),'sell',1204,92574,194.60215065687058,101,'MOTILAL OSWAL',0);
Insert into GROUP8.TRADES (TRADE_ID,TRADER,TIMESTAMP,BUY_SELL,SECURITY,QUANTITY,DEAL_PRICE,FIRM,BROKER,IS_WASHTRADE) values (100306,'JYOKHC89',to_timestamp('08-SEP-19 02.51.51.716000000 AM','DD-MON-RR HH.MI.SSXFF AM'),'sell',3030,90582,198.17514894082112,103,'ANGEL BROKING',0);
Insert into GROUP8.TRADES (TRADE_ID,TRADER,TIMESTAMP,BUY_SELL,SECURITY,QUANTITY,DEAL_PRICE,FIRM,BROKER,IS_WASHTRADE) values (100338,'JYOKHC89',to_timestamp('08-SEP-19 08.35.48.977000000 AM','DD-MON-RR HH.MI.SSXFF AM'),'sell',1204,30495,123.09958788342327,102,'MOTILAL OSWAL',0);
Insert into GROUP8.TRADES (TRADE_ID,TRADER,TIMESTAMP,BUY_SELL,SECURITY,QUANTITY,DEAL_PRICE,FIRM,BROKER,IS_WASHTRADE) values (100345,'DEAU7LQT',to_timestamp('08-SEP-19 06.42.06.899000000 AM','DD-MON-RR HH.MI.SSXFF AM'),'buy',7890,31181,116.66237037149946,102,'FYERS',0);
Insert into GROUP8.TRADES (TRADE_ID,TRADER,TIMESTAMP,BUY_SELL,SECURITY,QUANTITY,DEAL_PRICE,FIRM,BROKER,IS_WASHTRADE) values (100374,'CHAF8FKO',to_timestamp('08-SEP-19 07.58.40.403000000 AM','DD-MON-RR HH.MI.SSXFF AM'),'sell',7890,7755,188.25667358523216,103,'5PAISA',0);
Insert into GROUP8.TRADES (TRADE_ID,TRADER,TIMESTAMP,BUY_SELL,SECURITY,QUANTITY,DEAL_PRICE,FIRM,BROKER,IS_WASHTRADE) values (100382,'CHAF8FKO',to_timestamp('08-SEP-19 12.53.26.731000000 PM','DD-MON-RR HH.MI.SSXFF AM'),'sell',1204,28628,199.6100059152122,103,'ICICI DIRECT',0);
Insert into GROUP8.TRADES (TRADE_ID,TRADER,TIMESTAMP,BUY_SELL,SECURITY,QUANTITY,DEAL_PRICE,FIRM,BROKER,IS_WASHTRADE) values (100400,'ALLNKK5B',to_timestamp('08-SEP-19 07.19.24.049000000 AM','DD-MON-RR HH.MI.SSXFF AM'),'sell',9811,37388,189.45581017117684,101,'ICICI DIRECT',0);
Insert into GROUP8.TRADES (TRADE_ID,TRADER,TIMESTAMP,BUY_SELL,SECURITY,QUANTITY,DEAL_PRICE,FIRM,BROKER,IS_WASHTRADE) values (100506,'JYOKHC89',to_timestamp('08-SEP-19 11.00.47.610000000 PM','DD-MON-RR HH.MI.SSXFF AM'),'sell',3030,90582,200.81436519012834,103,'ANGEL BROKING',0);
Insert into GROUP8.TRADES (TRADE_ID,TRADER,TIMESTAMP,BUY_SELL,SECURITY,QUANTITY,DEAL_PRICE,FIRM,BROKER,IS_WASHTRADE) values (100538,'JYOKHC89',to_timestamp('08-SEP-19 10.49.35.901000000 PM','DD-MON-RR HH.MI.SSXFF AM'),'sell',1204,30495,121.88546852046815,102,'MOTILAL OSWAL',0);
Insert into GROUP8.TRADES (TRADE_ID,TRADER,TIMESTAMP,BUY_SELL,SECURITY,QUANTITY,DEAL_PRICE,FIRM,BROKER,IS_WASHTRADE) values (100545,'DEAU7LQT',to_timestamp('08-SEP-19 02.07.19.006000000 AM','DD-MON-RR HH.MI.SSXFF AM'),'buy',7890,31181,116.07049982931937,102,'FYERS',0);
Insert into GROUP8.TRADES (TRADE_ID,TRADER,TIMESTAMP,BUY_SELL,SECURITY,QUANTITY,DEAL_PRICE,FIRM,BROKER,IS_WASHTRADE) values (100574,'CHAF8FKO',to_timestamp('08-SEP-19 06.54.46.532000000 PM','DD-MON-RR HH.MI.SSXFF AM'),'sell',7890,7755,189.29524468607647,103,'5PAISA',0);
Insert into GROUP8.TRADES (TRADE_ID,TRADER,TIMESTAMP,BUY_SELL,SECURITY,QUANTITY,DEAL_PRICE,FIRM,BROKER,IS_WASHTRADE) values (100582,'CHAF8FKO',to_timestamp('08-SEP-19 08.40.30.898000000 AM','DD-MON-RR HH.MI.SSXFF AM'),'sell',1204,28628,197.82894662501053,103,'ICICI DIRECT',0);
Insert into GROUP8.TRADES (TRADE_ID,TRADER,TIMESTAMP,BUY_SELL,SECURITY,QUANTITY,DEAL_PRICE,FIRM,BROKER,IS_WASHTRADE) values (100600,'ALLNKK5B',to_timestamp('08-SEP-19 12.30.22.434000000 PM','DD-MON-RR HH.MI.SSXFF AM'),'sell',9811,37388,188.5638865356092,101,'ICICI DIRECT',0);
Insert into GROUP8.TRADES (TRADE_ID,TRADER,TIMESTAMP,BUY_SELL,SECURITY,QUANTITY,DEAL_PRICE,FIRM,BROKER,IS_WASHTRADE) values (100605,'GAU7P0MO',to_timestamp('08-SEP-19 11.17.34.459000000 AM','DD-MON-RR HH.MI.SSXFF AM'),'buy',9811,46452,189.72974689966875,101,'FYERS',0);
Insert into GROUP8.TRADES (TRADE_ID,TRADER,TIMESTAMP,BUY_SELL,SECURITY,QUANTITY,DEAL_PRICE,FIRM,BROKER,IS_WASHTRADE) values (100738,'JYOKHC89',to_timestamp('08-SEP-19 09.06.10.742000000 AM','DD-MON-RR HH.MI.SSXFF AM'),'sell',1204,30495,123.18527684288367,102,'MOTILAL OSWAL',0);
Insert into GROUP8.TRADES (TRADE_ID,TRADER,TIMESTAMP,BUY_SELL,SECURITY,QUANTITY,DEAL_PRICE,FIRM,BROKER,IS_WASHTRADE) values (100745,'DEAU7LQT',to_timestamp('08-SEP-19 02.48.41.498000000 AM','DD-MON-RR HH.MI.SSXFF AM'),'buy',7890,31181,115.72667476834299,102,'FYERS',0);
Insert into GROUP8.TRADES (TRADE_ID,TRADER,TIMESTAMP,BUY_SELL,SECURITY,QUANTITY,DEAL_PRICE,FIRM,BROKER,IS_WASHTRADE) values (100774,'CHAF8FKO',to_timestamp('08-SEP-19 04.57.56.399000000 PM','DD-MON-RR HH.MI.SSXFF AM'),'sell',7890,7755,189.50903527485218,103,'5PAISA',0);
Insert into GROUP8.TRADES (TRADE_ID,TRADER,TIMESTAMP,BUY_SELL,SECURITY,QUANTITY,DEAL_PRICE,FIRM,BROKER,IS_WASHTRADE) values (100782,'CHAF8FKO',to_timestamp('08-SEP-19 11.58.23.018000000 PM','DD-MON-RR HH.MI.SSXFF AM'),'sell',1204,28628,198.58615668554077,103,'ICICI DIRECT',0);
Insert into GROUP8.TRADES (TRADE_ID,TRADER,TIMESTAMP,BUY_SELL,SECURITY,QUANTITY,DEAL_PRICE,FIRM,BROKER,IS_WASHTRADE) values (100800,'ALLNKK5B',to_timestamp('08-SEP-19 04.45.12.724000000 PM','DD-MON-RR HH.MI.SSXFF AM'),'sell',9811,37388,190.00667555638557,101,'ICICI DIRECT',0);
REM INSERTING into GROUP8.USERS
SET DEFINE OFF;
Insert into GROUP8.USERS (TRADER_ID,TRADER_NAME,DATE_REG,USERNAME,PASSWORD,EMAIL_ID,PHONE,DOB,IS_ADMIN) values ('SOUPBVBV','Soujanya Abbaraju',to_date('18-DEC-07','DD-MON-RR'),'Soujanya','admin1','hhays78@hotma1l.us','9027759991',to_date('19-FEB-75','DD-MON-RR'),1);
Insert into GROUP8.USERS (TRADER_ID,TRADER_NAME,DATE_REG,USERNAME,PASSWORD,EMAIL_ID,PHONE,DOB,IS_ADMIN) values ('RUPMVC0B','Rupashi Sangal',to_date('20-DEC-70','DD-MON-RR'),'Rupashi','admin2','hfulton75@ma1lbox.us','9023898198',to_date('24-MAY-66','DD-MON-RR'),1);
Insert into GROUP8.USERS (TRADER_ID,TRADER_NAME,DATE_REG,USERNAME,PASSWORD,EMAIL_ID,PHONE,DOB,IS_ADMIN) values ('SHR0ZTH7','Shreya Singh',to_date('28-JUL-91','DD-MON-RR'),'Shreya','admin3','rmcconnell15@everyma1l.biz','9058804877',to_date('11-JAN-80','DD-MON-RR'),1);
Insert into GROUP8.USERS (TRADER_ID,TRADER_NAME,DATE_REG,USERNAME,PASSWORD,EMAIL_ID,PHONE,DOB,IS_ADMIN) values ('MANARYUL','Manisha Miriyala',to_date('15-MAR-80','DD-MON-RR'),'Manisha','admin4','discoveredprobably53@everyma1l.us','9085810969',to_date('10-SEP-57','DD-MON-RR'),1);
Insert into GROUP8.USERS (TRADER_ID,TRADER_NAME,DATE_REG,USERNAME,PASSWORD,EMAIL_ID,PHONE,DOB,IS_ADMIN) values ('JYOKHC89','Jyothi M',to_date('06-APR-82','DD-MON-RR'),'Jyothi','admin5','hotto@somema1l.net','9090638445',to_date('26-MAR-69','DD-MON-RR'),1);
Insert into GROUP8.USERS (TRADER_ID,TRADER_NAME,DATE_REG,USERNAME,PASSWORD,EMAIL_ID,PHONE,DOB,IS_ADMIN) values ('ANAMATVZ','Anand Varma',to_date('16-JAN-88','DD-MON-RR'),'Anand','admin6','rgardner@somema1l.co.uk','9011926580',to_date('27-JAN-75','DD-MON-RR'),1);
Insert into GROUP8.USERS (TRADER_ID,TRADER_NAME,DATE_REG,USERNAME,PASSWORD,EMAIL_ID,PHONE,DOB,IS_ADMIN) values ('TUHPV7Q7','Tuhina Tripathi',to_date('09-JUL-03','DD-MON-RR'),'Tuhina','admin7','dparsons@everyma1l.us','9012801328',to_date('27-FEB-60','DD-MON-RR'),1);
Insert into GROUP8.USERS (TRADER_ID,TRADER_NAME,DATE_REG,USERNAME,PASSWORD,EMAIL_ID,PHONE,DOB,IS_ADMIN) values ('GAU7P0MO','Gaurav Mandia',to_date('16-MAY-97','DD-MON-RR'),'Gaurav','admin8','hidto57@everyma1l.biz','9080075211',to_date('12-DEC-59','DD-MON-RR'),1);
Insert into GROUP8.USERS (TRADER_ID,TRADER_NAME,DATE_REG,USERNAME,PASSWORD,EMAIL_ID,PHONE,DOB,IS_ADMIN) values ('YAKE10NP','Yaksha RN',to_date('03-JUN-76','DD-MON-RR'),'Yaksha','admin9','calexander@ma1lbox.com','9015833476',to_date('17-MAR-72','DD-MON-RR'),1);
Insert into GROUP8.USERS (TRADER_ID,TRADER_NAME,DATE_REG,USERNAME,PASSWORD,EMAIL_ID,PHONE,DOB,IS_ADMIN) values ('TAY15XLN','Taylor Knowles',to_date('03-FEB-09','DD-MON-RR'),'Taylor','vumlublp','webcold@hotma1l.com','9011531954',to_date('10-JAN-56','DD-MON-RR'),0);
Insert into GROUP8.USERS (TRADER_ID,TRADER_NAME,DATE_REG,USERNAME,PASSWORD,EMAIL_ID,PHONE,DOB,IS_ADMIN) values ('ERIE2FOK','Erica Valdez',to_date('27-APR-73','DD-MON-RR'),'Erica','bpscefhx','abarrett@hotma1l.biz','9082227710',to_date('23-FEB-69','DD-MON-RR'),0);
Insert into GROUP8.USERS (TRADER_ID,TRADER_NAME,DATE_REG,USERNAME,PASSWORD,EMAIL_ID,PHONE,DOB,IS_ADMIN) values ('CHAF8FKO','Chad Cook',to_date('13-DEC-83','DD-MON-RR'),'Chad','wjijdxlo','cwoodard@yah00.net','9016225396',to_date('11-OCT-65','DD-MON-RR'),0);
Insert into GROUP8.USERS (TRADER_ID,TRADER_NAME,DATE_REG,USERNAME,PASSWORD,EMAIL_ID,PHONE,DOB,IS_ADMIN) values ('RON9S76W','Ronda Melton',to_date('07-JUL-72','DD-MON-RR'),'Ronda','ipkzfhkw','lrowland@ma1lbox.biz','9021162781',to_date('03-JUN-79','DD-MON-RR'),0);
Insert into GROUP8.USERS (TRADER_ID,TRADER_NAME,DATE_REG,USERNAME,PASSWORD,EMAIL_ID,PHONE,DOB,IS_ADMIN) values ('PAMLJK33','Pamela Vasquez',to_date('10-JAN-87','DD-MON-RR'),'Pamela','dvknxxkb','jpowers@everyma1l.net','9024618217',to_date('22-AUG-81','DD-MON-RR'),0);
Insert into GROUP8.USERS (TRADER_ID,TRADER_NAME,DATE_REG,USERNAME,PASSWORD,EMAIL_ID,PHONE,DOB,IS_ADMIN) values ('ALLNKK5B','Allison Underwood',to_date('26-FEB-79','DD-MON-RR'),'Allison','qydsckrh','jsteele@ma1lbox.com','9053809956',to_date('18-JUL-75','DD-MON-RR'),0);
Insert into GROUP8.USERS (TRADER_ID,TRADER_NAME,DATE_REG,USERNAME,PASSWORD,EMAIL_ID,PHONE,DOB,IS_ADMIN) values ('HARMENON','Harish Menon',to_date('07-JAN-09','DD-MON-RR'),'Bankrupt','deutsche','hcmenon@gmail.com','9819130637',to_date('15-JUN-80','DD-MON-RR'),0);
Insert into GROUP8.USERS (TRADER_ID,TRADER_NAME,DATE_REG,USERNAME,PASSWORD,EMAIL_ID,PHONE,DOB,IS_ADMIN) values ('DEAU7LQT','Dean Herman',to_date('28-FEB-08','DD-MON-RR'),'Dean','reyewfkt','endsisland64@yah00.co.uk','9043126736',to_date('26-APR-56','DD-MON-RR'),0);
Insert into GROUP8.USERS (TRADER_ID,TRADER_NAME,DATE_REG,USERNAME,PASSWORD,EMAIL_ID,PHONE,DOB,IS_ADMIN) values ('DERTAZB7','Derek Hart',to_date('15-JUN-80','DD-MON-RR'),'Derek','jrtgopve','kbernard67@gma1l.com','9074689119',to_date('08-MAR-75','DD-MON-RR'),0);
