--------------------------------------------------------
--  File created - Wednesday-September-11-2019   
--------------------------------------------------------
--------------------------------------------------------
--  DDL for Table BROKERS
--------------------------------------------------------

  CREATE TABLE "BROKERS" 
   (	"BROKER_NAME" VARCHAR2(30 BYTE)
   ) SEGMENT CREATION IMMEDIATE 
  PCTFREE 10 PCTUSED 40 INITRANS 1 MAXTRANS 255 NOCOMPRESS LOGGING
  STORAGE(INITIAL 65536 NEXT 1048576 MINEXTENTS 1 MAXEXTENTS 2147483645
  PCTINCREASE 0 FREELISTS 1 FREELIST GROUPS 1 BUFFER_POOL DEFAULT FLASH_CACHE DEFAULT CELL_FLASH_CACHE DEFAULT)
  TABLESPACE "SYSTEM" ;
--------------------------------------------------------
--  DDL for Table FIRMS
--------------------------------------------------------

  CREATE TABLE "FIRMS" 
   (	"FIRM_ID" NUMBER(*,0), 
	"NAME" VARCHAR2(20 BYTE)
   ) SEGMENT CREATION IMMEDIATE 
  PCTFREE 10 PCTUSED 40 INITRANS 1 MAXTRANS 255 NOCOMPRESS LOGGING
  STORAGE(INITIAL 65536 NEXT 1048576 MINEXTENTS 1 MAXEXTENTS 2147483645
  PCTINCREASE 0 FREELISTS 1 FREELIST GROUPS 1 BUFFER_POOL DEFAULT FLASH_CACHE DEFAULT CELL_FLASH_CACHE DEFAULT)
  TABLESPACE "SYSTEM" ;
--------------------------------------------------------
--  DDL for Table SECURITIES
--------------------------------------------------------

  CREATE TABLE "SECURITIES" 
   (	"SECURITY_ID" NUMBER(*,0), 
	"NAME" VARCHAR2(20 BYTE), 
	"LOT_SIZE" NUMBER(*,0) DEFAULT 1
   ) SEGMENT CREATION IMMEDIATE 
  PCTFREE 10 PCTUSED 40 INITRANS 1 MAXTRANS 255 NOCOMPRESS LOGGING
  STORAGE(INITIAL 65536 NEXT 1048576 MINEXTENTS 1 MAXEXTENTS 2147483645
  PCTINCREASE 0 FREELISTS 1 FREELIST GROUPS 1 BUFFER_POOL DEFAULT FLASH_CACHE DEFAULT CELL_FLASH_CACHE DEFAULT)
  TABLESPACE "SYSTEM" ;
--------------------------------------------------------
--  DDL for Table STOCKS
--------------------------------------------------------

  CREATE TABLE "STOCKS" 
   (	"FIRM_ID" NUMBER(*,0), 
	"SECURITY_ID" NUMBER(*,0), 
	"HIGHEST_PRICE" FLOAT(126), 
	"LOWEST_PRICE" FLOAT(126), 
	"LTP" FLOAT(126)
   ) SEGMENT CREATION IMMEDIATE 
  PCTFREE 10 PCTUSED 40 INITRANS 1 MAXTRANS 255 NOCOMPRESS LOGGING
  STORAGE(INITIAL 65536 NEXT 1048576 MINEXTENTS 1 MAXEXTENTS 2147483645
  PCTINCREASE 0 FREELISTS 1 FREELIST GROUPS 1 BUFFER_POOL DEFAULT FLASH_CACHE DEFAULT CELL_FLASH_CACHE DEFAULT)
  TABLESPACE "SYSTEM" ;
--------------------------------------------------------
--  DDL for Table TRADES
--------------------------------------------------------

  CREATE TABLE "TRADES" 
   (	"TRADE_ID" NUMBER(*,0), 
	"TRADER" VARCHAR2(20 BYTE), 
	"TIMESTAMP" TIMESTAMP (6), 
	"BUY_SELL" VARCHAR2(20 BYTE), 
	"SECURITY" NUMBER(*,0), 
	"QUANTITY" NUMBER(*,0), 
	"DEAL_PRICE" FLOAT(126), 
	"FIRM" NUMBER(*,0), 
	"BROKER" VARCHAR2(40 BYTE), 
	"IS_WASHTRADE" NUMBER(*,0) DEFAULT 0
   ) SEGMENT CREATION IMMEDIATE 
  PCTFREE 10 PCTUSED 40 INITRANS 1 MAXTRANS 255 NOCOMPRESS LOGGING
  STORAGE(INITIAL 65536 NEXT 1048576 MINEXTENTS 1 MAXEXTENTS 2147483645
  PCTINCREASE 0 FREELISTS 1 FREELIST GROUPS 1 BUFFER_POOL DEFAULT FLASH_CACHE DEFAULT CELL_FLASH_CACHE DEFAULT)
  TABLESPACE "SYSTEM" ;
--------------------------------------------------------
--  DDL for Table USERS
--------------------------------------------------------

  CREATE TABLE "USERS" 
   (	"TRADER_ID" VARCHAR2(20 BYTE), 
	"TRADER_NAME" VARCHAR2(20 BYTE), 
	"DATE_REG" DATE, 
	"USERNAME" VARCHAR2(20 BYTE), 
	"PASSWORD" VARCHAR2(20 BYTE), 
	"EMAIL_ID" VARCHAR2(40 BYTE), 
	"PHONE" LONG, 
	"DOB" DATE, 
	"IS_ADMIN" NUMBER(*,0) DEFAULT 0
   ) SEGMENT CREATION IMMEDIATE 
  PCTFREE 10 PCTUSED 40 INITRANS 1 MAXTRANS 255 NOCOMPRESS LOGGING
  STORAGE(INITIAL 65536 NEXT 1048576 MINEXTENTS 1 MAXEXTENTS 2147483645
  PCTINCREASE 0 FREELISTS 1 FREELIST GROUPS 1 BUFFER_POOL DEFAULT FLASH_CACHE DEFAULT CELL_FLASH_CACHE DEFAULT)
  TABLESPACE "SYSTEM" ;
REM INSERTING into BROKERS
SET DEFINE OFF;
Insert into BROKERS (BROKER_NAME) values ('5PAISA');
Insert into BROKERS (BROKER_NAME) values ('ANGEL BROKING');
Insert into BROKERS (BROKER_NAME) values ('FYERS');
Insert into BROKERS (BROKER_NAME) values ('ICICI DIRECT');
Insert into BROKERS (BROKER_NAME) values ('MOTILAL OSWAL');
Insert into BROKERS (BROKER_NAME) values ('SHAREKHAN');
Insert into BROKERS (BROKER_NAME) values ('UPSTOX');
Insert into BROKERS (BROKER_NAME) values ('ZERODHA');
REM INSERTING into FIRMS
SET DEFINE OFF;
Insert into FIRMS (FIRM_ID,NAME) values (101,'Facebook');
Insert into FIRMS (FIRM_ID,NAME) values (102,'Walmart');
Insert into FIRMS (FIRM_ID,NAME) values (103,'Apple');
REM INSERTING into SECURITIES
SET DEFINE OFF;
Insert into SECURITIES (SECURITY_ID,NAME,LOT_SIZE) values (7890,'Equity Shares',1);
Insert into SECURITIES (SECURITY_ID,NAME,LOT_SIZE) values (9811,'Futures',1);
Insert into SECURITIES (SECURITY_ID,NAME,LOT_SIZE) values (3030,'Call Option',1);
Insert into SECURITIES (SECURITY_ID,NAME,LOT_SIZE) values (1204,'Put Option',1);
REM INSERTING into STOCKS
SET DEFINE OFF;
Insert into STOCKS (FIRM_ID,SECURITY_ID,HIGHEST_PRICE,LOWEST_PRICE,LTP) values (101,3030,196.1417,192.6314,190);
Insert into STOCKS (FIRM_ID,SECURITY_ID,HIGHEST_PRICE,LOWEST_PRICE,LTP) values (101,1204,196.2333,192.7823,195.99762622555946);
Insert into STOCKS (FIRM_ID,SECURITY_ID,HIGHEST_PRICE,LOWEST_PRICE,LTP) values (102,7890,117.96,115.27,116.91210638997443);
Insert into STOCKS (FIRM_ID,SECURITY_ID,HIGHEST_PRICE,LOWEST_PRICE,LTP) values (102,9811,120.3192,117.5754,120.03790630160245);
Insert into STOCKS (FIRM_ID,SECURITY_ID,HIGHEST_PRICE,LOWEST_PRICE,LTP) values (101,7890,186.54,183.4585,185.04511419038974);
Insert into STOCKS (FIRM_ID,SECURITY_ID,HIGHEST_PRICE,LOWEST_PRICE,LTP) values (102,3030,123.858,121.0335,121.2609343547899);
Insert into STOCKS (FIRM_ID,SECURITY_ID,HIGHEST_PRICE,LOWEST_PRICE,LTP) values (102,1204,123.7622,121.5467,123.09227652516516);
Insert into STOCKS (FIRM_ID,SECURITY_ID,HIGHEST_PRICE,LOWEST_PRICE,LTP) values (103,7890,191.36,187,189.45581384860182);
Insert into STOCKS (FIRM_ID,SECURITY_ID,HIGHEST_PRICE,LOWEST_PRICE,LTP) values (103,9811,195.187,191.6988,192.49847614428657);
Insert into STOCKS (FIRM_ID,SECURITY_ID,HIGHEST_PRICE,LOWEST_PRICE,LTP) values (103,3030,200.928,197.337,200.12844910743786);
Insert into STOCKS (FIRM_ID,SECURITY_ID,HIGHEST_PRICE,LOWEST_PRICE,LTP) values (103,1204,200.054,197.222,198.78209273535703);
Insert into STOCKS (FIRM_ID,SECURITY_ID,HIGHEST_PRICE,LOWEST_PRICE,LTP) values (101,9811,190.5377,187.1276,187.97018677663527);
REM INSERTING into TRADES
SET DEFINE OFF;
Insert into TRADES (TRADE_ID,TRADER,TIMESTAMP,BUY_SELL,SECURITY,QUANTITY,DEAL_PRICE,FIRM,BROKER,IS_WASHTRADE) values (100707,'KAT2G7RQ',to_timestamp('08-SEP-19 09.31.44.785000000 PM','DD-MON-RR HH.MI.SSXFF AM'),'buy',7890,39637,117.30802884910233,102,'ICICI DIRECT',0);
Insert into TRADES (TRADE_ID,TRADER,TIMESTAMP,BUY_SELL,SECURITY,QUANTITY,DEAL_PRICE,FIRM,BROKER,IS_WASHTRADE) values (100708,'RENK17GN',to_timestamp('08-SEP-19 11.20.22.836000000 PM','DD-MON-RR HH.MI.SSXFF AM'),'sell',3030,64345,194.83033378270954,101,'5PAISA',0);
Insert into TRADES (TRADE_ID,TRADER,TIMESTAMP,BUY_SELL,SECURITY,QUANTITY,DEAL_PRICE,FIRM,BROKER,IS_WASHTRADE) values (100709,'CHAXPYSK',to_timestamp('08-SEP-19 07.28.31.004000000 PM','DD-MON-RR HH.MI.SSXFF AM'),'buy',1204,55147,122.38477742496455,102,'ANGEL BROKING',0);
Insert into TRADES (TRADE_ID,TRADER,TIMESTAMP,BUY_SELL,SECURITY,QUANTITY,DEAL_PRICE,FIRM,BROKER,IS_WASHTRADE) values (100710,'TYL8J2LI',to_timestamp('08-SEP-19 02.21.33.026000000 PM','DD-MON-RR HH.MI.SSXFF AM'),'buy',3030,58247,194.4166575924357,101,'5PAISA',0);
Insert into TRADES (TRADE_ID,TRADER,TIMESTAMP,BUY_SELL,SECURITY,QUANTITY,DEAL_PRICE,FIRM,BROKER,IS_WASHTRADE) values (100711,'ALB6U2ZV',to_timestamp('08-SEP-19 03.40.38.794000000 AM','DD-MON-RR HH.MI.SSXFF AM'),'buy',7890,43658,116.19231313178669,102,'ICICI DIRECT',0);
Insert into TRADES (TRADE_ID,TRADER,TIMESTAMP,BUY_SELL,SECURITY,QUANTITY,DEAL_PRICE,FIRM,BROKER,IS_WASHTRADE) values (100712,'LAWOH3PS',to_timestamp('08-SEP-19 05.50.38.668000000 PM','DD-MON-RR HH.MI.SSXFF AM'),'buy',3030,32436,194.556736340025,101,'FYERS',0);
Insert into TRADES (TRADE_ID,TRADER,TIMESTAMP,BUY_SELL,SECURITY,QUANTITY,DEAL_PRICE,FIRM,BROKER,IS_WASHTRADE) values (100713,'REB4G6UJ',to_timestamp('08-SEP-19 05.24.39.635000000 PM','DD-MON-RR HH.MI.SSXFF AM'),'buy',3030,58777,192.7613276745885,101,'SHAREKHAN',0);
Insert into TRADES (TRADE_ID,TRADER,TIMESTAMP,BUY_SELL,SECURITY,QUANTITY,DEAL_PRICE,FIRM,BROKER,IS_WASHTRADE) values (100714,'CHR8CBOJ',to_timestamp('08-SEP-19 11.25.09.640000000 PM','DD-MON-RR HH.MI.SSXFF AM'),'buy',9811,44348,189.22223518653558,101,'MOTILAL OSWAL',0);
Insert into TRADES (TRADE_ID,TRADER,TIMESTAMP,BUY_SELL,SECURITY,QUANTITY,DEAL_PRICE,FIRM,BROKER,IS_WASHTRADE) values (100715,'CODOG0KJ',to_timestamp('08-SEP-19 10.58.45.819000000 AM','DD-MON-RR HH.MI.SSXFF AM'),'buy',1204,86333,123.40869290377012,102,'ICICI DIRECT',0);
Insert into TRADES (TRADE_ID,TRADER,TIMESTAMP,BUY_SELL,SECURITY,QUANTITY,DEAL_PRICE,FIRM,BROKER,IS_WASHTRADE) values (100716,'ETHSI05R',to_timestamp('08-SEP-19 02.26.44.411000000 AM','DD-MON-RR HH.MI.SSXFF AM'),'buy',3030,60646,198.24111711898038,103,'ICICI DIRECT',0);
Insert into TRADES (TRADE_ID,TRADER,TIMESTAMP,BUY_SELL,SECURITY,QUANTITY,DEAL_PRICE,FIRM,BROKER,IS_WASHTRADE) values (100717,'MEL2F69L',to_timestamp('08-SEP-19 01.38.41.432000000 PM','DD-MON-RR HH.MI.SSXFF AM'),'sell',1204,14797,123.07150850429532,102,'5PAISA',0);
Insert into TRADES (TRADE_ID,TRADER,TIMESTAMP,BUY_SELL,SECURITY,QUANTITY,DEAL_PRICE,FIRM,BROKER,IS_WASHTRADE) values (100718,'JEN7R9DV',to_timestamp('08-SEP-19 03.03.30.366000000 PM','DD-MON-RR HH.MI.SSXFF AM'),'buy',3030,99363,193.31904309051563,101,'ANGEL BROKING',0);
Insert into TRADES (TRADE_ID,TRADER,TIMESTAMP,BUY_SELL,SECURITY,QUANTITY,DEAL_PRICE,FIRM,BROKER,IS_WASHTRADE) values (100719,'BARK5S5E',to_timestamp('08-SEP-19 04.31.19.847000000 PM','DD-MON-RR HH.MI.SSXFF AM'),'buy',1204,26087,199.97899142092072,103,'SHAREKHAN',0);
Insert into TRADES (TRADE_ID,TRADER,TIMESTAMP,BUY_SELL,SECURITY,QUANTITY,DEAL_PRICE,FIRM,BROKER,IS_WASHTRADE) values (100720,'CHR8CBOJ',to_timestamp('08-SEP-19 03.39.09.589000000 AM','DD-MON-RR HH.MI.SSXFF AM'),'sell',1204,19560,192.97001357735456,101,'UPSTOX',0);
Insert into TRADES (TRADE_ID,TRADER,TIMESTAMP,BUY_SELL,SECURITY,QUANTITY,DEAL_PRICE,FIRM,BROKER,IS_WASHTRADE) values (100721,'JANLI2VQ',to_timestamp('08-SEP-19 06.13.01.919000000 AM','DD-MON-RR HH.MI.SSXFF AM'),'sell',9811,18481,189.36983948458249,101,'FYERS',0);
Insert into TRADES (TRADE_ID,TRADER,TIMESTAMP,BUY_SELL,SECURITY,QUANTITY,DEAL_PRICE,FIRM,BROKER,IS_WASHTRADE) values (100722,'PATJROMB',to_timestamp('08-SEP-19 07.04.49.330000000 AM','DD-MON-RR HH.MI.SSXFF AM'),'sell',3030,88182,194.258089258273,101,'ICICI DIRECT',0);
Insert into TRADES (TRADE_ID,TRADER,TIMESTAMP,BUY_SELL,SECURITY,QUANTITY,DEAL_PRICE,FIRM,BROKER,IS_WASHTRADE) values (100723,'KAT2G7RQ',to_timestamp('08-SEP-19 09.16.14.869000000 PM','DD-MON-RR HH.MI.SSXFF AM'),'buy',1204,81718,122.46182602275579,102,'SHAREKHAN',0);
Insert into TRADES (TRADE_ID,TRADER,TIMESTAMP,BUY_SELL,SECURITY,QUANTITY,DEAL_PRICE,FIRM,BROKER,IS_WASHTRADE) values (100724,'TERCINT0',to_timestamp('08-SEP-19 02.23.48.845000000 AM','DD-MON-RR HH.MI.SSXFF AM'),'buy',3030,72352,200.49284207428633,103,'ZERODHA',0);
Insert into TRADES (TRADE_ID,TRADER,TIMESTAMP,BUY_SELL,SECURITY,QUANTITY,DEAL_PRICE,FIRM,BROKER,IS_WASHTRADE) values (100725,'MAR8BQAC',to_timestamp('08-SEP-19 10.56.45.963000000 PM','DD-MON-RR HH.MI.SSXFF AM'),'sell',9811,96705,187.15154515260036,101,'5PAISA',0);
Insert into TRADES (TRADE_ID,TRADER,TIMESTAMP,BUY_SELL,SECURITY,QUANTITY,DEAL_PRICE,FIRM,BROKER,IS_WASHTRADE) values (100726,'BON7USKP',to_timestamp('08-SEP-19 08.58.28.845000000 AM','DD-MON-RR HH.MI.SSXFF AM'),'buy',7890,1613,116.59879402336445,102,'ICICI DIRECT',0);
Insert into TRADES (TRADE_ID,TRADER,TIMESTAMP,BUY_SELL,SECURITY,QUANTITY,DEAL_PRICE,FIRM,BROKER,IS_WASHTRADE) values (100727,'ALII5JS8',to_timestamp('08-SEP-19 07.20.32.184000000 AM','DD-MON-RR HH.MI.SSXFF AM'),'sell',9811,2694,192.2822445213972,103,'MOTILAL OSWAL',0);
Insert into TRADES (TRADE_ID,TRADER,TIMESTAMP,BUY_SELL,SECURITY,QUANTITY,DEAL_PRICE,FIRM,BROKER,IS_WASHTRADE) values (100728,'ERIYFMJM',to_timestamp('08-SEP-19 10.24.25.299000000 AM','DD-MON-RR HH.MI.SSXFF AM'),'buy',9811,57070,194.38886990847527,103,'MOTILAL OSWAL',0);
Insert into TRADES (TRADE_ID,TRADER,TIMESTAMP,BUY_SELL,SECURITY,QUANTITY,DEAL_PRICE,FIRM,BROKER,IS_WASHTRADE) values (100729,'LACFSS25',to_timestamp('08-SEP-19 08.23.01.109000000 PM','DD-MON-RR HH.MI.SSXFF AM'),'buy',3030,26605,122.79737765914129,102,'5PAISA',0);
Insert into TRADES (TRADE_ID,TRADER,TIMESTAMP,BUY_SELL,SECURITY,QUANTITY,DEAL_PRICE,FIRM,BROKER,IS_WASHTRADE) values (100730,'CAR77HKO',to_timestamp('08-SEP-19 01.26.15.625000000 PM','DD-MON-RR HH.MI.SSXFF AM'),'buy',3030,20821,121.30400324523575,102,'ZERODHA',0);
Insert into TRADES (TRADE_ID,TRADER,TIMESTAMP,BUY_SELL,SECURITY,QUANTITY,DEAL_PRICE,FIRM,BROKER,IS_WASHTRADE) values (100731,'ROYK4MJL',to_timestamp('08-SEP-19 02.26.23.892000000 AM','DD-MON-RR HH.MI.SSXFF AM'),'sell',9811,20523,193.06670754747856,103,'UPSTOX',0);
Insert into TRADES (TRADE_ID,TRADER,TIMESTAMP,BUY_SELL,SECURITY,QUANTITY,DEAL_PRICE,FIRM,BROKER,IS_WASHTRADE) values (100732,'RONXONLA',to_timestamp('08-SEP-19 12.08.01.409000000 PM','DD-MON-RR HH.MI.SSXFF AM'),'sell',7890,75412,190.8450487834053,103,'UPSTOX',0);
Insert into TRADES (TRADE_ID,TRADER,TIMESTAMP,BUY_SELL,SECURITY,QUANTITY,DEAL_PRICE,FIRM,BROKER,IS_WASHTRADE) values (100733,'ANNTUIDW',to_timestamp('08-SEP-19 03.04.52.811000000 PM','DD-MON-RR HH.MI.SSXFF AM'),'sell',3030,68520,121.52815624496729,102,'SHAREKHAN',0);
Insert into TRADES (TRADE_ID,TRADER,TIMESTAMP,BUY_SELL,SECURITY,QUANTITY,DEAL_PRICE,FIRM,BROKER,IS_WASHTRADE) values (100734,'ALLHJ5TM',to_timestamp('08-SEP-19 11.00.27.347000000 AM','DD-MON-RR HH.MI.SSXFF AM'),'buy',1204,31401,121.85547060467705,102,'ANGEL BROKING',0);
Insert into TRADES (TRADE_ID,TRADER,TIMESTAMP,BUY_SELL,SECURITY,QUANTITY,DEAL_PRICE,FIRM,BROKER,IS_WASHTRADE) values (100735,'RIT8K7LO',to_timestamp('08-SEP-19 03.01.57.586000000 PM','DD-MON-RR HH.MI.SSXFF AM'),'buy',3030,39688,195.72726972382932,101,'SHAREKHAN',0);
Insert into TRADES (TRADE_ID,TRADER,TIMESTAMP,BUY_SELL,SECURITY,QUANTITY,DEAL_PRICE,FIRM,BROKER,IS_WASHTRADE) values (100736,'CHAXPYSK',to_timestamp('08-SEP-19 09.29.50.298000000 AM','DD-MON-RR HH.MI.SSXFF AM'),'buy',9811,20655,194.4327248294484,103,'5PAISA',0);
Insert into TRADES (TRADE_ID,TRADER,TIMESTAMP,BUY_SELL,SECURITY,QUANTITY,DEAL_PRICE,FIRM,BROKER,IS_WASHTRADE) values (100737,'RIT8K7LO',to_timestamp('08-SEP-19 12.25.01.229000000 PM','DD-MON-RR HH.MI.SSXFF AM'),'buy',7890,27423,186.3561156128867,101,'ICICI DIRECT',0);
Insert into TRADES (TRADE_ID,TRADER,TIMESTAMP,BUY_SELL,SECURITY,QUANTITY,DEAL_PRICE,FIRM,BROKER,IS_WASHTRADE) values (100738,'MAREZ57F',to_timestamp('08-SEP-19 02.13.14.636000000 AM','DD-MON-RR HH.MI.SSXFF AM'),'sell',1204,30495,122.34313283471748,102,'MOTILAL OSWAL',0);
Insert into TRADES (TRADE_ID,TRADER,TIMESTAMP,BUY_SELL,SECURITY,QUANTITY,DEAL_PRICE,FIRM,BROKER,IS_WASHTRADE) values (100739,'JEN7R9DV',to_timestamp('08-SEP-19 10.53.11.578000000 AM','DD-MON-RR HH.MI.SSXFF AM'),'sell',1204,65887,195.63560668627343,101,'SHAREKHAN',0);
Insert into TRADES (TRADE_ID,TRADER,TIMESTAMP,BUY_SELL,SECURITY,QUANTITY,DEAL_PRICE,FIRM,BROKER,IS_WASHTRADE) values (100740,'BRIB1YL5',to_timestamp('08-SEP-19 04.11.19.860000000 PM','DD-MON-RR HH.MI.SSXFF AM'),'buy',3030,95631,196.03234156121337,101,'UPSTOX',0);
Insert into TRADES (TRADE_ID,TRADER,TIMESTAMP,BUY_SELL,SECURITY,QUANTITY,DEAL_PRICE,FIRM,BROKER,IS_WASHTRADE) values (100741,'MIT661AZ',to_timestamp('08-SEP-19 03.38.03.632000000 PM','DD-MON-RR HH.MI.SSXFF AM'),'sell',3030,56630,198.4978893518762,103,'ZERODHA',0);
Insert into TRADES (TRADE_ID,TRADER,TIMESTAMP,BUY_SELL,SECURITY,QUANTITY,DEAL_PRICE,FIRM,BROKER,IS_WASHTRADE) values (100742,'MATIBPRX',to_timestamp('08-SEP-19 08.31.53.023000000 AM','DD-MON-RR HH.MI.SSXFF AM'),'buy',3030,38060,193.77468722873766,101,'UPSTOX',0);
Insert into TRADES (TRADE_ID,TRADER,TIMESTAMP,BUY_SELL,SECURITY,QUANTITY,DEAL_PRICE,FIRM,BROKER,IS_WASHTRADE) values (100743,'REB4G6UJ',to_timestamp('08-SEP-19 03.19.54.400000000 AM','DD-MON-RR HH.MI.SSXFF AM'),'buy',3030,50809,192.75818641852493,101,'ICICI DIRECT',0);
Insert into TRADES (TRADE_ID,TRADER,TIMESTAMP,BUY_SELL,SECURITY,QUANTITY,DEAL_PRICE,FIRM,BROKER,IS_WASHTRADE) values (100744,'DALU9A06',to_timestamp('08-SEP-19 10.28.01.344000000 AM','DD-MON-RR HH.MI.SSXFF AM'),'buy',7890,30139,183.90512007151395,101,'ICICI DIRECT',0);
Insert into TRADES (TRADE_ID,TRADER,TIMESTAMP,BUY_SELL,SECURITY,QUANTITY,DEAL_PRICE,FIRM,BROKER,IS_WASHTRADE) values (100745,'STADC932',to_timestamp('08-SEP-19 05.53.40.831000000 PM','DD-MON-RR HH.MI.SSXFF AM'),'buy',7890,31181,117.92874866214548,102,'FYERS',0);
Insert into TRADES (TRADE_ID,TRADER,TIMESTAMP,BUY_SELL,SECURITY,QUANTITY,DEAL_PRICE,FIRM,BROKER,IS_WASHTRADE) values (100746,'JOA4K3H2',to_timestamp('08-SEP-19 02.49.28.748000000 AM','DD-MON-RR HH.MI.SSXFF AM'),'sell',1204,4766,121.56563664422441,102,'UPSTOX',0);
Insert into TRADES (TRADE_ID,TRADER,TIMESTAMP,BUY_SELL,SECURITY,QUANTITY,DEAL_PRICE,FIRM,BROKER,IS_WASHTRADE) values (100747,'LINFZQ8J',to_timestamp('08-SEP-19 10.10.06.682000000 AM','DD-MON-RR HH.MI.SSXFF AM'),'sell',3030,50005,123.05807587337351,102,'SHAREKHAN',0);
Insert into TRADES (TRADE_ID,TRADER,TIMESTAMP,BUY_SELL,SECURITY,QUANTITY,DEAL_PRICE,FIRM,BROKER,IS_WASHTRADE) values (100748,'DON4EW08',to_timestamp('08-SEP-19 06.21.13.499000000 PM','DD-MON-RR HH.MI.SSXFF AM'),'buy',1204,92212,193.65544144968098,101,'SHAREKHAN',0);
Insert into TRADES (TRADE_ID,TRADER,TIMESTAMP,BUY_SELL,SECURITY,QUANTITY,DEAL_PRICE,FIRM,BROKER,IS_WASHTRADE) values (100749,'MATIBPRX',to_timestamp('08-SEP-19 11.02.20.438000000 AM','DD-MON-RR HH.MI.SSXFF AM'),'sell',7890,88652,189.26216333718116,103,'SHAREKHAN',0);
Insert into TRADES (TRADE_ID,TRADER,TIMESTAMP,BUY_SELL,SECURITY,QUANTITY,DEAL_PRICE,FIRM,BROKER,IS_WASHTRADE) values (100750,'SHI75KZ0',to_timestamp('08-SEP-19 08.41.11.669000000 PM','DD-MON-RR HH.MI.SSXFF AM'),'buy',7890,88960,188.37097301458172,103,'5PAISA',0);
Insert into TRADES (TRADE_ID,TRADER,TIMESTAMP,BUY_SELL,SECURITY,QUANTITY,DEAL_PRICE,FIRM,BROKER,IS_WASHTRADE) values (100751,'DARVGNYM',to_timestamp('08-SEP-19 01.23.27.889000000 AM','DD-MON-RR HH.MI.SSXFF AM'),'sell',7890,47372,183.68959340141384,101,'ICICI DIRECT',0);
Insert into TRADES (TRADE_ID,TRADER,TIMESTAMP,BUY_SELL,SECURITY,QUANTITY,DEAL_PRICE,FIRM,BROKER,IS_WASHTRADE) values (100752,'RAYYHZEG',to_timestamp('08-SEP-19 02.50.32.729000000 PM','DD-MON-RR HH.MI.SSXFF AM'),'buy',3030,42626,193.59948250239174,101,'ANGEL BROKING',0);
Insert into TRADES (TRADE_ID,TRADER,TIMESTAMP,BUY_SELL,SECURITY,QUANTITY,DEAL_PRICE,FIRM,BROKER,IS_WASHTRADE) values (100753,'HEL7FGWO',to_timestamp('08-SEP-19 02.24.24.106000000 PM','DD-MON-RR HH.MI.SSXFF AM'),'buy',7890,57327,115.96891776913242,102,'5PAISA',0);
Insert into TRADES (TRADE_ID,TRADER,TIMESTAMP,BUY_SELL,SECURITY,QUANTITY,DEAL_PRICE,FIRM,BROKER,IS_WASHTRADE) values (100754,'ISAY6RVC',to_timestamp('08-SEP-19 10.40.57.915000000 AM','DD-MON-RR HH.MI.SSXFF AM'),'sell',3030,17217,121.72710301814148,102,'ICICI DIRECT',0);
Insert into TRADES (TRADE_ID,TRADER,TIMESTAMP,BUY_SELL,SECURITY,QUANTITY,DEAL_PRICE,FIRM,BROKER,IS_WASHTRADE) values (100755,'NICHIDBT',to_timestamp('08-SEP-19 03.55.54.767000000 PM','DD-MON-RR HH.MI.SSXFF AM'),'sell',7890,39532,189.36573225514448,103,'5PAISA',0);
Insert into TRADES (TRADE_ID,TRADER,TIMESTAMP,BUY_SELL,SECURITY,QUANTITY,DEAL_PRICE,FIRM,BROKER,IS_WASHTRADE) values (100756,'ROB6I552',to_timestamp('08-SEP-19 11.11.39.062000000 PM','DD-MON-RR HH.MI.SSXFF AM'),'sell',3030,27386,122.0557046347649,102,'FYERS',0);
Insert into TRADES (TRADE_ID,TRADER,TIMESTAMP,BUY_SELL,SECURITY,QUANTITY,DEAL_PRICE,FIRM,BROKER,IS_WASHTRADE) values (100757,'RONCU0ZO',to_timestamp('08-SEP-19 07.27.20.303000000 AM','DD-MON-RR HH.MI.SSXFF AM'),'buy',1204,26121,121.69120727135548,102,'UPSTOX',0);
Insert into TRADES (TRADE_ID,TRADER,TIMESTAMP,BUY_SELL,SECURITY,QUANTITY,DEAL_PRICE,FIRM,BROKER,IS_WASHTRADE) values (100758,'HERSPFIE',to_timestamp('08-SEP-19 07.43.54.309000000 PM','DD-MON-RR HH.MI.SSXFF AM'),'sell',1204,47584,122.51745125078637,102,'ICICI DIRECT',0);
Insert into TRADES (TRADE_ID,TRADER,TIMESTAMP,BUY_SELL,SECURITY,QUANTITY,DEAL_PRICE,FIRM,BROKER,IS_WASHTRADE) values (100759,'PENNNOW3',to_timestamp('08-SEP-19 02.24.02.736000000 AM','DD-MON-RR HH.MI.SSXFF AM'),'buy',1204,96423,198.1378257459412,103,'5PAISA',0);
Insert into TRADES (TRADE_ID,TRADER,TIMESTAMP,BUY_SELL,SECURITY,QUANTITY,DEAL_PRICE,FIRM,BROKER,IS_WASHTRADE) values (100760,'ANNTUIDW',to_timestamp('08-SEP-19 09.36.27.164000000 PM','DD-MON-RR HH.MI.SSXFF AM'),'buy',9811,64207,117.67600732592058,102,'SHAREKHAN',0);
Insert into TRADES (TRADE_ID,TRADER,TIMESTAMP,BUY_SELL,SECURITY,QUANTITY,DEAL_PRICE,FIRM,BROKER,IS_WASHTRADE) values (100761,'LACFSS25',to_timestamp('08-SEP-19 05.04.38.536000000 PM','DD-MON-RR HH.MI.SSXFF AM'),'buy',1204,57283,194.7573303572503,101,'ICICI DIRECT',0);
Insert into TRADES (TRADE_ID,TRADER,TIMESTAMP,BUY_SELL,SECURITY,QUANTITY,DEAL_PRICE,FIRM,BROKER,IS_WASHTRADE) values (100762,'DEN6RW88',to_timestamp('08-SEP-19 08.14.45.910000000 AM','DD-MON-RR HH.MI.SSXFF AM'),'sell',7890,99911,115.62828059422648,102,'ICICI DIRECT',0);
Insert into TRADES (TRADE_ID,TRADER,TIMESTAMP,BUY_SELL,SECURITY,QUANTITY,DEAL_PRICE,FIRM,BROKER,IS_WASHTRADE) values (100763,'CHE110KQ',to_timestamp('08-SEP-19 02.19.05.837000000 PM','DD-MON-RR HH.MI.SSXFF AM'),'buy',7890,78024,184.00102523753714,101,'ZERODHA',0);
Insert into TRADES (TRADE_ID,TRADER,TIMESTAMP,BUY_SELL,SECURITY,QUANTITY,DEAL_PRICE,FIRM,BROKER,IS_WASHTRADE) values (100764,'REB4G6UJ',to_timestamp('08-SEP-19 08.30.30.948000000 AM','DD-MON-RR HH.MI.SSXFF AM'),'sell',9811,29067,194.87470696679446,103,'ICICI DIRECT',0);
Insert into TRADES (TRADE_ID,TRADER,TIMESTAMP,BUY_SELL,SECURITY,QUANTITY,DEAL_PRICE,FIRM,BROKER,IS_WASHTRADE) values (100765,'ANNTUIDW',to_timestamp('08-SEP-19 12.23.55.319000000 AM','DD-MON-RR HH.MI.SSXFF AM'),'buy',1204,68463,198.15340980450964,103,'5PAISA',0);
Insert into TRADES (TRADE_ID,TRADER,TIMESTAMP,BUY_SELL,SECURITY,QUANTITY,DEAL_PRICE,FIRM,BROKER,IS_WASHTRADE) values (100766,'LINFZQ8J',to_timestamp('08-SEP-19 01.02.57.496000000 PM','DD-MON-RR HH.MI.SSXFF AM'),'buy',1204,63672,199.22436187796666,103,'ANGEL BROKING',0);
Insert into TRADES (TRADE_ID,TRADER,TIMESTAMP,BUY_SELL,SECURITY,QUANTITY,DEAL_PRICE,FIRM,BROKER,IS_WASHTRADE) values (100767,'LINN4YBL',to_timestamp('08-SEP-19 12.36.55.191000000 PM','DD-MON-RR HH.MI.SSXFF AM'),'buy',3030,36215,195.82319871853068,101,'ANGEL BROKING',0);
Insert into TRADES (TRADE_ID,TRADER,TIMESTAMP,BUY_SELL,SECURITY,QUANTITY,DEAL_PRICE,FIRM,BROKER,IS_WASHTRADE) values (100768,'JOEBRA22',to_timestamp('08-SEP-19 12.25.09.731000000 AM','DD-MON-RR HH.MI.SSXFF AM'),'sell',1204,9850,194.12234767190628,101,'SHAREKHAN',0);
Insert into TRADES (TRADE_ID,TRADER,TIMESTAMP,BUY_SELL,SECURITY,QUANTITY,DEAL_PRICE,FIRM,BROKER,IS_WASHTRADE) values (100769,'DIAU5Z18',to_timestamp('08-SEP-19 12.30.36.555000000 AM','DD-MON-RR HH.MI.SSXFF AM'),'sell',9811,56468,193.71973102600572,103,'5PAISA',0);
Insert into TRADES (TRADE_ID,TRADER,TIMESTAMP,BUY_SELL,SECURITY,QUANTITY,DEAL_PRICE,FIRM,BROKER,IS_WASHTRADE) values (100770,'JOH7UULZ',to_timestamp('08-SEP-19 04.09.49.045000000 AM','DD-MON-RR HH.MI.SSXFF AM'),'sell',7890,9472,184.30499018150527,101,'ANGEL BROKING',0);
Insert into TRADES (TRADE_ID,TRADER,TIMESTAMP,BUY_SELL,SECURITY,QUANTITY,DEAL_PRICE,FIRM,BROKER,IS_WASHTRADE) values (100771,'MIT661AZ',to_timestamp('08-SEP-19 01.11.40.368000000 AM','DD-MON-RR HH.MI.SSXFF AM'),'sell',1204,73868,198.63907961412698,103,'FYERS',0);
Insert into TRADES (TRADE_ID,TRADER,TIMESTAMP,BUY_SELL,SECURITY,QUANTITY,DEAL_PRICE,FIRM,BROKER,IS_WASHTRADE) values (100772,'CHR8CBOJ',to_timestamp('08-SEP-19 11.49.23.286000000 PM','DD-MON-RR HH.MI.SSXFF AM'),'buy',1204,71396,193.12181631060903,101,'5PAISA',0);
Insert into TRADES (TRADE_ID,TRADER,TIMESTAMP,BUY_SELL,SECURITY,QUANTITY,DEAL_PRICE,FIRM,BROKER,IS_WASHTRADE) values (100773,'JOA4K3H2',to_timestamp('08-SEP-19 11.57.35.358000000 PM','DD-MON-RR HH.MI.SSXFF AM'),'sell',7890,76932,117.45735442140266,102,'ICICI DIRECT',0);
Insert into TRADES (TRADE_ID,TRADER,TIMESTAMP,BUY_SELL,SECURITY,QUANTITY,DEAL_PRICE,FIRM,BROKER,IS_WASHTRADE) values (100774,'NICG7WUU',to_timestamp('08-SEP-19 02.23.54.819000000 PM','DD-MON-RR HH.MI.SSXFF AM'),'sell',7890,7755,191.11285708252905,103,'5PAISA',0);
Insert into TRADES (TRADE_ID,TRADER,TIMESTAMP,BUY_SELL,SECURITY,QUANTITY,DEAL_PRICE,FIRM,BROKER,IS_WASHTRADE) values (100775,'ISAY6RVC',to_timestamp('08-SEP-19 01.07.22.359000000 AM','DD-MON-RR HH.MI.SSXFF AM'),'buy',7890,2086,186.67649875602734,101,'SHAREKHAN',0);
Insert into TRADES (TRADE_ID,TRADER,TIMESTAMP,BUY_SELL,SECURITY,QUANTITY,DEAL_PRICE,FIRM,BROKER,IS_WASHTRADE) values (100776,'DEN6RW88',to_timestamp('08-SEP-19 06.39.22.436000000 PM','DD-MON-RR HH.MI.SSXFF AM'),'buy',9811,34863,119.2392928541891,102,'ANGEL BROKING',0);
Insert into TRADES (TRADE_ID,TRADER,TIMESTAMP,BUY_SELL,SECURITY,QUANTITY,DEAL_PRICE,FIRM,BROKER,IS_WASHTRADE) values (100777,'EVE8BC2Y',to_timestamp('08-SEP-19 10.59.58.755000000 AM','DD-MON-RR HH.MI.SSXFF AM'),'buy',3030,83211,194.37726911270346,101,'ZERODHA',0);
Insert into TRADES (TRADE_ID,TRADER,TIMESTAMP,BUY_SELL,SECURITY,QUANTITY,DEAL_PRICE,FIRM,BROKER,IS_WASHTRADE) values (100778,'RITI6EN1',to_timestamp('08-SEP-19 02.15.24.845000000 PM','DD-MON-RR HH.MI.SSXFF AM'),'sell',9811,44484,192.5432688217486,103,'ZERODHA',0);
Insert into TRADES (TRADE_ID,TRADER,TIMESTAMP,BUY_SELL,SECURITY,QUANTITY,DEAL_PRICE,FIRM,BROKER,IS_WASHTRADE) values (100779,'DIAU5Z18',to_timestamp('08-SEP-19 03.32.51.257000000 PM','DD-MON-RR HH.MI.SSXFF AM'),'sell',1204,25021,123.01779099358691,102,'ZERODHA',0);
Insert into TRADES (TRADE_ID,TRADER,TIMESTAMP,BUY_SELL,SECURITY,QUANTITY,DEAL_PRICE,FIRM,BROKER,IS_WASHTRADE) values (100780,'DON4EW08',to_timestamp('08-SEP-19 04.01.01.334000000 AM','DD-MON-RR HH.MI.SSXFF AM'),'buy',7890,61791,189.13750719175383,103,'ANGEL BROKING',0);
Insert into TRADES (TRADE_ID,TRADER,TIMESTAMP,BUY_SELL,SECURITY,QUANTITY,DEAL_PRICE,FIRM,BROKER,IS_WASHTRADE) values (100781,'VIC3DJK9',to_timestamp('08-SEP-19 10.28.11.066000000 PM','DD-MON-RR HH.MI.SSXFF AM'),'sell',3030,59798,199.86850806103268,103,'UPSTOX',0);
Insert into TRADES (TRADE_ID,TRADER,TIMESTAMP,BUY_SELL,SECURITY,QUANTITY,DEAL_PRICE,FIRM,BROKER,IS_WASHTRADE) values (100782,'BRIB1YL5',to_timestamp('08-SEP-19 11.00.37.126000000 PM','DD-MON-RR HH.MI.SSXFF AM'),'sell',1204,28628,199.15705524808268,103,'ICICI DIRECT',0);
Insert into TRADES (TRADE_ID,TRADER,TIMESTAMP,BUY_SELL,SECURITY,QUANTITY,DEAL_PRICE,FIRM,BROKER,IS_WASHTRADE) values (100783,'REBCG146',to_timestamp('08-SEP-19 10.42.06.162000000 AM','DD-MON-RR HH.MI.SSXFF AM'),'sell',3030,90387,198.9697596768091,103,'5PAISA',0);
Insert into TRADES (TRADE_ID,TRADER,TIMESTAMP,BUY_SELL,SECURITY,QUANTITY,DEAL_PRICE,FIRM,BROKER,IS_WASHTRADE) values (100784,'CHAXPYSK',to_timestamp('08-SEP-19 06.23.36.824000000 PM','DD-MON-RR HH.MI.SSXFF AM'),'sell',1204,52987,199.0006039253421,103,'FYERS',0);
Insert into TRADES (TRADE_ID,TRADER,TIMESTAMP,BUY_SELL,SECURITY,QUANTITY,DEAL_PRICE,FIRM,BROKER,IS_WASHTRADE) values (100785,'SUSNRB66',to_timestamp('08-SEP-19 10.51.16.091000000 PM','DD-MON-RR HH.MI.SSXFF AM'),'buy',9811,68152,188.10960300388405,101,'UPSTOX',0);
Insert into TRADES (TRADE_ID,TRADER,TIMESTAMP,BUY_SELL,SECURITY,QUANTITY,DEAL_PRICE,FIRM,BROKER,IS_WASHTRADE) values (100786,'TYLI65TP',to_timestamp('08-SEP-19 09.52.58.181000000 AM','DD-MON-RR HH.MI.SSXFF AM'),'sell',9811,98458,187.40766281973129,101,'5PAISA',0);
Insert into TRADES (TRADE_ID,TRADER,TIMESTAMP,BUY_SELL,SECURITY,QUANTITY,DEAL_PRICE,FIRM,BROKER,IS_WASHTRADE) values (100787,'SUEAMIOQ',to_timestamp('08-SEP-19 10.23.19.131000000 PM','DD-MON-RR HH.MI.SSXFF AM'),'sell',1204,2555,197.70686136521715,103,'ICICI DIRECT',0);
Insert into TRADES (TRADE_ID,TRADER,TIMESTAMP,BUY_SELL,SECURITY,QUANTITY,DEAL_PRICE,FIRM,BROKER,IS_WASHTRADE) values (100788,'DAL1U0FH',to_timestamp('08-SEP-19 09.10.19.720000000 PM','DD-MON-RR HH.MI.SSXFF AM'),'sell',9811,11329,120.06391509791915,102,'SHAREKHAN',0);
Insert into TRADES (TRADE_ID,TRADER,TIMESTAMP,BUY_SELL,SECURITY,QUANTITY,DEAL_PRICE,FIRM,BROKER,IS_WASHTRADE) values (100789,'HAL0GKCL',to_timestamp('08-SEP-19 01.26.34.682000000 PM','DD-MON-RR HH.MI.SSXFF AM'),'buy',9811,80568,190.41920580922735,101,'ZERODHA',0);
Insert into TRADES (TRADE_ID,TRADER,TIMESTAMP,BUY_SELL,SECURITY,QUANTITY,DEAL_PRICE,FIRM,BROKER,IS_WASHTRADE) values (100790,'KRIB342O',to_timestamp('08-SEP-19 03.06.58.942000000 PM','DD-MON-RR HH.MI.SSXFF AM'),'sell',3030,28764,198.13131640921827,103,'ANGEL BROKING',0);
Insert into TRADES (TRADE_ID,TRADER,TIMESTAMP,BUY_SELL,SECURITY,QUANTITY,DEAL_PRICE,FIRM,BROKER,IS_WASHTRADE) values (100791,'MIR1ZXIB',to_timestamp('08-SEP-19 12.06.29.413000000 AM','DD-MON-RR HH.MI.SSXFF AM'),'buy',7890,46165,117.86852492370824,102,'ICICI DIRECT',0);
Insert into TRADES (TRADE_ID,TRADER,TIMESTAMP,BUY_SELL,SECURITY,QUANTITY,DEAL_PRICE,FIRM,BROKER,IS_WASHTRADE) values (100792,'MAR8BQAC',to_timestamp('08-SEP-19 05.24.02.217000000 PM','DD-MON-RR HH.MI.SSXFF AM'),'buy',3030,55695,199.76217061573638,103,'MOTILAL OSWAL',0);
Insert into TRADES (TRADE_ID,TRADER,TIMESTAMP,BUY_SELL,SECURITY,QUANTITY,DEAL_PRICE,FIRM,BROKER,IS_WASHTRADE) values (100793,'SAR0JSNX',to_timestamp('08-SEP-19 10.40.28.621000000 AM','DD-MON-RR HH.MI.SSXFF AM'),'sell',9811,96155,187.7932834047764,101,'ANGEL BROKING',0);
Insert into TRADES (TRADE_ID,TRADER,TIMESTAMP,BUY_SELL,SECURITY,QUANTITY,DEAL_PRICE,FIRM,BROKER,IS_WASHTRADE) values (100794,'ALLHJ5TM',to_timestamp('08-SEP-19 09.16.42.378000000 AM','DD-MON-RR HH.MI.SSXFF AM'),'sell',3030,40992,198.3306175346626,103,'5PAISA',0);
Insert into TRADES (TRADE_ID,TRADER,TIMESTAMP,BUY_SELL,SECURITY,QUANTITY,DEAL_PRICE,FIRM,BROKER,IS_WASHTRADE) values (100795,'TIMWVSKU',to_timestamp('08-SEP-19 10.30.38.589000000 AM','DD-MON-RR HH.MI.SSXFF AM'),'buy',7890,48410,115.77293973401606,102,'ZERODHA',0);
Insert into TRADES (TRADE_ID,TRADER,TIMESTAMP,BUY_SELL,SECURITY,QUANTITY,DEAL_PRICE,FIRM,BROKER,IS_WASHTRADE) values (100796,'SARDQDXB',to_timestamp('08-SEP-19 11.44.25.004000000 PM','DD-MON-RR HH.MI.SSXFF AM'),'sell',1204,75680,122.79099486527178,102,'ICICI DIRECT',0);
Insert into TRADES (TRADE_ID,TRADER,TIMESTAMP,BUY_SELL,SECURITY,QUANTITY,DEAL_PRICE,FIRM,BROKER,IS_WASHTRADE) values (100797,'LOGQ4YTK',to_timestamp('08-SEP-19 08.38.56.072000000 AM','DD-MON-RR HH.MI.SSXFF AM'),'buy',7890,88722,117.92247925371409,102,'MOTILAL OSWAL',0);
Insert into TRADES (TRADE_ID,TRADER,TIMESTAMP,BUY_SELL,SECURITY,QUANTITY,DEAL_PRICE,FIRM,BROKER,IS_WASHTRADE) values (100798,'KAYYTQEK',to_timestamp('08-SEP-19 06.30.28.625000000 AM','DD-MON-RR HH.MI.SSXFF AM'),'sell',3030,6219,123.35648771859937,102,'FYERS',0);
Insert into TRADES (TRADE_ID,TRADER,TIMESTAMP,BUY_SELL,SECURITY,QUANTITY,DEAL_PRICE,FIRM,BROKER,IS_WASHTRADE) values (100799,'DREVKO1B',to_timestamp('08-SEP-19 02.08.21.570000000 AM','DD-MON-RR HH.MI.SSXFF AM'),'buy',3030,83507,192.91939705061574,101,'ANGEL BROKING',0);
Insert into TRADES (TRADE_ID,TRADER,TIMESTAMP,BUY_SELL,SECURITY,QUANTITY,DEAL_PRICE,FIRM,BROKER,IS_WASHTRADE) values (100800,'SUM39QPW',to_timestamp('08-SEP-19 02.15.07.003000000 AM','DD-MON-RR HH.MI.SSXFF AM'),'sell',9811,37388,188.7034438923954,101,'ICICI DIRECT',0);
Insert into TRADES (TRADE_ID,TRADER,TIMESTAMP,BUY_SELL,SECURITY,QUANTITY,DEAL_PRICE,FIRM,BROKER,IS_WASHTRADE) values (100101,'MARIPLHR',to_timestamp('08-SEP-19 08.24.32.624000000 PM','DD-MON-RR HH.MI.SSXFF AM'),'sell',1204,92574,195.64992837814216,101,'MOTILAL OSWAL',0);
Insert into TRADES (TRADE_ID,TRADER,TIMESTAMP,BUY_SELL,SECURITY,QUANTITY,DEAL_PRICE,FIRM,BROKER,IS_WASHTRADE) values (100102,'SHI75KZ0',to_timestamp('08-SEP-19 03.02.05.689000000 AM','DD-MON-RR HH.MI.SSXFF AM'),'sell',1204,557,195.61024189335785,101,'FYERS',0);
Insert into TRADES (TRADE_ID,TRADER,TIMESTAMP,BUY_SELL,SECURITY,QUANTITY,DEAL_PRICE,FIRM,BROKER,IS_WASHTRADE) values (100103,'JUSB8YDF',to_timestamp('08-SEP-19 10.42.54.458000000 AM','DD-MON-RR HH.MI.SSXFF AM'),'buy',7890,35448,117.07152277348413,102,'MOTILAL OSWAL',0);
Insert into TRADES (TRADE_ID,TRADER,TIMESTAMP,BUY_SELL,SECURITY,QUANTITY,DEAL_PRICE,FIRM,BROKER,IS_WASHTRADE) values (100104,'CHR8CBOJ',to_timestamp('08-SEP-19 02.28.55.591000000 PM','DD-MON-RR HH.MI.SSXFF AM'),'sell',1204,45628,199.07175513327624,103,'MOTILAL OSWAL',0);
Insert into TRADES (TRADE_ID,TRADER,TIMESTAMP,BUY_SELL,SECURITY,QUANTITY,DEAL_PRICE,FIRM,BROKER,IS_WASHTRADE) values (100105,'SEAK7405',to_timestamp('08-SEP-19 11.09.34.056000000 PM','DD-MON-RR HH.MI.SSXFF AM'),'sell',9811,21116,194.50844130544525,103,'SHAREKHAN',0);
Insert into TRADES (TRADE_ID,TRADER,TIMESTAMP,BUY_SELL,SECURITY,QUANTITY,DEAL_PRICE,FIRM,BROKER,IS_WASHTRADE) values (100106,'RACB6TS3',to_timestamp('08-SEP-19 09.01.58.227000000 AM','DD-MON-RR HH.MI.SSXFF AM'),'sell',3030,90582,197.7907033641994,103,'ANGEL BROKING',0);
Insert into TRADES (TRADE_ID,TRADER,TIMESTAMP,BUY_SELL,SECURITY,QUANTITY,DEAL_PRICE,FIRM,BROKER,IS_WASHTRADE) values (100107,'KAT2G7RQ',to_timestamp('08-SEP-19 05.50.19.182000000 AM','DD-MON-RR HH.MI.SSXFF AM'),'buy',7890,39637,116.92269471462585,102,'ICICI DIRECT',0);
Insert into TRADES (TRADE_ID,TRADER,TIMESTAMP,BUY_SELL,SECURITY,QUANTITY,DEAL_PRICE,FIRM,BROKER,IS_WASHTRADE) values (100108,'RENK17GN',to_timestamp('08-SEP-19 10.54.16.115000000 PM','DD-MON-RR HH.MI.SSXFF AM'),'sell',3030,64345,193.08136873473165,101,'5PAISA',0);
Insert into TRADES (TRADE_ID,TRADER,TIMESTAMP,BUY_SELL,SECURITY,QUANTITY,DEAL_PRICE,FIRM,BROKER,IS_WASHTRADE) values (100109,'CHAXPYSK',to_timestamp('08-SEP-19 04.06.08.629000000 PM','DD-MON-RR HH.MI.SSXFF AM'),'buy',1204,55147,121.7857523605255,102,'ANGEL BROKING',0);
Insert into TRADES (TRADE_ID,TRADER,TIMESTAMP,BUY_SELL,SECURITY,QUANTITY,DEAL_PRICE,FIRM,BROKER,IS_WASHTRADE) values (100110,'TYL8J2LI',to_timestamp('08-SEP-19 07.42.06.697000000 AM','DD-MON-RR HH.MI.SSXFF AM'),'buy',3030,58247,193.06548328367177,101,'5PAISA',0);
Insert into TRADES (TRADE_ID,TRADER,TIMESTAMP,BUY_SELL,SECURITY,QUANTITY,DEAL_PRICE,FIRM,BROKER,IS_WASHTRADE) values (100111,'ALB6U2ZV',to_timestamp('08-SEP-19 11.04.45.969000000 AM','DD-MON-RR HH.MI.SSXFF AM'),'buy',7890,43658,115.5348586071474,102,'ICICI DIRECT',0);
Insert into TRADES (TRADE_ID,TRADER,TIMESTAMP,BUY_SELL,SECURITY,QUANTITY,DEAL_PRICE,FIRM,BROKER,IS_WASHTRADE) values (100112,'LAWOH3PS',to_timestamp('08-SEP-19 07.42.59.635000000 PM','DD-MON-RR HH.MI.SSXFF AM'),'buy',3030,32436,193.07049286760918,101,'FYERS',0);
Insert into TRADES (TRADE_ID,TRADER,TIMESTAMP,BUY_SELL,SECURITY,QUANTITY,DEAL_PRICE,FIRM,BROKER,IS_WASHTRADE) values (100113,'REB4G6UJ',to_timestamp('08-SEP-19 08.10.51.977000000 AM','DD-MON-RR HH.MI.SSXFF AM'),'buy',3030,58777,193.15780187599998,101,'SHAREKHAN',0);
Insert into TRADES (TRADE_ID,TRADER,TIMESTAMP,BUY_SELL,SECURITY,QUANTITY,DEAL_PRICE,FIRM,BROKER,IS_WASHTRADE) values (100114,'CHR8CBOJ',to_timestamp('08-SEP-19 01.15.46.345000000 AM','DD-MON-RR HH.MI.SSXFF AM'),'buy',9811,44348,187.35489372282464,101,'MOTILAL OSWAL',0);
Insert into TRADES (TRADE_ID,TRADER,TIMESTAMP,BUY_SELL,SECURITY,QUANTITY,DEAL_PRICE,FIRM,BROKER,IS_WASHTRADE) values (100115,'CODOG0KJ',to_timestamp('08-SEP-19 03.45.48.662000000 AM','DD-MON-RR HH.MI.SSXFF AM'),'buy',1204,86333,121.99933032839296,102,'ICICI DIRECT',0);
Insert into TRADES (TRADE_ID,TRADER,TIMESTAMP,BUY_SELL,SECURITY,QUANTITY,DEAL_PRICE,FIRM,BROKER,IS_WASHTRADE) values (100116,'ETHSI05R',to_timestamp('08-SEP-19 09.24.21.785000000 PM','DD-MON-RR HH.MI.SSXFF AM'),'buy',3030,60646,199.64069965065485,103,'ICICI DIRECT',0);
Insert into TRADES (TRADE_ID,TRADER,TIMESTAMP,BUY_SELL,SECURITY,QUANTITY,DEAL_PRICE,FIRM,BROKER,IS_WASHTRADE) values (100117,'MEL2F69L',to_timestamp('08-SEP-19 12.29.28.916000000 PM','DD-MON-RR HH.MI.SSXFF AM'),'sell',1204,14797,122.38529278841771,102,'5PAISA',0);
Insert into TRADES (TRADE_ID,TRADER,TIMESTAMP,BUY_SELL,SECURITY,QUANTITY,DEAL_PRICE,FIRM,BROKER,IS_WASHTRADE) values (100118,'JEN7R9DV',to_timestamp('08-SEP-19 12.37.18.842000000 PM','DD-MON-RR HH.MI.SSXFF AM'),'buy',3030,99363,195.22632123246962,101,'ANGEL BROKING',0);
Insert into TRADES (TRADE_ID,TRADER,TIMESTAMP,BUY_SELL,SECURITY,QUANTITY,DEAL_PRICE,FIRM,BROKER,IS_WASHTRADE) values (100119,'BARK5S5E',to_timestamp('08-SEP-19 03.49.00.408000000 PM','DD-MON-RR HH.MI.SSXFF AM'),'buy',1204,26087,198.34384141652342,103,'SHAREKHAN',0);
Insert into TRADES (TRADE_ID,TRADER,TIMESTAMP,BUY_SELL,SECURITY,QUANTITY,DEAL_PRICE,FIRM,BROKER,IS_WASHTRADE) values (100120,'CHR8CBOJ',to_timestamp('08-SEP-19 01.20.02.951000000 AM','DD-MON-RR HH.MI.SSXFF AM'),'sell',1204,19560,195.59129444093458,101,'UPSTOX',0);
Insert into TRADES (TRADE_ID,TRADER,TIMESTAMP,BUY_SELL,SECURITY,QUANTITY,DEAL_PRICE,FIRM,BROKER,IS_WASHTRADE) values (100121,'JANLI2VQ',to_timestamp('08-SEP-19 03.08.24.499000000 PM','DD-MON-RR HH.MI.SSXFF AM'),'sell',9811,18481,187.28750535484792,101,'FYERS',0);
Insert into TRADES (TRADE_ID,TRADER,TIMESTAMP,BUY_SELL,SECURITY,QUANTITY,DEAL_PRICE,FIRM,BROKER,IS_WASHTRADE) values (100122,'PATJROMB',to_timestamp('08-SEP-19 06.07.07.930000000 AM','DD-MON-RR HH.MI.SSXFF AM'),'sell',3030,88182,195.3275992982378,101,'ICICI DIRECT',0);
Insert into TRADES (TRADE_ID,TRADER,TIMESTAMP,BUY_SELL,SECURITY,QUANTITY,DEAL_PRICE,FIRM,BROKER,IS_WASHTRADE) values (100123,'KAT2G7RQ',to_timestamp('08-SEP-19 01.48.15.486000000 PM','DD-MON-RR HH.MI.SSXFF AM'),'buy',1204,81718,123.36430071829015,102,'SHAREKHAN',0);
Insert into TRADES (TRADE_ID,TRADER,TIMESTAMP,BUY_SELL,SECURITY,QUANTITY,DEAL_PRICE,FIRM,BROKER,IS_WASHTRADE) values (100124,'TERCINT0',to_timestamp('08-SEP-19 11.13.43.115000000 AM','DD-MON-RR HH.MI.SSXFF AM'),'buy',3030,72352,197.65115223152375,103,'ZERODHA',0);
Insert into TRADES (TRADE_ID,TRADER,TIMESTAMP,BUY_SELL,SECURITY,QUANTITY,DEAL_PRICE,FIRM,BROKER,IS_WASHTRADE) values (100125,'MAR8BQAC',to_timestamp('08-SEP-19 10.36.46.386000000 PM','DD-MON-RR HH.MI.SSXFF AM'),'sell',9811,96705,189.88442731695372,101,'5PAISA',0);
Insert into TRADES (TRADE_ID,TRADER,TIMESTAMP,BUY_SELL,SECURITY,QUANTITY,DEAL_PRICE,FIRM,BROKER,IS_WASHTRADE) values (100126,'BON7USKP',to_timestamp('08-SEP-19 05.56.05.814000000 PM','DD-MON-RR HH.MI.SSXFF AM'),'buy',7890,1613,117.94001264511394,102,'ICICI DIRECT',0);
Insert into TRADES (TRADE_ID,TRADER,TIMESTAMP,BUY_SELL,SECURITY,QUANTITY,DEAL_PRICE,FIRM,BROKER,IS_WASHTRADE) values (100127,'ALII5JS8',to_timestamp('08-SEP-19 02.57.19.358000000 PM','DD-MON-RR HH.MI.SSXFF AM'),'sell',9811,2694,192.60024703407666,103,'MOTILAL OSWAL',0);
Insert into TRADES (TRADE_ID,TRADER,TIMESTAMP,BUY_SELL,SECURITY,QUANTITY,DEAL_PRICE,FIRM,BROKER,IS_WASHTRADE) values (100128,'ERIYFMJM',to_timestamp('08-SEP-19 08.21.01.439000000 PM','DD-MON-RR HH.MI.SSXFF AM'),'buy',9811,57070,193.9317067794134,103,'MOTILAL OSWAL',0);
Insert into TRADES (TRADE_ID,TRADER,TIMESTAMP,BUY_SELL,SECURITY,QUANTITY,DEAL_PRICE,FIRM,BROKER,IS_WASHTRADE) values (100129,'LACFSS25',to_timestamp('08-SEP-19 01.08.25.944000000 PM','DD-MON-RR HH.MI.SSXFF AM'),'buy',3030,26605,123.7022711648735,102,'5PAISA',0);
Insert into TRADES (TRADE_ID,TRADER,TIMESTAMP,BUY_SELL,SECURITY,QUANTITY,DEAL_PRICE,FIRM,BROKER,IS_WASHTRADE) values (100130,'CAR77HKO',to_timestamp('08-SEP-19 09.35.05.688000000 PM','DD-MON-RR HH.MI.SSXFF AM'),'buy',3030,20821,123.67401018281764,102,'ZERODHA',0);
Insert into TRADES (TRADE_ID,TRADER,TIMESTAMP,BUY_SELL,SECURITY,QUANTITY,DEAL_PRICE,FIRM,BROKER,IS_WASHTRADE) values (100131,'ROYK4MJL',to_timestamp('08-SEP-19 08.49.59.130000000 PM','DD-MON-RR HH.MI.SSXFF AM'),'sell',9811,20523,192.4944477627217,103,'UPSTOX',0);
Insert into TRADES (TRADE_ID,TRADER,TIMESTAMP,BUY_SELL,SECURITY,QUANTITY,DEAL_PRICE,FIRM,BROKER,IS_WASHTRADE) values (100132,'RONXONLA',to_timestamp('08-SEP-19 05.23.48.268000000 PM','DD-MON-RR HH.MI.SSXFF AM'),'sell',7890,75412,188.57300428311333,103,'UPSTOX',0);
Insert into TRADES (TRADE_ID,TRADER,TIMESTAMP,BUY_SELL,SECURITY,QUANTITY,DEAL_PRICE,FIRM,BROKER,IS_WASHTRADE) values (100133,'ANNTUIDW',to_timestamp('08-SEP-19 01.34.49.990000000 AM','DD-MON-RR HH.MI.SSXFF AM'),'sell',3030,68520,121.68591746034701,102,'SHAREKHAN',0);
Insert into TRADES (TRADE_ID,TRADER,TIMESTAMP,BUY_SELL,SECURITY,QUANTITY,DEAL_PRICE,FIRM,BROKER,IS_WASHTRADE) values (100134,'ALLHJ5TM',to_timestamp('08-SEP-19 04.22.55.258000000 AM','DD-MON-RR HH.MI.SSXFF AM'),'buy',1204,31401,123.10820671904344,102,'ANGEL BROKING',0);
Insert into TRADES (TRADE_ID,TRADER,TIMESTAMP,BUY_SELL,SECURITY,QUANTITY,DEAL_PRICE,FIRM,BROKER,IS_WASHTRADE) values (100135,'RIT8K7LO',to_timestamp('08-SEP-19 04.42.20.926000000 PM','DD-MON-RR HH.MI.SSXFF AM'),'buy',3030,39688,195.0383622776005,101,'SHAREKHAN',0);
Insert into TRADES (TRADE_ID,TRADER,TIMESTAMP,BUY_SELL,SECURITY,QUANTITY,DEAL_PRICE,FIRM,BROKER,IS_WASHTRADE) values (100136,'CHAXPYSK',to_timestamp('08-SEP-19 08.02.26.541000000 AM','DD-MON-RR HH.MI.SSXFF AM'),'buy',9811,20655,195.0273969230492,103,'5PAISA',0);
Insert into TRADES (TRADE_ID,TRADER,TIMESTAMP,BUY_SELL,SECURITY,QUANTITY,DEAL_PRICE,FIRM,BROKER,IS_WASHTRADE) values (100137,'RIT8K7LO',to_timestamp('08-SEP-19 02.05.59.377000000 PM','DD-MON-RR HH.MI.SSXFF AM'),'buy',7890,27423,184.81718670135524,101,'ICICI DIRECT',0);
Insert into TRADES (TRADE_ID,TRADER,TIMESTAMP,BUY_SELL,SECURITY,QUANTITY,DEAL_PRICE,FIRM,BROKER,IS_WASHTRADE) values (100138,'MAREZ57F',to_timestamp('08-SEP-19 01.58.25.463000000 AM','DD-MON-RR HH.MI.SSXFF AM'),'sell',1204,30495,123.7520059386182,102,'MOTILAL OSWAL',0);
Insert into TRADES (TRADE_ID,TRADER,TIMESTAMP,BUY_SELL,SECURITY,QUANTITY,DEAL_PRICE,FIRM,BROKER,IS_WASHTRADE) values (100139,'JEN7R9DV',to_timestamp('08-SEP-19 09.49.35.150000000 PM','DD-MON-RR HH.MI.SSXFF AM'),'sell',1204,65887,192.83075949606922,101,'SHAREKHAN',0);
Insert into TRADES (TRADE_ID,TRADER,TIMESTAMP,BUY_SELL,SECURITY,QUANTITY,DEAL_PRICE,FIRM,BROKER,IS_WASHTRADE) values (100140,'BRIB1YL5',to_timestamp('08-SEP-19 09.35.28.999000000 AM','DD-MON-RR HH.MI.SSXFF AM'),'buy',3030,95631,195.71670742410953,101,'UPSTOX',0);
Insert into TRADES (TRADE_ID,TRADER,TIMESTAMP,BUY_SELL,SECURITY,QUANTITY,DEAL_PRICE,FIRM,BROKER,IS_WASHTRADE) values (100141,'MIT661AZ',to_timestamp('08-SEP-19 10.28.15.022000000 PM','DD-MON-RR HH.MI.SSXFF AM'),'sell',3030,56630,200.84348500584437,103,'ZERODHA',0);
Insert into TRADES (TRADE_ID,TRADER,TIMESTAMP,BUY_SELL,SECURITY,QUANTITY,DEAL_PRICE,FIRM,BROKER,IS_WASHTRADE) values (100142,'MATIBPRX',to_timestamp('08-SEP-19 10.00.27.922000000 PM','DD-MON-RR HH.MI.SSXFF AM'),'buy',3030,38060,193.25273654095875,101,'UPSTOX',0);
Insert into TRADES (TRADE_ID,TRADER,TIMESTAMP,BUY_SELL,SECURITY,QUANTITY,DEAL_PRICE,FIRM,BROKER,IS_WASHTRADE) values (100143,'REB4G6UJ',to_timestamp('08-SEP-19 03.43.24.867000000 PM','DD-MON-RR HH.MI.SSXFF AM'),'buy',3030,50809,194.38663051565192,101,'ICICI DIRECT',0);
Insert into TRADES (TRADE_ID,TRADER,TIMESTAMP,BUY_SELL,SECURITY,QUANTITY,DEAL_PRICE,FIRM,BROKER,IS_WASHTRADE) values (100144,'DALU9A06',to_timestamp('08-SEP-19 01.35.46.956000000 AM','DD-MON-RR HH.MI.SSXFF AM'),'buy',7890,30139,185.88756147599517,101,'ICICI DIRECT',0);
Insert into TRADES (TRADE_ID,TRADER,TIMESTAMP,BUY_SELL,SECURITY,QUANTITY,DEAL_PRICE,FIRM,BROKER,IS_WASHTRADE) values (100145,'STADC932',to_timestamp('08-SEP-19 04.03.56.398000000 PM','DD-MON-RR HH.MI.SSXFF AM'),'buy',7890,31181,116.8744429001087,102,'FYERS',0);
Insert into TRADES (TRADE_ID,TRADER,TIMESTAMP,BUY_SELL,SECURITY,QUANTITY,DEAL_PRICE,FIRM,BROKER,IS_WASHTRADE) values (100146,'JOA4K3H2',to_timestamp('08-SEP-19 08.41.54.120000000 PM','DD-MON-RR HH.MI.SSXFF AM'),'sell',1204,4766,123.5023240174189,102,'UPSTOX',0);
Insert into TRADES (TRADE_ID,TRADER,TIMESTAMP,BUY_SELL,SECURITY,QUANTITY,DEAL_PRICE,FIRM,BROKER,IS_WASHTRADE) values (100147,'LINFZQ8J',to_timestamp('08-SEP-19 12.15.27.018000000 PM','DD-MON-RR HH.MI.SSXFF AM'),'sell',3030,50005,121.88665217987963,102,'SHAREKHAN',0);
Insert into TRADES (TRADE_ID,TRADER,TIMESTAMP,BUY_SELL,SECURITY,QUANTITY,DEAL_PRICE,FIRM,BROKER,IS_WASHTRADE) values (100148,'DON4EW08',to_timestamp('08-SEP-19 09.17.35.772000000 PM','DD-MON-RR HH.MI.SSXFF AM'),'buy',1204,92212,193.5639806226774,101,'SHAREKHAN',0);
Insert into TRADES (TRADE_ID,TRADER,TIMESTAMP,BUY_SELL,SECURITY,QUANTITY,DEAL_PRICE,FIRM,BROKER,IS_WASHTRADE) values (100149,'MATIBPRX',to_timestamp('08-SEP-19 08.39.21.794000000 AM','DD-MON-RR HH.MI.SSXFF AM'),'sell',7890,88652,190.01496606233334,103,'SHAREKHAN',0);
Insert into TRADES (TRADE_ID,TRADER,TIMESTAMP,BUY_SELL,SECURITY,QUANTITY,DEAL_PRICE,FIRM,BROKER,IS_WASHTRADE) values (100150,'SHI75KZ0',to_timestamp('08-SEP-19 05.31.28.615000000 PM','DD-MON-RR HH.MI.SSXFF AM'),'buy',7890,88960,190.98954584486566,103,'5PAISA',0);
Insert into TRADES (TRADE_ID,TRADER,TIMESTAMP,BUY_SELL,SECURITY,QUANTITY,DEAL_PRICE,FIRM,BROKER,IS_WASHTRADE) values (100151,'DARVGNYM',to_timestamp('08-SEP-19 10.35.30.487000000 PM','DD-MON-RR HH.MI.SSXFF AM'),'sell',7890,47372,186.75999960814474,101,'ICICI DIRECT',0);
Insert into TRADES (TRADE_ID,TRADER,TIMESTAMP,BUY_SELL,SECURITY,QUANTITY,DEAL_PRICE,FIRM,BROKER,IS_WASHTRADE) values (100152,'RAYYHZEG',to_timestamp('08-SEP-19 07.39.11.537000000 PM','DD-MON-RR HH.MI.SSXFF AM'),'buy',3030,42626,192.71540402934824,101,'ANGEL BROKING',0);
Insert into TRADES (TRADE_ID,TRADER,TIMESTAMP,BUY_SELL,SECURITY,QUANTITY,DEAL_PRICE,FIRM,BROKER,IS_WASHTRADE) values (100153,'HEL7FGWO',to_timestamp('08-SEP-19 02.54.04.107000000 PM','DD-MON-RR HH.MI.SSXFF AM'),'buy',7890,57327,116.29548473224985,102,'5PAISA',0);
Insert into TRADES (TRADE_ID,TRADER,TIMESTAMP,BUY_SELL,SECURITY,QUANTITY,DEAL_PRICE,FIRM,BROKER,IS_WASHTRADE) values (100154,'ISAY6RVC',to_timestamp('08-SEP-19 07.30.07.974000000 PM','DD-MON-RR HH.MI.SSXFF AM'),'sell',3030,17217,122.62734105163219,102,'ICICI DIRECT',0);
Insert into TRADES (TRADE_ID,TRADER,TIMESTAMP,BUY_SELL,SECURITY,QUANTITY,DEAL_PRICE,FIRM,BROKER,IS_WASHTRADE) values (100155,'NICHIDBT',to_timestamp('08-SEP-19 12.22.49.454000000 PM','DD-MON-RR HH.MI.SSXFF AM'),'sell',7890,39532,188.2149631225297,103,'5PAISA',0);
Insert into TRADES (TRADE_ID,TRADER,TIMESTAMP,BUY_SELL,SECURITY,QUANTITY,DEAL_PRICE,FIRM,BROKER,IS_WASHTRADE) values (100156,'ROB6I552',to_timestamp('08-SEP-19 09.20.42.844000000 PM','DD-MON-RR HH.MI.SSXFF AM'),'sell',3030,27386,122.83455916308786,102,'FYERS',0);
Insert into TRADES (TRADE_ID,TRADER,TIMESTAMP,BUY_SELL,SECURITY,QUANTITY,DEAL_PRICE,FIRM,BROKER,IS_WASHTRADE) values (100157,'RONCU0ZO',to_timestamp('08-SEP-19 11.55.40.251000000 PM','DD-MON-RR HH.MI.SSXFF AM'),'buy',1204,26121,121.60809366321858,102,'UPSTOX',0);
Insert into TRADES (TRADE_ID,TRADER,TIMESTAMP,BUY_SELL,SECURITY,QUANTITY,DEAL_PRICE,FIRM,BROKER,IS_WASHTRADE) values (100158,'HERSPFIE',to_timestamp('08-SEP-19 09.25.56.522000000 PM','DD-MON-RR HH.MI.SSXFF AM'),'sell',1204,47584,122.7866204064443,102,'ICICI DIRECT',0);
Insert into TRADES (TRADE_ID,TRADER,TIMESTAMP,BUY_SELL,SECURITY,QUANTITY,DEAL_PRICE,FIRM,BROKER,IS_WASHTRADE) values (100159,'PENNNOW3',to_timestamp('08-SEP-19 05.22.04.814000000 PM','DD-MON-RR HH.MI.SSXFF AM'),'buy',1204,96423,199.20634603466124,103,'5PAISA',0);
Insert into TRADES (TRADE_ID,TRADER,TIMESTAMP,BUY_SELL,SECURITY,QUANTITY,DEAL_PRICE,FIRM,BROKER,IS_WASHTRADE) values (100160,'ANNTUIDW',to_timestamp('08-SEP-19 08.17.10.932000000 AM','DD-MON-RR HH.MI.SSXFF AM'),'buy',9811,64207,118.85336188828342,102,'SHAREKHAN',0);
Insert into TRADES (TRADE_ID,TRADER,TIMESTAMP,BUY_SELL,SECURITY,QUANTITY,DEAL_PRICE,FIRM,BROKER,IS_WASHTRADE) values (100161,'LACFSS25',to_timestamp('08-SEP-19 08.40.56.692000000 AM','DD-MON-RR HH.MI.SSXFF AM'),'buy',1204,57283,194.97437508329807,101,'ICICI DIRECT',0);
Insert into TRADES (TRADE_ID,TRADER,TIMESTAMP,BUY_SELL,SECURITY,QUANTITY,DEAL_PRICE,FIRM,BROKER,IS_WASHTRADE) values (100162,'DEN6RW88',to_timestamp('08-SEP-19 08.14.29.339000000 AM','DD-MON-RR HH.MI.SSXFF AM'),'sell',7890,99911,115.47351140918222,102,'ICICI DIRECT',0);
Insert into TRADES (TRADE_ID,TRADER,TIMESTAMP,BUY_SELL,SECURITY,QUANTITY,DEAL_PRICE,FIRM,BROKER,IS_WASHTRADE) values (100163,'CHE110KQ',to_timestamp('08-SEP-19 11.15.00.822000000 PM','DD-MON-RR HH.MI.SSXFF AM'),'buy',7890,78024,184.46355347429676,101,'ZERODHA',0);
Insert into TRADES (TRADE_ID,TRADER,TIMESTAMP,BUY_SELL,SECURITY,QUANTITY,DEAL_PRICE,FIRM,BROKER,IS_WASHTRADE) values (100164,'REB4G6UJ',to_timestamp('08-SEP-19 07.31.40.813000000 PM','DD-MON-RR HH.MI.SSXFF AM'),'sell',9811,29067,192.68429682448567,103,'ICICI DIRECT',0);
Insert into TRADES (TRADE_ID,TRADER,TIMESTAMP,BUY_SELL,SECURITY,QUANTITY,DEAL_PRICE,FIRM,BROKER,IS_WASHTRADE) values (100165,'ANNTUIDW',to_timestamp('08-SEP-19 03.45.17.933000000 PM','DD-MON-RR HH.MI.SSXFF AM'),'buy',1204,68463,199.21236458552337,103,'5PAISA',0);
Insert into TRADES (TRADE_ID,TRADER,TIMESTAMP,BUY_SELL,SECURITY,QUANTITY,DEAL_PRICE,FIRM,BROKER,IS_WASHTRADE) values (100166,'LINFZQ8J',to_timestamp('08-SEP-19 01.59.12.346000000 AM','DD-MON-RR HH.MI.SSXFF AM'),'buy',1204,63672,198.32952939055838,103,'ANGEL BROKING',0);
Insert into TRADES (TRADE_ID,TRADER,TIMESTAMP,BUY_SELL,SECURITY,QUANTITY,DEAL_PRICE,FIRM,BROKER,IS_WASHTRADE) values (100167,'LINN4YBL',to_timestamp('08-SEP-19 08.02.18.547000000 AM','DD-MON-RR HH.MI.SSXFF AM'),'buy',3030,36215,195.1103324142558,101,'ANGEL BROKING',0);
Insert into TRADES (TRADE_ID,TRADER,TIMESTAMP,BUY_SELL,SECURITY,QUANTITY,DEAL_PRICE,FIRM,BROKER,IS_WASHTRADE) values (100168,'JOEBRA22',to_timestamp('08-SEP-19 06.03.55.414000000 AM','DD-MON-RR HH.MI.SSXFF AM'),'sell',1204,9850,194.85490277880484,101,'SHAREKHAN',0);
Insert into TRADES (TRADE_ID,TRADER,TIMESTAMP,BUY_SELL,SECURITY,QUANTITY,DEAL_PRICE,FIRM,BROKER,IS_WASHTRADE) values (100169,'DIAU5Z18',to_timestamp('08-SEP-19 09.09.09.190000000 PM','DD-MON-RR HH.MI.SSXFF AM'),'sell',9811,56468,193.8048848716718,103,'5PAISA',0);
Insert into TRADES (TRADE_ID,TRADER,TIMESTAMP,BUY_SELL,SECURITY,QUANTITY,DEAL_PRICE,FIRM,BROKER,IS_WASHTRADE) values (100170,'JOH7UULZ',to_timestamp('08-SEP-19 01.18.48.656000000 AM','DD-MON-RR HH.MI.SSXFF AM'),'sell',7890,9472,183.66264752608936,101,'ANGEL BROKING',0);
Insert into TRADES (TRADE_ID,TRADER,TIMESTAMP,BUY_SELL,SECURITY,QUANTITY,DEAL_PRICE,FIRM,BROKER,IS_WASHTRADE) values (100171,'MIT661AZ',to_timestamp('08-SEP-19 12.19.22.000000000 AM','DD-MON-RR HH.MI.SSXFF AM'),'sell',1204,73868,197.66981588129858,103,'FYERS',0);
Insert into TRADES (TRADE_ID,TRADER,TIMESTAMP,BUY_SELL,SECURITY,QUANTITY,DEAL_PRICE,FIRM,BROKER,IS_WASHTRADE) values (100172,'CHR8CBOJ',to_timestamp('08-SEP-19 05.44.34.112000000 AM','DD-MON-RR HH.MI.SSXFF AM'),'buy',1204,71396,195.31686530127044,101,'5PAISA',0);
Insert into TRADES (TRADE_ID,TRADER,TIMESTAMP,BUY_SELL,SECURITY,QUANTITY,DEAL_PRICE,FIRM,BROKER,IS_WASHTRADE) values (100173,'JOA4K3H2',to_timestamp('08-SEP-19 01.01.08.879000000 AM','DD-MON-RR HH.MI.SSXFF AM'),'sell',7890,76932,117.79668316233136,102,'ICICI DIRECT',0);
Insert into TRADES (TRADE_ID,TRADER,TIMESTAMP,BUY_SELL,SECURITY,QUANTITY,DEAL_PRICE,FIRM,BROKER,IS_WASHTRADE) values (100174,'NICG7WUU',to_timestamp('08-SEP-19 07.06.39.792000000 PM','DD-MON-RR HH.MI.SSXFF AM'),'sell',7890,7755,190.4006566243772,103,'5PAISA',0);
Insert into TRADES (TRADE_ID,TRADER,TIMESTAMP,BUY_SELL,SECURITY,QUANTITY,DEAL_PRICE,FIRM,BROKER,IS_WASHTRADE) values (100175,'ISAY6RVC',to_timestamp('08-SEP-19 08.43.27.273000000 PM','DD-MON-RR HH.MI.SSXFF AM'),'buy',7890,2086,186.17734747709775,101,'SHAREKHAN',0);
Insert into TRADES (TRADE_ID,TRADER,TIMESTAMP,BUY_SELL,SECURITY,QUANTITY,DEAL_PRICE,FIRM,BROKER,IS_WASHTRADE) values (100176,'DEN6RW88',to_timestamp('08-SEP-19 10.45.46.424000000 AM','DD-MON-RR HH.MI.SSXFF AM'),'buy',9811,34863,118.65744661055832,102,'ANGEL BROKING',0);
Insert into TRADES (TRADE_ID,TRADER,TIMESTAMP,BUY_SELL,SECURITY,QUANTITY,DEAL_PRICE,FIRM,BROKER,IS_WASHTRADE) values (100177,'EVE8BC2Y',to_timestamp('08-SEP-19 08.34.30.873000000 AM','DD-MON-RR HH.MI.SSXFF AM'),'buy',3030,83211,194.10337211235623,101,'ZERODHA',0);
Insert into TRADES (TRADE_ID,TRADER,TIMESTAMP,BUY_SELL,SECURITY,QUANTITY,DEAL_PRICE,FIRM,BROKER,IS_WASHTRADE) values (100178,'RITI6EN1',to_timestamp('08-SEP-19 02.49.29.693000000 PM','DD-MON-RR HH.MI.SSXFF AM'),'sell',9811,44484,191.9627777170803,103,'ZERODHA',0);
Insert into TRADES (TRADE_ID,TRADER,TIMESTAMP,BUY_SELL,SECURITY,QUANTITY,DEAL_PRICE,FIRM,BROKER,IS_WASHTRADE) values (100179,'DIAU5Z18',to_timestamp('08-SEP-19 10.28.39.322000000 AM','DD-MON-RR HH.MI.SSXFF AM'),'sell',1204,25021,122.02195115285947,102,'ZERODHA',0);
Insert into TRADES (TRADE_ID,TRADER,TIMESTAMP,BUY_SELL,SECURITY,QUANTITY,DEAL_PRICE,FIRM,BROKER,IS_WASHTRADE) values (100180,'DON4EW08',to_timestamp('08-SEP-19 12.23.40.986000000 AM','DD-MON-RR HH.MI.SSXFF AM'),'buy',7890,61791,188.50141396986695,103,'ANGEL BROKING',0);
Insert into TRADES (TRADE_ID,TRADER,TIMESTAMP,BUY_SELL,SECURITY,QUANTITY,DEAL_PRICE,FIRM,BROKER,IS_WASHTRADE) values (100181,'VIC3DJK9',to_timestamp('08-SEP-19 09.34.20.904000000 AM','DD-MON-RR HH.MI.SSXFF AM'),'sell',3030,59798,199.02771332398638,103,'UPSTOX',0);
Insert into TRADES (TRADE_ID,TRADER,TIMESTAMP,BUY_SELL,SECURITY,QUANTITY,DEAL_PRICE,FIRM,BROKER,IS_WASHTRADE) values (100182,'BRIB1YL5',to_timestamp('08-SEP-19 09.20.38.865000000 PM','DD-MON-RR HH.MI.SSXFF AM'),'sell',1204,28628,198.2357406783499,103,'ICICI DIRECT',0);
Insert into TRADES (TRADE_ID,TRADER,TIMESTAMP,BUY_SELL,SECURITY,QUANTITY,DEAL_PRICE,FIRM,BROKER,IS_WASHTRADE) values (100183,'REBCG146',to_timestamp('08-SEP-19 10.28.55.466000000 PM','DD-MON-RR HH.MI.SSXFF AM'),'sell',3030,90387,199.37527278063283,103,'5PAISA',0);
Insert into TRADES (TRADE_ID,TRADER,TIMESTAMP,BUY_SELL,SECURITY,QUANTITY,DEAL_PRICE,FIRM,BROKER,IS_WASHTRADE) values (100184,'CHAXPYSK',to_timestamp('08-SEP-19 08.18.39.339000000 PM','DD-MON-RR HH.MI.SSXFF AM'),'sell',1204,52987,197.99290630825885,103,'FYERS',0);
Insert into TRADES (TRADE_ID,TRADER,TIMESTAMP,BUY_SELL,SECURITY,QUANTITY,DEAL_PRICE,FIRM,BROKER,IS_WASHTRADE) values (100185,'SUSNRB66',to_timestamp('08-SEP-19 12.19.55.809000000 AM','DD-MON-RR HH.MI.SSXFF AM'),'buy',9811,68152,187.53113776012415,101,'UPSTOX',0);
Insert into TRADES (TRADE_ID,TRADER,TIMESTAMP,BUY_SELL,SECURITY,QUANTITY,DEAL_PRICE,FIRM,BROKER,IS_WASHTRADE) values (100186,'TYLI65TP',to_timestamp('08-SEP-19 10.35.35.339000000 PM','DD-MON-RR HH.MI.SSXFF AM'),'sell',9811,98458,187.64881289019834,101,'5PAISA',0);
Insert into TRADES (TRADE_ID,TRADER,TIMESTAMP,BUY_SELL,SECURITY,QUANTITY,DEAL_PRICE,FIRM,BROKER,IS_WASHTRADE) values (100187,'SUEAMIOQ',to_timestamp('08-SEP-19 12.18.29.005000000 AM','DD-MON-RR HH.MI.SSXFF AM'),'sell',1204,2555,197.9924224338742,103,'ICICI DIRECT',0);
Insert into TRADES (TRADE_ID,TRADER,TIMESTAMP,BUY_SELL,SECURITY,QUANTITY,DEAL_PRICE,FIRM,BROKER,IS_WASHTRADE) values (100188,'DAL1U0FH',to_timestamp('08-SEP-19 07.34.13.409000000 PM','DD-MON-RR HH.MI.SSXFF AM'),'sell',9811,11329,119.36369315611776,102,'SHAREKHAN',0);
Insert into TRADES (TRADE_ID,TRADER,TIMESTAMP,BUY_SELL,SECURITY,QUANTITY,DEAL_PRICE,FIRM,BROKER,IS_WASHTRADE) values (100189,'HAL0GKCL',to_timestamp('08-SEP-19 06.57.38.783000000 PM','DD-MON-RR HH.MI.SSXFF AM'),'buy',9811,80568,189.88505506169568,101,'ZERODHA',0);
Insert into TRADES (TRADE_ID,TRADER,TIMESTAMP,BUY_SELL,SECURITY,QUANTITY,DEAL_PRICE,FIRM,BROKER,IS_WASHTRADE) values (100190,'KRIB342O',to_timestamp('08-SEP-19 02.55.08.535000000 AM','DD-MON-RR HH.MI.SSXFF AM'),'sell',3030,28764,198.4719441296648,103,'ANGEL BROKING',0);
Insert into TRADES (TRADE_ID,TRADER,TIMESTAMP,BUY_SELL,SECURITY,QUANTITY,DEAL_PRICE,FIRM,BROKER,IS_WASHTRADE) values (100191,'MIR1ZXIB',to_timestamp('08-SEP-19 11.32.40.746000000 PM','DD-MON-RR HH.MI.SSXFF AM'),'buy',7890,46165,115.3948106970172,102,'ICICI DIRECT',0);
Insert into TRADES (TRADE_ID,TRADER,TIMESTAMP,BUY_SELL,SECURITY,QUANTITY,DEAL_PRICE,FIRM,BROKER,IS_WASHTRADE) values (100192,'MAR8BQAC',to_timestamp('08-SEP-19 06.35.54.933000000 AM','DD-MON-RR HH.MI.SSXFF AM'),'buy',3030,55695,198.7903089883715,103,'MOTILAL OSWAL',0);
Insert into TRADES (TRADE_ID,TRADER,TIMESTAMP,BUY_SELL,SECURITY,QUANTITY,DEAL_PRICE,FIRM,BROKER,IS_WASHTRADE) values (100193,'SAR0JSNX',to_timestamp('08-SEP-19 01.36.28.041000000 PM','DD-MON-RR HH.MI.SSXFF AM'),'sell',9811,96155,189.70951005414548,101,'ANGEL BROKING',0);
Insert into TRADES (TRADE_ID,TRADER,TIMESTAMP,BUY_SELL,SECURITY,QUANTITY,DEAL_PRICE,FIRM,BROKER,IS_WASHTRADE) values (100194,'ALLHJ5TM',to_timestamp('08-SEP-19 03.04.31.493000000 PM','DD-MON-RR HH.MI.SSXFF AM'),'sell',3030,40992,198.73942564679467,103,'5PAISA',0);
Insert into TRADES (TRADE_ID,TRADER,TIMESTAMP,BUY_SELL,SECURITY,QUANTITY,DEAL_PRICE,FIRM,BROKER,IS_WASHTRADE) values (100195,'TIMWVSKU',to_timestamp('08-SEP-19 01.31.20.622000000 AM','DD-MON-RR HH.MI.SSXFF AM'),'buy',7890,48410,115.70094104043355,102,'ZERODHA',0);
Insert into TRADES (TRADE_ID,TRADER,TIMESTAMP,BUY_SELL,SECURITY,QUANTITY,DEAL_PRICE,FIRM,BROKER,IS_WASHTRADE) values (100196,'SARDQDXB',to_timestamp('08-SEP-19 04.36.14.475000000 AM','DD-MON-RR HH.MI.SSXFF AM'),'sell',1204,75680,122.50555898110102,102,'ICICI DIRECT',0);
Insert into TRADES (TRADE_ID,TRADER,TIMESTAMP,BUY_SELL,SECURITY,QUANTITY,DEAL_PRICE,FIRM,BROKER,IS_WASHTRADE) values (100197,'LOGQ4YTK',to_timestamp('08-SEP-19 11.39.20.830000000 PM','DD-MON-RR HH.MI.SSXFF AM'),'buy',7890,88722,115.49537785364552,102,'MOTILAL OSWAL',0);
Insert into TRADES (TRADE_ID,TRADER,TIMESTAMP,BUY_SELL,SECURITY,QUANTITY,DEAL_PRICE,FIRM,BROKER,IS_WASHTRADE) values (100198,'KAYYTQEK',to_timestamp('08-SEP-19 08.03.56.231000000 PM','DD-MON-RR HH.MI.SSXFF AM'),'sell',3030,6219,123.17064425952422,102,'FYERS',0);
Insert into TRADES (TRADE_ID,TRADER,TIMESTAMP,BUY_SELL,SECURITY,QUANTITY,DEAL_PRICE,FIRM,BROKER,IS_WASHTRADE) values (100199,'DREVKO1B',to_timestamp('08-SEP-19 11.50.35.924000000 AM','DD-MON-RR HH.MI.SSXFF AM'),'buy',3030,83507,195.22551680455356,101,'ANGEL BROKING',0);
Insert into TRADES (TRADE_ID,TRADER,TIMESTAMP,BUY_SELL,SECURITY,QUANTITY,DEAL_PRICE,FIRM,BROKER,IS_WASHTRADE) values (100200,'SUM39QPW',to_timestamp('08-SEP-19 06.42.17.057000000 PM','DD-MON-RR HH.MI.SSXFF AM'),'sell',9811,37388,187.74255552380484,101,'ICICI DIRECT',0);
Insert into TRADES (TRADE_ID,TRADER,TIMESTAMP,BUY_SELL,SECURITY,QUANTITY,DEAL_PRICE,FIRM,BROKER,IS_WASHTRADE) values (100201,'MATIBPRX',to_timestamp('08-SEP-19 10.28.10.538000000 PM','DD-MON-RR HH.MI.SSXFF AM'),'sell',9811,54995,195.02498965037685,103,'SHAREKHAN',0);
Insert into TRADES (TRADE_ID,TRADER,TIMESTAMP,BUY_SELL,SECURITY,QUANTITY,DEAL_PRICE,FIRM,BROKER,IS_WASHTRADE) values (100303,'JUSB8YDF',to_timestamp('08-SEP-19 06.57.39.144000000 AM','DD-MON-RR HH.MI.SSXFF AM'),'buy',7890,35448,117.38107707894204,102,'MOTILAL OSWAL',0);
Insert into TRADES (TRADE_ID,TRADER,TIMESTAMP,BUY_SELL,SECURITY,QUANTITY,DEAL_PRICE,FIRM,BROKER,IS_WASHTRADE) values (100304,'CHR8CBOJ',to_timestamp('08-SEP-19 08.28.52.981000000 PM','DD-MON-RR HH.MI.SSXFF AM'),'sell',1204,45628,198.95206123263947,103,'MOTILAL OSWAL',0);
Insert into TRADES (TRADE_ID,TRADER,TIMESTAMP,BUY_SELL,SECURITY,QUANTITY,DEAL_PRICE,FIRM,BROKER,IS_WASHTRADE) values (100305,'SEAK7405',to_timestamp('08-SEP-19 08.24.51.901000000 AM','DD-MON-RR HH.MI.SSXFF AM'),'sell',9811,21116,192.4522300055797,103,'SHAREKHAN',0);
Insert into TRADES (TRADE_ID,TRADER,TIMESTAMP,BUY_SELL,SECURITY,QUANTITY,DEAL_PRICE,FIRM,BROKER,IS_WASHTRADE) values (100306,'RACB6TS3',to_timestamp('08-SEP-19 02.05.01.370000000 PM','DD-MON-RR HH.MI.SSXFF AM'),'sell',3030,90582,197.37084130010652,103,'ANGEL BROKING',0);
Insert into TRADES (TRADE_ID,TRADER,TIMESTAMP,BUY_SELL,SECURITY,QUANTITY,DEAL_PRICE,FIRM,BROKER,IS_WASHTRADE) values (100307,'KAT2G7RQ',to_timestamp('08-SEP-19 05.13.15.286000000 PM','DD-MON-RR HH.MI.SSXFF AM'),'buy',7890,39637,116.81806081166901,102,'ICICI DIRECT',0);
Insert into TRADES (TRADE_ID,TRADER,TIMESTAMP,BUY_SELL,SECURITY,QUANTITY,DEAL_PRICE,FIRM,BROKER,IS_WASHTRADE) values (100308,'RENK17GN',to_timestamp('08-SEP-19 09.21.29.158000000 AM','DD-MON-RR HH.MI.SSXFF AM'),'sell',3030,64345,193.2717805729795,101,'5PAISA',0);
Insert into TRADES (TRADE_ID,TRADER,TIMESTAMP,BUY_SELL,SECURITY,QUANTITY,DEAL_PRICE,FIRM,BROKER,IS_WASHTRADE) values (100309,'CHAXPYSK',to_timestamp('08-SEP-19 04.50.41.408000000 AM','DD-MON-RR HH.MI.SSXFF AM'),'buy',1204,55147,121.68173686036872,102,'ANGEL BROKING',0);
Insert into TRADES (TRADE_ID,TRADER,TIMESTAMP,BUY_SELL,SECURITY,QUANTITY,DEAL_PRICE,FIRM,BROKER,IS_WASHTRADE) values (100310,'TYL8J2LI',to_timestamp('08-SEP-19 07.47.27.134000000 AM','DD-MON-RR HH.MI.SSXFF AM'),'buy',3030,58247,193.86619179320866,101,'5PAISA',0);
Insert into TRADES (TRADE_ID,TRADER,TIMESTAMP,BUY_SELL,SECURITY,QUANTITY,DEAL_PRICE,FIRM,BROKER,IS_WASHTRADE) values (100311,'ALB6U2ZV',to_timestamp('08-SEP-19 07.32.50.657000000 AM','DD-MON-RR HH.MI.SSXFF AM'),'buy',7890,43658,116.8473396130748,102,'ICICI DIRECT',0);
Insert into TRADES (TRADE_ID,TRADER,TIMESTAMP,BUY_SELL,SECURITY,QUANTITY,DEAL_PRICE,FIRM,BROKER,IS_WASHTRADE) values (100312,'LAWOH3PS',to_timestamp('08-SEP-19 12.11.31.555000000 PM','DD-MON-RR HH.MI.SSXFF AM'),'buy',3030,32436,194.422108517722,101,'FYERS',0);
Insert into TRADES (TRADE_ID,TRADER,TIMESTAMP,BUY_SELL,SECURITY,QUANTITY,DEAL_PRICE,FIRM,BROKER,IS_WASHTRADE) values (100313,'REB4G6UJ',to_timestamp('08-SEP-19 05.08.35.259000000 PM','DD-MON-RR HH.MI.SSXFF AM'),'buy',3030,58777,192.89345400931265,101,'SHAREKHAN',0);
Insert into TRADES (TRADE_ID,TRADER,TIMESTAMP,BUY_SELL,SECURITY,QUANTITY,DEAL_PRICE,FIRM,BROKER,IS_WASHTRADE) values (100314,'CHR8CBOJ',to_timestamp('08-SEP-19 02.30.49.088000000 PM','DD-MON-RR HH.MI.SSXFF AM'),'buy',9811,44348,190.07048836670444,101,'MOTILAL OSWAL',0);
Insert into TRADES (TRADE_ID,TRADER,TIMESTAMP,BUY_SELL,SECURITY,QUANTITY,DEAL_PRICE,FIRM,BROKER,IS_WASHTRADE) values (100315,'CODOG0KJ',to_timestamp('08-SEP-19 04.20.16.179000000 PM','DD-MON-RR HH.MI.SSXFF AM'),'buy',1204,86333,122.86414644530011,102,'ICICI DIRECT',0);
Insert into TRADES (TRADE_ID,TRADER,TIMESTAMP,BUY_SELL,SECURITY,QUANTITY,DEAL_PRICE,FIRM,BROKER,IS_WASHTRADE) values (100316,'ETHSI05R',to_timestamp('08-SEP-19 11.35.34.346000000 AM','DD-MON-RR HH.MI.SSXFF AM'),'buy',3030,60646,200.14802501734644,103,'ICICI DIRECT',0);
Insert into TRADES (TRADE_ID,TRADER,TIMESTAMP,BUY_SELL,SECURITY,QUANTITY,DEAL_PRICE,FIRM,BROKER,IS_WASHTRADE) values (100317,'MEL2F69L',to_timestamp('08-SEP-19 08.21.52.362000000 PM','DD-MON-RR HH.MI.SSXFF AM'),'sell',1204,14797,123.31853790771383,102,'5PAISA',0);
Insert into TRADES (TRADE_ID,TRADER,TIMESTAMP,BUY_SELL,SECURITY,QUANTITY,DEAL_PRICE,FIRM,BROKER,IS_WASHTRADE) values (100318,'JEN7R9DV',to_timestamp('08-SEP-19 06.57.45.131000000 AM','DD-MON-RR HH.MI.SSXFF AM'),'buy',3030,99363,196.13594495504955,101,'ANGEL BROKING',0);
Insert into TRADES (TRADE_ID,TRADER,TIMESTAMP,BUY_SELL,SECURITY,QUANTITY,DEAL_PRICE,FIRM,BROKER,IS_WASHTRADE) values (100319,'BARK5S5E',to_timestamp('08-SEP-19 12.50.39.182000000 PM','DD-MON-RR HH.MI.SSXFF AM'),'buy',1204,26087,197.975673498244,103,'SHAREKHAN',0);
Insert into TRADES (TRADE_ID,TRADER,TIMESTAMP,BUY_SELL,SECURITY,QUANTITY,DEAL_PRICE,FIRM,BROKER,IS_WASHTRADE) values (100320,'CHR8CBOJ',to_timestamp('08-SEP-19 03.57.28.684000000 PM','DD-MON-RR HH.MI.SSXFF AM'),'sell',1204,19560,194.48636085886216,101,'UPSTOX',0);
Insert into TRADES (TRADE_ID,TRADER,TIMESTAMP,BUY_SELL,SECURITY,QUANTITY,DEAL_PRICE,FIRM,BROKER,IS_WASHTRADE) values (100321,'JANLI2VQ',to_timestamp('08-SEP-19 01.43.43.740000000 PM','DD-MON-RR HH.MI.SSXFF AM'),'sell',9811,18481,189.5990681459115,101,'FYERS',0);
Insert into TRADES (TRADE_ID,TRADER,TIMESTAMP,BUY_SELL,SECURITY,QUANTITY,DEAL_PRICE,FIRM,BROKER,IS_WASHTRADE) values (100322,'PATJROMB',to_timestamp('08-SEP-19 04.49.01.575000000 PM','DD-MON-RR HH.MI.SSXFF AM'),'sell',3030,88182,195.3293179253023,101,'ICICI DIRECT',0);
Insert into TRADES (TRADE_ID,TRADER,TIMESTAMP,BUY_SELL,SECURITY,QUANTITY,DEAL_PRICE,FIRM,BROKER,IS_WASHTRADE) values (100323,'KAT2G7RQ',to_timestamp('08-SEP-19 09.59.02.475000000 PM','DD-MON-RR HH.MI.SSXFF AM'),'buy',1204,81718,121.86894925030664,102,'SHAREKHAN',0);
Insert into TRADES (TRADE_ID,TRADER,TIMESTAMP,BUY_SELL,SECURITY,QUANTITY,DEAL_PRICE,FIRM,BROKER,IS_WASHTRADE) values (100324,'TERCINT0',to_timestamp('08-SEP-19 08.53.25.835000000 AM','DD-MON-RR HH.MI.SSXFF AM'),'buy',3030,72352,197.79656562384199,103,'ZERODHA',0);
Insert into TRADES (TRADE_ID,TRADER,TIMESTAMP,BUY_SELL,SECURITY,QUANTITY,DEAL_PRICE,FIRM,BROKER,IS_WASHTRADE) values (100325,'MAR8BQAC',to_timestamp('08-SEP-19 06.51.35.986000000 AM','DD-MON-RR HH.MI.SSXFF AM'),'sell',9811,96705,187.95797075459208,101,'5PAISA',0);
Insert into TRADES (TRADE_ID,TRADER,TIMESTAMP,BUY_SELL,SECURITY,QUANTITY,DEAL_PRICE,FIRM,BROKER,IS_WASHTRADE) values (100326,'BON7USKP',to_timestamp('08-SEP-19 08.25.13.893000000 AM','DD-MON-RR HH.MI.SSXFF AM'),'buy',7890,1613,116.17433584584413,102,'ICICI DIRECT',0);
Insert into TRADES (TRADE_ID,TRADER,TIMESTAMP,BUY_SELL,SECURITY,QUANTITY,DEAL_PRICE,FIRM,BROKER,IS_WASHTRADE) values (100327,'ALII5JS8',to_timestamp('08-SEP-19 05.04.51.231000000 AM','DD-MON-RR HH.MI.SSXFF AM'),'sell',9811,2694,192.86033037306186,103,'MOTILAL OSWAL',0);
Insert into TRADES (TRADE_ID,TRADER,TIMESTAMP,BUY_SELL,SECURITY,QUANTITY,DEAL_PRICE,FIRM,BROKER,IS_WASHTRADE) values (100328,'ERIYFMJM',to_timestamp('08-SEP-19 07.56.44.061000000 PM','DD-MON-RR HH.MI.SSXFF AM'),'buy',9811,57070,194.21343488826685,103,'MOTILAL OSWAL',0);
Insert into TRADES (TRADE_ID,TRADER,TIMESTAMP,BUY_SELL,SECURITY,QUANTITY,DEAL_PRICE,FIRM,BROKER,IS_WASHTRADE) values (100329,'LACFSS25',to_timestamp('08-SEP-19 07.19.46.830000000 PM','DD-MON-RR HH.MI.SSXFF AM'),'buy',3030,26605,123.59869910748994,102,'5PAISA',0);
Insert into TRADES (TRADE_ID,TRADER,TIMESTAMP,BUY_SELL,SECURITY,QUANTITY,DEAL_PRICE,FIRM,BROKER,IS_WASHTRADE) values (100330,'CAR77HKO',to_timestamp('08-SEP-19 09.56.56.348000000 PM','DD-MON-RR HH.MI.SSXFF AM'),'buy',3030,20821,121.04169496038972,102,'ZERODHA',0);
Insert into TRADES (TRADE_ID,TRADER,TIMESTAMP,BUY_SELL,SECURITY,QUANTITY,DEAL_PRICE,FIRM,BROKER,IS_WASHTRADE) values (100331,'ROYK4MJL',to_timestamp('08-SEP-19 02.39.47.407000000 AM','DD-MON-RR HH.MI.SSXFF AM'),'sell',9811,20523,194.3829368310418,103,'UPSTOX',0);
Insert into TRADES (TRADE_ID,TRADER,TIMESTAMP,BUY_SELL,SECURITY,QUANTITY,DEAL_PRICE,FIRM,BROKER,IS_WASHTRADE) values (100332,'RONXONLA',to_timestamp('08-SEP-19 10.59.14.397000000 AM','DD-MON-RR HH.MI.SSXFF AM'),'sell',7890,75412,188.67978355430273,103,'UPSTOX',0);
Insert into TRADES (TRADE_ID,TRADER,TIMESTAMP,BUY_SELL,SECURITY,QUANTITY,DEAL_PRICE,FIRM,BROKER,IS_WASHTRADE) values (100333,'ANNTUIDW',to_timestamp('08-SEP-19 10.59.12.198000000 AM','DD-MON-RR HH.MI.SSXFF AM'),'sell',3030,68520,122.63096889192994,102,'SHAREKHAN',0);
Insert into TRADES (TRADE_ID,TRADER,TIMESTAMP,BUY_SELL,SECURITY,QUANTITY,DEAL_PRICE,FIRM,BROKER,IS_WASHTRADE) values (100334,'ALLHJ5TM',to_timestamp('08-SEP-19 02.39.42.852000000 PM','DD-MON-RR HH.MI.SSXFF AM'),'buy',1204,31401,123.65581981548881,102,'ANGEL BROKING',0);
Insert into TRADES (TRADE_ID,TRADER,TIMESTAMP,BUY_SELL,SECURITY,QUANTITY,DEAL_PRICE,FIRM,BROKER,IS_WASHTRADE) values (100335,'RIT8K7LO',to_timestamp('08-SEP-19 10.50.45.680000000 PM','DD-MON-RR HH.MI.SSXFF AM'),'buy',3030,39688,195.99074455307903,101,'SHAREKHAN',0);
Insert into TRADES (TRADE_ID,TRADER,TIMESTAMP,BUY_SELL,SECURITY,QUANTITY,DEAL_PRICE,FIRM,BROKER,IS_WASHTRADE) values (100336,'CHAXPYSK',to_timestamp('08-SEP-19 07.16.29.829000000 AM','DD-MON-RR HH.MI.SSXFF AM'),'buy',9811,20655,192.77081411546078,103,'5PAISA',0);
Insert into TRADES (TRADE_ID,TRADER,TIMESTAMP,BUY_SELL,SECURITY,QUANTITY,DEAL_PRICE,FIRM,BROKER,IS_WASHTRADE) values (100337,'RIT8K7LO',to_timestamp('08-SEP-19 06.19.48.481000000 AM','DD-MON-RR HH.MI.SSXFF AM'),'buy',7890,27423,183.922840349498,101,'ICICI DIRECT',0);
Insert into TRADES (TRADE_ID,TRADER,TIMESTAMP,BUY_SELL,SECURITY,QUANTITY,DEAL_PRICE,FIRM,BROKER,IS_WASHTRADE) values (100338,'MAREZ57F',to_timestamp('08-SEP-19 11.03.00.732000000 AM','DD-MON-RR HH.MI.SSXFF AM'),'sell',1204,30495,123.22938517732213,102,'MOTILAL OSWAL',0);
Insert into TRADES (TRADE_ID,TRADER,TIMESTAMP,BUY_SELL,SECURITY,QUANTITY,DEAL_PRICE,FIRM,BROKER,IS_WASHTRADE) values (100339,'JEN7R9DV',to_timestamp('08-SEP-19 02.58.19.368000000 PM','DD-MON-RR HH.MI.SSXFF AM'),'sell',1204,65887,194.96605489699073,101,'SHAREKHAN',0);
Insert into TRADES (TRADE_ID,TRADER,TIMESTAMP,BUY_SELL,SECURITY,QUANTITY,DEAL_PRICE,FIRM,BROKER,IS_WASHTRADE) values (100340,'BRIB1YL5',to_timestamp('08-SEP-19 05.58.51.742000000 PM','DD-MON-RR HH.MI.SSXFF AM'),'buy',3030,95631,193.46052800358277,101,'UPSTOX',0);
Insert into TRADES (TRADE_ID,TRADER,TIMESTAMP,BUY_SELL,SECURITY,QUANTITY,DEAL_PRICE,FIRM,BROKER,IS_WASHTRADE) values (100341,'MIT661AZ',to_timestamp('08-SEP-19 08.42.18.107000000 AM','DD-MON-RR HH.MI.SSXFF AM'),'sell',3030,56630,198.31405715581474,103,'ZERODHA',0);
Insert into TRADES (TRADE_ID,TRADER,TIMESTAMP,BUY_SELL,SECURITY,QUANTITY,DEAL_PRICE,FIRM,BROKER,IS_WASHTRADE) values (100342,'MATIBPRX',to_timestamp('08-SEP-19 03.39.38.506000000 AM','DD-MON-RR HH.MI.SSXFF AM'),'buy',3030,38060,195.6811647108153,101,'UPSTOX',0);
Insert into TRADES (TRADE_ID,TRADER,TIMESTAMP,BUY_SELL,SECURITY,QUANTITY,DEAL_PRICE,FIRM,BROKER,IS_WASHTRADE) values (100343,'REB4G6UJ',to_timestamp('08-SEP-19 03.04.59.112000000 AM','DD-MON-RR HH.MI.SSXFF AM'),'buy',3030,50809,193.97591912317,101,'ICICI DIRECT',0);
Insert into TRADES (TRADE_ID,TRADER,TIMESTAMP,BUY_SELL,SECURITY,QUANTITY,DEAL_PRICE,FIRM,BROKER,IS_WASHTRADE) values (100344,'DALU9A06',to_timestamp('08-SEP-19 03.10.56.921000000 AM','DD-MON-RR HH.MI.SSXFF AM'),'buy',7890,30139,186.2976459538499,101,'ICICI DIRECT',0);
Insert into TRADES (TRADE_ID,TRADER,TIMESTAMP,BUY_SELL,SECURITY,QUANTITY,DEAL_PRICE,FIRM,BROKER,IS_WASHTRADE) values (100345,'STADC932',to_timestamp('08-SEP-19 07.22.30.916000000 PM','DD-MON-RR HH.MI.SSXFF AM'),'buy',7890,31181,117.39022936026674,102,'FYERS',0);
Insert into TRADES (TRADE_ID,TRADER,TIMESTAMP,BUY_SELL,SECURITY,QUANTITY,DEAL_PRICE,FIRM,BROKER,IS_WASHTRADE) values (100346,'JOA4K3H2',to_timestamp('08-SEP-19 02.05.08.086000000 PM','DD-MON-RR HH.MI.SSXFF AM'),'sell',1204,4766,123.61693290812565,102,'UPSTOX',0);
Insert into TRADES (TRADE_ID,TRADER,TIMESTAMP,BUY_SELL,SECURITY,QUANTITY,DEAL_PRICE,FIRM,BROKER,IS_WASHTRADE) values (100347,'LINFZQ8J',to_timestamp('08-SEP-19 03.26.41.467000000 AM','DD-MON-RR HH.MI.SSXFF AM'),'sell',3030,50005,122.25839221864581,102,'SHAREKHAN',0);
Insert into TRADES (TRADE_ID,TRADER,TIMESTAMP,BUY_SELL,SECURITY,QUANTITY,DEAL_PRICE,FIRM,BROKER,IS_WASHTRADE) values (100348,'DON4EW08',to_timestamp('08-SEP-19 05.26.57.746000000 AM','DD-MON-RR HH.MI.SSXFF AM'),'buy',1204,92212,192.9744423866626,101,'SHAREKHAN',0);
Insert into TRADES (TRADE_ID,TRADER,TIMESTAMP,BUY_SELL,SECURITY,QUANTITY,DEAL_PRICE,FIRM,BROKER,IS_WASHTRADE) values (100349,'MATIBPRX',to_timestamp('08-SEP-19 02.32.58.185000000 PM','DD-MON-RR HH.MI.SSXFF AM'),'sell',7890,88652,191.12231012913793,103,'SHAREKHAN',0);
Insert into TRADES (TRADE_ID,TRADER,TIMESTAMP,BUY_SELL,SECURITY,QUANTITY,DEAL_PRICE,FIRM,BROKER,IS_WASHTRADE) values (100350,'SHI75KZ0',to_timestamp('08-SEP-19 12.04.01.252000000 PM','DD-MON-RR HH.MI.SSXFF AM'),'buy',7890,88960,188.57272433292212,103,'5PAISA',0);
Insert into TRADES (TRADE_ID,TRADER,TIMESTAMP,BUY_SELL,SECURITY,QUANTITY,DEAL_PRICE,FIRM,BROKER,IS_WASHTRADE) values (100351,'DARVGNYM',to_timestamp('08-SEP-19 10.44.38.974000000 AM','DD-MON-RR HH.MI.SSXFF AM'),'sell',7890,47372,186.4287703869455,101,'ICICI DIRECT',0);
Insert into TRADES (TRADE_ID,TRADER,TIMESTAMP,BUY_SELL,SECURITY,QUANTITY,DEAL_PRICE,FIRM,BROKER,IS_WASHTRADE) values (100352,'RAYYHZEG',to_timestamp('08-SEP-19 05.59.37.562000000 AM','DD-MON-RR HH.MI.SSXFF AM'),'buy',3030,42626,195.17104649439867,101,'ANGEL BROKING',0);
Insert into TRADES (TRADE_ID,TRADER,TIMESTAMP,BUY_SELL,SECURITY,QUANTITY,DEAL_PRICE,FIRM,BROKER,IS_WASHTRADE) values (100353,'HEL7FGWO',to_timestamp('08-SEP-19 10.12.40.545000000 AM','DD-MON-RR HH.MI.SSXFF AM'),'buy',7890,57327,117.0261552769106,102,'5PAISA',0);
Insert into TRADES (TRADE_ID,TRADER,TIMESTAMP,BUY_SELL,SECURITY,QUANTITY,DEAL_PRICE,FIRM,BROKER,IS_WASHTRADE) values (100354,'ISAY6RVC',to_timestamp('08-SEP-19 11.52.39.608000000 PM','DD-MON-RR HH.MI.SSXFF AM'),'sell',3030,17217,123.09225942455217,102,'ICICI DIRECT',0);
Insert into TRADES (TRADE_ID,TRADER,TIMESTAMP,BUY_SELL,SECURITY,QUANTITY,DEAL_PRICE,FIRM,BROKER,IS_WASHTRADE) values (100355,'NICHIDBT',to_timestamp('08-SEP-19 08.43.37.619000000 PM','DD-MON-RR HH.MI.SSXFF AM'),'sell',7890,39532,189.6404780637116,103,'5PAISA',0);
Insert into TRADES (TRADE_ID,TRADER,TIMESTAMP,BUY_SELL,SECURITY,QUANTITY,DEAL_PRICE,FIRM,BROKER,IS_WASHTRADE) values (100356,'ROB6I552',to_timestamp('08-SEP-19 07.55.32.647000000 AM','DD-MON-RR HH.MI.SSXFF AM'),'sell',3030,27386,123.7438875757673,102,'FYERS',0);
Insert into TRADES (TRADE_ID,TRADER,TIMESTAMP,BUY_SELL,SECURITY,QUANTITY,DEAL_PRICE,FIRM,BROKER,IS_WASHTRADE) values (100357,'RONCU0ZO',to_timestamp('08-SEP-19 04.07.35.352000000 PM','DD-MON-RR HH.MI.SSXFF AM'),'buy',1204,26121,123.32910346670178,102,'UPSTOX',0);
Insert into TRADES (TRADE_ID,TRADER,TIMESTAMP,BUY_SELL,SECURITY,QUANTITY,DEAL_PRICE,FIRM,BROKER,IS_WASHTRADE) values (100358,'HERSPFIE',to_timestamp('08-SEP-19 03.05.56.546000000 AM','DD-MON-RR HH.MI.SSXFF AM'),'sell',1204,47584,121.61794962057593,102,'ICICI DIRECT',0);
Insert into TRADES (TRADE_ID,TRADER,TIMESTAMP,BUY_SELL,SECURITY,QUANTITY,DEAL_PRICE,FIRM,BROKER,IS_WASHTRADE) values (100359,'PENNNOW3',to_timestamp('08-SEP-19 10.56.41.968000000 AM','DD-MON-RR HH.MI.SSXFF AM'),'buy',1204,96423,199.01346337529608,103,'5PAISA',0);
Insert into TRADES (TRADE_ID,TRADER,TIMESTAMP,BUY_SELL,SECURITY,QUANTITY,DEAL_PRICE,FIRM,BROKER,IS_WASHTRADE) values (100360,'ANNTUIDW',to_timestamp('08-SEP-19 04.30.01.513000000 AM','DD-MON-RR HH.MI.SSXFF AM'),'buy',9811,64207,119.41069787508955,102,'SHAREKHAN',0);
Insert into TRADES (TRADE_ID,TRADER,TIMESTAMP,BUY_SELL,SECURITY,QUANTITY,DEAL_PRICE,FIRM,BROKER,IS_WASHTRADE) values (100361,'LACFSS25',to_timestamp('08-SEP-19 06.40.33.570000000 PM','DD-MON-RR HH.MI.SSXFF AM'),'buy',1204,57283,195.94212022408777,101,'ICICI DIRECT',0);
Insert into TRADES (TRADE_ID,TRADER,TIMESTAMP,BUY_SELL,SECURITY,QUANTITY,DEAL_PRICE,FIRM,BROKER,IS_WASHTRADE) values (100362,'DEN6RW88',to_timestamp('08-SEP-19 07.37.49.236000000 AM','DD-MON-RR HH.MI.SSXFF AM'),'sell',7890,99911,116.97895598833526,102,'ICICI DIRECT',0);
Insert into TRADES (TRADE_ID,TRADER,TIMESTAMP,BUY_SELL,SECURITY,QUANTITY,DEAL_PRICE,FIRM,BROKER,IS_WASHTRADE) values (100363,'CHE110KQ',to_timestamp('08-SEP-19 01.55.22.649000000 AM','DD-MON-RR HH.MI.SSXFF AM'),'buy',7890,78024,185.2270003864979,101,'ZERODHA',0);
Insert into TRADES (TRADE_ID,TRADER,TIMESTAMP,BUY_SELL,SECURITY,QUANTITY,DEAL_PRICE,FIRM,BROKER,IS_WASHTRADE) values (100364,'REB4G6UJ',to_timestamp('08-SEP-19 02.19.31.694000000 AM','DD-MON-RR HH.MI.SSXFF AM'),'sell',9811,29067,192.6175330302218,103,'ICICI DIRECT',0);
Insert into TRADES (TRADE_ID,TRADER,TIMESTAMP,BUY_SELL,SECURITY,QUANTITY,DEAL_PRICE,FIRM,BROKER,IS_WASHTRADE) values (100365,'ANNTUIDW',to_timestamp('08-SEP-19 09.11.00.434000000 AM','DD-MON-RR HH.MI.SSXFF AM'),'buy',1204,68463,198.4408878757678,103,'5PAISA',0);
Insert into TRADES (TRADE_ID,TRADER,TIMESTAMP,BUY_SELL,SECURITY,QUANTITY,DEAL_PRICE,FIRM,BROKER,IS_WASHTRADE) values (100366,'LINFZQ8J',to_timestamp('08-SEP-19 02.13.17.905000000 PM','DD-MON-RR HH.MI.SSXFF AM'),'buy',1204,63672,198.7606182282155,103,'ANGEL BROKING',0);
Insert into TRADES (TRADE_ID,TRADER,TIMESTAMP,BUY_SELL,SECURITY,QUANTITY,DEAL_PRICE,FIRM,BROKER,IS_WASHTRADE) values (100367,'LINN4YBL',to_timestamp('08-SEP-19 12.27.55.235000000 AM','DD-MON-RR HH.MI.SSXFF AM'),'buy',3030,36215,196.12515670392924,101,'ANGEL BROKING',0);
Insert into TRADES (TRADE_ID,TRADER,TIMESTAMP,BUY_SELL,SECURITY,QUANTITY,DEAL_PRICE,FIRM,BROKER,IS_WASHTRADE) values (100368,'JOEBRA22',to_timestamp('08-SEP-19 02.20.03.517000000 AM','DD-MON-RR HH.MI.SSXFF AM'),'sell',1204,9850,194.17002690794553,101,'SHAREKHAN',0);
Insert into TRADES (TRADE_ID,TRADER,TIMESTAMP,BUY_SELL,SECURITY,QUANTITY,DEAL_PRICE,FIRM,BROKER,IS_WASHTRADE) values (100369,'DIAU5Z18',to_timestamp('08-SEP-19 06.10.58.706000000 PM','DD-MON-RR HH.MI.SSXFF AM'),'sell',9811,56468,193.99638109341737,103,'5PAISA',0);
Insert into TRADES (TRADE_ID,TRADER,TIMESTAMP,BUY_SELL,SECURITY,QUANTITY,DEAL_PRICE,FIRM,BROKER,IS_WASHTRADE) values (100370,'JOH7UULZ',to_timestamp('08-SEP-19 10.02.09.136000000 AM','DD-MON-RR HH.MI.SSXFF AM'),'sell',7890,9472,185.54148498362088,101,'ANGEL BROKING',0);
Insert into TRADES (TRADE_ID,TRADER,TIMESTAMP,BUY_SELL,SECURITY,QUANTITY,DEAL_PRICE,FIRM,BROKER,IS_WASHTRADE) values (100371,'MIT661AZ',to_timestamp('08-SEP-19 08.57.33.920000000 AM','DD-MON-RR HH.MI.SSXFF AM'),'sell',1204,73868,199.34767214033212,103,'FYERS',0);
Insert into TRADES (TRADE_ID,TRADER,TIMESTAMP,BUY_SELL,SECURITY,QUANTITY,DEAL_PRICE,FIRM,BROKER,IS_WASHTRADE) values (100372,'CHR8CBOJ',to_timestamp('08-SEP-19 06.54.59.763000000 PM','DD-MON-RR HH.MI.SSXFF AM'),'buy',1204,71396,195.13641865253965,101,'5PAISA',0);
Insert into TRADES (TRADE_ID,TRADER,TIMESTAMP,BUY_SELL,SECURITY,QUANTITY,DEAL_PRICE,FIRM,BROKER,IS_WASHTRADE) values (100373,'JOA4K3H2',to_timestamp('08-SEP-19 06.35.37.546000000 AM','DD-MON-RR HH.MI.SSXFF AM'),'sell',7890,76932,116.39968908458358,102,'ICICI DIRECT',0);
Insert into TRADES (TRADE_ID,TRADER,TIMESTAMP,BUY_SELL,SECURITY,QUANTITY,DEAL_PRICE,FIRM,BROKER,IS_WASHTRADE) values (100374,'NICG7WUU',to_timestamp('08-SEP-19 05.42.19.254000000 AM','DD-MON-RR HH.MI.SSXFF AM'),'sell',7890,7755,190.58317356014405,103,'5PAISA',0);
Insert into TRADES (TRADE_ID,TRADER,TIMESTAMP,BUY_SELL,SECURITY,QUANTITY,DEAL_PRICE,FIRM,BROKER,IS_WASHTRADE) values (100375,'ISAY6RVC',to_timestamp('08-SEP-19 01.26.17.812000000 AM','DD-MON-RR HH.MI.SSXFF AM'),'buy',7890,2086,184.30343314438798,101,'SHAREKHAN',0);
Insert into TRADES (TRADE_ID,TRADER,TIMESTAMP,BUY_SELL,SECURITY,QUANTITY,DEAL_PRICE,FIRM,BROKER,IS_WASHTRADE) values (100376,'DEN6RW88',to_timestamp('08-SEP-19 11.55.59.454000000 PM','DD-MON-RR HH.MI.SSXFF AM'),'buy',9811,34863,118.32263315476071,102,'ANGEL BROKING',0);
Insert into TRADES (TRADE_ID,TRADER,TIMESTAMP,BUY_SELL,SECURITY,QUANTITY,DEAL_PRICE,FIRM,BROKER,IS_WASHTRADE) values (100377,'EVE8BC2Y',to_timestamp('08-SEP-19 10.02.34.568000000 PM','DD-MON-RR HH.MI.SSXFF AM'),'buy',3030,83211,193.82449310046925,101,'ZERODHA',0);
Insert into TRADES (TRADE_ID,TRADER,TIMESTAMP,BUY_SELL,SECURITY,QUANTITY,DEAL_PRICE,FIRM,BROKER,IS_WASHTRADE) values (100378,'RITI6EN1',to_timestamp('08-SEP-19 12.03.33.257000000 PM','DD-MON-RR HH.MI.SSXFF AM'),'sell',9811,44484,193.75858740139424,103,'ZERODHA',0);
Insert into TRADES (TRADE_ID,TRADER,TIMESTAMP,BUY_SELL,SECURITY,QUANTITY,DEAL_PRICE,FIRM,BROKER,IS_WASHTRADE) values (100379,'DIAU5Z18',to_timestamp('08-SEP-19 06.48.41.990000000 PM','DD-MON-RR HH.MI.SSXFF AM'),'sell',1204,25021,122.41042805048339,102,'ZERODHA',0);
Insert into TRADES (TRADE_ID,TRADER,TIMESTAMP,BUY_SELL,SECURITY,QUANTITY,DEAL_PRICE,FIRM,BROKER,IS_WASHTRADE) values (100380,'DON4EW08',to_timestamp('08-SEP-19 01.25.43.428000000 AM','DD-MON-RR HH.MI.SSXFF AM'),'buy',7890,61791,189.93813019526468,103,'ANGEL BROKING',0);
Insert into TRADES (TRADE_ID,TRADER,TIMESTAMP,BUY_SELL,SECURITY,QUANTITY,DEAL_PRICE,FIRM,BROKER,IS_WASHTRADE) values (100381,'VIC3DJK9',to_timestamp('08-SEP-19 08.36.02.850000000 PM','DD-MON-RR HH.MI.SSXFF AM'),'sell',3030,59798,197.42788871591907,103,'UPSTOX',0);
Insert into TRADES (TRADE_ID,TRADER,TIMESTAMP,BUY_SELL,SECURITY,QUANTITY,DEAL_PRICE,FIRM,BROKER,IS_WASHTRADE) values (100382,'BRIB1YL5',to_timestamp('08-SEP-19 01.09.34.092000000 PM','DD-MON-RR HH.MI.SSXFF AM'),'sell',1204,28628,199.37366428277875,103,'ICICI DIRECT',0);
Insert into TRADES (TRADE_ID,TRADER,TIMESTAMP,BUY_SELL,SECURITY,QUANTITY,DEAL_PRICE,FIRM,BROKER,IS_WASHTRADE) values (100383,'REBCG146',to_timestamp('08-SEP-19 02.04.19.865000000 AM','DD-MON-RR HH.MI.SSXFF AM'),'sell',3030,90387,199.8062427979284,103,'5PAISA',0);
Insert into TRADES (TRADE_ID,TRADER,TIMESTAMP,BUY_SELL,SECURITY,QUANTITY,DEAL_PRICE,FIRM,BROKER,IS_WASHTRADE) values (100384,'CHAXPYSK',to_timestamp('08-SEP-19 10.41.28.705000000 AM','DD-MON-RR HH.MI.SSXFF AM'),'sell',1204,52987,197.81184546859802,103,'FYERS',0);
Insert into TRADES (TRADE_ID,TRADER,TIMESTAMP,BUY_SELL,SECURITY,QUANTITY,DEAL_PRICE,FIRM,BROKER,IS_WASHTRADE) values (100385,'SUSNRB66',to_timestamp('08-SEP-19 08.57.59.202000000 PM','DD-MON-RR HH.MI.SSXFF AM'),'buy',9811,68152,190.1705615127018,101,'UPSTOX',0);
Insert into TRADES (TRADE_ID,TRADER,TIMESTAMP,BUY_SELL,SECURITY,QUANTITY,DEAL_PRICE,FIRM,BROKER,IS_WASHTRADE) values (100386,'TYLI65TP',to_timestamp('08-SEP-19 07.29.36.500000000 AM','DD-MON-RR HH.MI.SSXFF AM'),'sell',9811,98458,188.48993536168786,101,'5PAISA',0);
Insert into TRADES (TRADE_ID,TRADER,TIMESTAMP,BUY_SELL,SECURITY,QUANTITY,DEAL_PRICE,FIRM,BROKER,IS_WASHTRADE) values (100387,'SUEAMIOQ',to_timestamp('08-SEP-19 03.25.57.790000000 PM','DD-MON-RR HH.MI.SSXFF AM'),'sell',1204,2555,199.3408695797932,103,'ICICI DIRECT',0);
Insert into TRADES (TRADE_ID,TRADER,TIMESTAMP,BUY_SELL,SECURITY,QUANTITY,DEAL_PRICE,FIRM,BROKER,IS_WASHTRADE) values (100388,'DAL1U0FH',to_timestamp('08-SEP-19 11.53.38.004000000 PM','DD-MON-RR HH.MI.SSXFF AM'),'sell',9811,11329,118.96910129013176,102,'SHAREKHAN',0);
Insert into TRADES (TRADE_ID,TRADER,TIMESTAMP,BUY_SELL,SECURITY,QUANTITY,DEAL_PRICE,FIRM,BROKER,IS_WASHTRADE) values (100389,'HAL0GKCL',to_timestamp('08-SEP-19 11.39.54.234000000 PM','DD-MON-RR HH.MI.SSXFF AM'),'buy',9811,80568,187.98195697720726,101,'ZERODHA',0);
Insert into TRADES (TRADE_ID,TRADER,TIMESTAMP,BUY_SELL,SECURITY,QUANTITY,DEAL_PRICE,FIRM,BROKER,IS_WASHTRADE) values (100390,'KRIB342O',to_timestamp('08-SEP-19 01.07.59.000000000 PM','DD-MON-RR HH.MI.SSXFF AM'),'sell',3030,28764,197.96564570996526,103,'ANGEL BROKING',0);
Insert into TRADES (TRADE_ID,TRADER,TIMESTAMP,BUY_SELL,SECURITY,QUANTITY,DEAL_PRICE,FIRM,BROKER,IS_WASHTRADE) values (100391,'MIR1ZXIB',to_timestamp('08-SEP-19 07.14.57.175000000 AM','DD-MON-RR HH.MI.SSXFF AM'),'buy',7890,46165,116.56606756144932,102,'ICICI DIRECT',0);
Insert into TRADES (TRADE_ID,TRADER,TIMESTAMP,BUY_SELL,SECURITY,QUANTITY,DEAL_PRICE,FIRM,BROKER,IS_WASHTRADE) values (100392,'MAR8BQAC',to_timestamp('08-SEP-19 01.53.20.234000000 AM','DD-MON-RR HH.MI.SSXFF AM'),'buy',3030,55695,198.99560842005394,103,'MOTILAL OSWAL',0);
Insert into TRADES (TRADE_ID,TRADER,TIMESTAMP,BUY_SELL,SECURITY,QUANTITY,DEAL_PRICE,FIRM,BROKER,IS_WASHTRADE) values (100393,'SAR0JSNX',to_timestamp('08-SEP-19 12.05.29.261000000 AM','DD-MON-RR HH.MI.SSXFF AM'),'sell',9811,96155,188.3450105348662,101,'ANGEL BROKING',0);
Insert into TRADES (TRADE_ID,TRADER,TIMESTAMP,BUY_SELL,SECURITY,QUANTITY,DEAL_PRICE,FIRM,BROKER,IS_WASHTRADE) values (100394,'ALLHJ5TM',to_timestamp('08-SEP-19 09.22.46.946000000 PM','DD-MON-RR HH.MI.SSXFF AM'),'sell',3030,40992,197.54865164391927,103,'5PAISA',0);
Insert into TRADES (TRADE_ID,TRADER,TIMESTAMP,BUY_SELL,SECURITY,QUANTITY,DEAL_PRICE,FIRM,BROKER,IS_WASHTRADE) values (100395,'TIMWVSKU',to_timestamp('08-SEP-19 11.13.53.818000000 PM','DD-MON-RR HH.MI.SSXFF AM'),'buy',7890,48410,116.12484238314917,102,'ZERODHA',0);
Insert into TRADES (TRADE_ID,TRADER,TIMESTAMP,BUY_SELL,SECURITY,QUANTITY,DEAL_PRICE,FIRM,BROKER,IS_WASHTRADE) values (100396,'SARDQDXB',to_timestamp('08-SEP-19 01.48.47.032000000 PM','DD-MON-RR HH.MI.SSXFF AM'),'sell',1204,75680,122.81034224927218,102,'ICICI DIRECT',0);
Insert into TRADES (TRADE_ID,TRADER,TIMESTAMP,BUY_SELL,SECURITY,QUANTITY,DEAL_PRICE,FIRM,BROKER,IS_WASHTRADE) values (100397,'LOGQ4YTK',to_timestamp('08-SEP-19 07.15.29.364000000 PM','DD-MON-RR HH.MI.SSXFF AM'),'buy',7890,88722,116.73740804294086,102,'MOTILAL OSWAL',0);
Insert into TRADES (TRADE_ID,TRADER,TIMESTAMP,BUY_SELL,SECURITY,QUANTITY,DEAL_PRICE,FIRM,BROKER,IS_WASHTRADE) values (100398,'KAYYTQEK',to_timestamp('08-SEP-19 08.52.38.999000000 PM','DD-MON-RR HH.MI.SSXFF AM'),'sell',3030,6219,121.72669812414253,102,'FYERS',0);
Insert into TRADES (TRADE_ID,TRADER,TIMESTAMP,BUY_SELL,SECURITY,QUANTITY,DEAL_PRICE,FIRM,BROKER,IS_WASHTRADE) values (100399,'DREVKO1B',to_timestamp('08-SEP-19 07.50.38.432000000 AM','DD-MON-RR HH.MI.SSXFF AM'),'buy',3030,83507,196.10251580016654,101,'ANGEL BROKING',0);
Insert into TRADES (TRADE_ID,TRADER,TIMESTAMP,BUY_SELL,SECURITY,QUANTITY,DEAL_PRICE,FIRM,BROKER,IS_WASHTRADE) values (100400,'SUM39QPW',to_timestamp('08-SEP-19 04.59.39.886000000 PM','DD-MON-RR HH.MI.SSXFF AM'),'sell',9811,37388,190.20409280389725,101,'ICICI DIRECT',0);
Insert into TRADES (TRADE_ID,TRADER,TIMESTAMP,BUY_SELL,SECURITY,QUANTITY,DEAL_PRICE,FIRM,BROKER,IS_WASHTRADE) values (100401,'MATIBPRX',to_timestamp('08-SEP-19 12.45.53.785000000 PM','DD-MON-RR HH.MI.SSXFF AM'),'sell',9811,54995,192.3381200229468,103,'SHAREKHAN',0);
Insert into TRADES (TRADE_ID,TRADER,TIMESTAMP,BUY_SELL,SECURITY,QUANTITY,DEAL_PRICE,FIRM,BROKER,IS_WASHTRADE) values (100402,'HEL7FGWO',to_timestamp('08-SEP-19 03.40.10.382000000 PM','DD-MON-RR HH.MI.SSXFF AM'),'buy',3030,17258,195.95663419301513,101,'ICICI DIRECT',0);
Insert into TRADES (TRADE_ID,TRADER,TIMESTAMP,BUY_SELL,SECURITY,QUANTITY,DEAL_PRICE,FIRM,BROKER,IS_WASHTRADE) values (100403,'TERPCN7R',to_timestamp('08-SEP-19 07.07.29.584000000 AM','DD-MON-RR HH.MI.SSXFF AM'),'sell',9811,23636,120.24963683769542,102,'ANGEL BROKING',0);
Insert into TRADES (TRADE_ID,TRADER,TIMESTAMP,BUY_SELL,SECURITY,QUANTITY,DEAL_PRICE,FIRM,BROKER,IS_WASHTRADE) values (100202,'HEL7FGWO',to_timestamp('08-SEP-19 03.35.19.623000000 AM','DD-MON-RR HH.MI.SSXFF AM'),'buy',3030,17258,195.26124289222895,101,'ICICI DIRECT',0);
Insert into TRADES (TRADE_ID,TRADER,TIMESTAMP,BUY_SELL,SECURITY,QUANTITY,DEAL_PRICE,FIRM,BROKER,IS_WASHTRADE) values (100203,'TERPCN7R',to_timestamp('08-SEP-19 06.06.00.373000000 PM','DD-MON-RR HH.MI.SSXFF AM'),'sell',9811,23636,119.90738391433679,102,'ANGEL BROKING',0);
Insert into TRADES (TRADE_ID,TRADER,TIMESTAMP,BUY_SELL,SECURITY,QUANTITY,DEAL_PRICE,FIRM,BROKER,IS_WASHTRADE) values (100204,'KRIYBJG9',to_timestamp('08-SEP-19 08.34.19.501000000 AM','DD-MON-RR HH.MI.SSXFF AM'),'buy',9811,83810,188.0455421786422,101,'ANGEL BROKING',0);
Insert into TRADES (TRADE_ID,TRADER,TIMESTAMP,BUY_SELL,SECURITY,QUANTITY,DEAL_PRICE,FIRM,BROKER,IS_WASHTRADE) values (100205,'SARDQDXB',to_timestamp('08-SEP-19 12.54.24.883000000 AM','DD-MON-RR HH.MI.SSXFF AM'),'buy',9811,46452,189.84213266445522,101,'FYERS',0);
Insert into TRADES (TRADE_ID,TRADER,TIMESTAMP,BUY_SELL,SECURITY,QUANTITY,DEAL_PRICE,FIRM,BROKER,IS_WASHTRADE) values (100206,'DARAQA2D',to_timestamp('08-SEP-19 12.57.13.534000000 AM','DD-MON-RR HH.MI.SSXFF AM'),'buy',9811,80141,190.17607203261974,101,'ANGEL BROKING',0);
Insert into TRADES (TRADE_ID,TRADER,TIMESTAMP,BUY_SELL,SECURITY,QUANTITY,DEAL_PRICE,FIRM,BROKER,IS_WASHTRADE) values (100207,'LOGQ4YTK',to_timestamp('08-SEP-19 07.54.52.917000000 PM','DD-MON-RR HH.MI.SSXFF AM'),'sell',3030,77208,192.89757105543248,101,'MOTILAL OSWAL',0);
Insert into TRADES (TRADE_ID,TRADER,TIMESTAMP,BUY_SELL,SECURITY,QUANTITY,DEAL_PRICE,FIRM,BROKER,IS_WASHTRADE) values (100208,'JUAGFC6U',to_timestamp('08-SEP-19 09.29.15.382000000 PM','DD-MON-RR HH.MI.SSXFF AM'),'sell',3030,17813,198.42551347453465,103,'ANGEL BROKING',0);
Insert into TRADES (TRADE_ID,TRADER,TIMESTAMP,BUY_SELL,SECURITY,QUANTITY,DEAL_PRICE,FIRM,BROKER,IS_WASHTRADE) values (100209,'MADGO36M',to_timestamp('08-SEP-19 09.59.55.645000000 AM','DD-MON-RR HH.MI.SSXFF AM'),'buy',3030,84892,123.53427492820384,102,'ANGEL BROKING',0);
Insert into TRADES (TRADE_ID,TRADER,TIMESTAMP,BUY_SELL,SECURITY,QUANTITY,DEAL_PRICE,FIRM,BROKER,IS_WASHTRADE) values (100210,'BON7USKP',to_timestamp('08-SEP-19 12.43.11.111000000 AM','DD-MON-RR HH.MI.SSXFF AM'),'sell',1204,25845,194.14185148859235,101,'ANGEL BROKING',0);
Insert into TRADES (TRADE_ID,TRADER,TIMESTAMP,BUY_SELL,SECURITY,QUANTITY,DEAL_PRICE,FIRM,BROKER,IS_WASHTRADE) values (100211,'NICY8OJF',to_timestamp('08-SEP-19 08.20.59.387000000 AM','DD-MON-RR HH.MI.SSXFF AM'),'buy',1204,41928,193.71131685346415,101,'5PAISA',0);
Insert into TRADES (TRADE_ID,TRADER,TIMESTAMP,BUY_SELL,SECURITY,QUANTITY,DEAL_PRICE,FIRM,BROKER,IS_WASHTRADE) values (100212,'KENA8P1Q',to_timestamp('08-SEP-19 08.13.48.553000000 AM','DD-MON-RR HH.MI.SSXFF AM'),'buy',1204,2321,198.19148687369855,103,'ICICI DIRECT',0);
Insert into TRADES (TRADE_ID,TRADER,TIMESTAMP,BUY_SELL,SECURITY,QUANTITY,DEAL_PRICE,FIRM,BROKER,IS_WASHTRADE) values (100213,'JUAGFC6U',to_timestamp('08-SEP-19 06.32.30.280000000 AM','DD-MON-RR HH.MI.SSXFF AM'),'buy',9811,45012,187.5313507342259,101,'SHAREKHAN',0);
Insert into TRADES (TRADE_ID,TRADER,TIMESTAMP,BUY_SELL,SECURITY,QUANTITY,DEAL_PRICE,FIRM,BROKER,IS_WASHTRADE) values (100214,'CHR0XPDI',to_timestamp('08-SEP-19 06.54.16.267000000 PM','DD-MON-RR HH.MI.SSXFF AM'),'buy',1204,11130,193.77648400453498,101,'ICICI DIRECT',0);
Insert into TRADES (TRADE_ID,TRADER,TIMESTAMP,BUY_SELL,SECURITY,QUANTITY,DEAL_PRICE,FIRM,BROKER,IS_WASHTRADE) values (100215,'WAYM2L83',to_timestamp('08-SEP-19 09.00.53.328000000 PM','DD-MON-RR HH.MI.SSXFF AM'),'sell',1204,18294,122.59397569964064,102,'MOTILAL OSWAL',0);
Insert into TRADES (TRADE_ID,TRADER,TIMESTAMP,BUY_SELL,SECURITY,QUANTITY,DEAL_PRICE,FIRM,BROKER,IS_WASHTRADE) values (100216,'LINN4YBL',to_timestamp('08-SEP-19 09.41.38.004000000 AM','DD-MON-RR HH.MI.SSXFF AM'),'sell',1204,52031,194.99017268777578,101,'ICICI DIRECT',0);
Insert into TRADES (TRADE_ID,TRADER,TIMESTAMP,BUY_SELL,SECURITY,QUANTITY,DEAL_PRICE,FIRM,BROKER,IS_WASHTRADE) values (100217,'BARK5S5E',to_timestamp('08-SEP-19 01.20.36.020000000 AM','DD-MON-RR HH.MI.SSXFF AM'),'buy',1204,3608,122.42298264692757,102,'SHAREKHAN',0);
Insert into TRADES (TRADE_ID,TRADER,TIMESTAMP,BUY_SELL,SECURITY,QUANTITY,DEAL_PRICE,FIRM,BROKER,IS_WASHTRADE) values (100218,'NICY8OJF',to_timestamp('08-SEP-19 06.36.46.089000000 PM','DD-MON-RR HH.MI.SSXFF AM'),'sell',1204,9418,194.03551373886557,101,'ANGEL BROKING',0);
Insert into TRADES (TRADE_ID,TRADER,TIMESTAMP,BUY_SELL,SECURITY,QUANTITY,DEAL_PRICE,FIRM,BROKER,IS_WASHTRADE) values (100219,'DANAJLHH',to_timestamp('08-SEP-19 08.36.54.227000000 PM','DD-MON-RR HH.MI.SSXFF AM'),'sell',7890,41318,185.81701678152425,101,'FYERS',0);
Insert into TRADES (TRADE_ID,TRADER,TIMESTAMP,BUY_SELL,SECURITY,QUANTITY,DEAL_PRICE,FIRM,BROKER,IS_WASHTRADE) values (100220,'ETHSI05R',to_timestamp('08-SEP-19 05.45.38.009000000 AM','DD-MON-RR HH.MI.SSXFF AM'),'sell',3030,26066,123.04975886761929,102,'ANGEL BROKING',0);
Insert into TRADES (TRADE_ID,TRADER,TIMESTAMP,BUY_SELL,SECURITY,QUANTITY,DEAL_PRICE,FIRM,BROKER,IS_WASHTRADE) values (100221,'HERSPFIE',to_timestamp('08-SEP-19 01.37.49.385000000 AM','DD-MON-RR HH.MI.SSXFF AM'),'sell',1204,43041,122.9080577982816,102,'FYERS',0);
Insert into TRADES (TRADE_ID,TRADER,TIMESTAMP,BUY_SELL,SECURITY,QUANTITY,DEAL_PRICE,FIRM,BROKER,IS_WASHTRADE) values (100222,'RIT8K7LO',to_timestamp('08-SEP-19 08.23.03.570000000 PM','DD-MON-RR HH.MI.SSXFF AM'),'buy',7890,72797,117.13081367899957,102,'UPSTOX',0);
Insert into TRADES (TRADE_ID,TRADER,TIMESTAMP,BUY_SELL,SECURITY,QUANTITY,DEAL_PRICE,FIRM,BROKER,IS_WASHTRADE) values (100223,'LOGQ4YTK',to_timestamp('08-SEP-19 12.49.55.895000000 AM','DD-MON-RR HH.MI.SSXFF AM'),'buy',9811,56708,193.8784188689077,103,'FYERS',0);
Insert into TRADES (TRADE_ID,TRADER,TIMESTAMP,BUY_SELL,SECURITY,QUANTITY,DEAL_PRICE,FIRM,BROKER,IS_WASHTRADE) values (100224,'CARX4UT9',to_timestamp('08-SEP-19 06.16.25.104000000 AM','DD-MON-RR HH.MI.SSXFF AM'),'sell',1204,17229,123.01938017164179,102,'UPSTOX',0);
Insert into TRADES (TRADE_ID,TRADER,TIMESTAMP,BUY_SELL,SECURITY,QUANTITY,DEAL_PRICE,FIRM,BROKER,IS_WASHTRADE) values (100225,'JUAGFC6U',to_timestamp('08-SEP-19 01.40.30.210000000 PM','DD-MON-RR HH.MI.SSXFF AM'),'buy',9811,25154,190.2746683446121,101,'ZERODHA',0);
Insert into TRADES (TRADE_ID,TRADER,TIMESTAMP,BUY_SELL,SECURITY,QUANTITY,DEAL_PRICE,FIRM,BROKER,IS_WASHTRADE) values (100226,'JONCYF5O',to_timestamp('08-SEP-19 01.17.39.457000000 PM','DD-MON-RR HH.MI.SSXFF AM'),'buy',3030,14655,122.89460255290676,102,'ZERODHA',0);
Insert into TRADES (TRADE_ID,TRADER,TIMESTAMP,BUY_SELL,SECURITY,QUANTITY,DEAL_PRICE,FIRM,BROKER,IS_WASHTRADE) values (100227,'NICHIDBT',to_timestamp('08-SEP-19 01.41.02.838000000 AM','DD-MON-RR HH.MI.SSXFF AM'),'buy',7890,11044,185.25687400271175,101,'ZERODHA',0);
Insert into TRADES (TRADE_ID,TRADER,TIMESTAMP,BUY_SELL,SECURITY,QUANTITY,DEAL_PRICE,FIRM,BROKER,IS_WASHTRADE) values (100228,'CHAIFE8J',to_timestamp('08-SEP-19 10.13.17.242000000 AM','DD-MON-RR HH.MI.SSXFF AM'),'buy',9811,25026,193.11341720982824,103,'FYERS',0);
Insert into TRADES (TRADE_ID,TRADER,TIMESTAMP,BUY_SELL,SECURITY,QUANTITY,DEAL_PRICE,FIRM,BROKER,IS_WASHTRADE) values (100229,'BRI7Q8ED',to_timestamp('08-SEP-19 02.15.45.767000000 PM','DD-MON-RR HH.MI.SSXFF AM'),'sell',7890,53954,183.60642990615537,101,'5PAISA',0);
Insert into TRADES (TRADE_ID,TRADER,TIMESTAMP,BUY_SELL,SECURITY,QUANTITY,DEAL_PRICE,FIRM,BROKER,IS_WASHTRADE) values (100230,'BARK5S5E',to_timestamp('08-SEP-19 01.10.41.753000000 PM','DD-MON-RR HH.MI.SSXFF AM'),'buy',1204,8533,122.48949684101667,102,'5PAISA',0);
Insert into TRADES (TRADE_ID,TRADER,TIMESTAMP,BUY_SELL,SECURITY,QUANTITY,DEAL_PRICE,FIRM,BROKER,IS_WASHTRADE) values (100231,'DEBBPH8V',to_timestamp('08-SEP-19 03.16.54.950000000 AM','DD-MON-RR HH.MI.SSXFF AM'),'sell',3030,73757,123.60188225262645,102,'FYERS',0);
Insert into TRADES (TRADE_ID,TRADER,TIMESTAMP,BUY_SELL,SECURITY,QUANTITY,DEAL_PRICE,FIRM,BROKER,IS_WASHTRADE) values (100232,'JAN7R6US',to_timestamp('08-SEP-19 12.15.45.939000000 PM','DD-MON-RR HH.MI.SSXFF AM'),'buy',3030,75410,200.64546542061075,103,'ICICI DIRECT',0);
Insert into TRADES (TRADE_ID,TRADER,TIMESTAMP,BUY_SELL,SECURITY,QUANTITY,DEAL_PRICE,FIRM,BROKER,IS_WASHTRADE) values (100233,'CYNZN2JC',to_timestamp('08-SEP-19 05.53.54.993000000 PM','DD-MON-RR HH.MI.SSXFF AM'),'sell',9811,69589,118.54118773365894,102,'ZERODHA',0);
Insert into TRADES (TRADE_ID,TRADER,TIMESTAMP,BUY_SELL,SECURITY,QUANTITY,DEAL_PRICE,FIRM,BROKER,IS_WASHTRADE) values (100234,'HEAK6C0G',to_timestamp('08-SEP-19 01.03.50.822000000 AM','DD-MON-RR HH.MI.SSXFF AM'),'sell',3030,20460,194.787317427708,101,'ZERODHA',0);
Insert into TRADES (TRADE_ID,TRADER,TIMESTAMP,BUY_SELL,SECURITY,QUANTITY,DEAL_PRICE,FIRM,BROKER,IS_WASHTRADE) values (100235,'STEB2TU3',to_timestamp('08-SEP-19 11.32.55.175000000 AM','DD-MON-RR HH.MI.SSXFF AM'),'buy',9811,98153,120.0129961654592,102,'FYERS',0);
Insert into TRADES (TRADE_ID,TRADER,TIMESTAMP,BUY_SELL,SECURITY,QUANTITY,DEAL_PRICE,FIRM,BROKER,IS_WASHTRADE) values (100236,'BRY0JA51',to_timestamp('08-SEP-19 03.48.51.506000000 AM','DD-MON-RR HH.MI.SSXFF AM'),'buy',7890,81789,185.61756396220426,101,'ICICI DIRECT',0);
Insert into TRADES (TRADE_ID,TRADER,TIMESTAMP,BUY_SELL,SECURITY,QUANTITY,DEAL_PRICE,FIRM,BROKER,IS_WASHTRADE) values (100237,'TRIGVTRC',to_timestamp('08-SEP-19 03.40.27.165000000 AM','DD-MON-RR HH.MI.SSXFF AM'),'buy',1204,76194,198.658742158748,103,'FYERS',0);
Insert into TRADES (TRADE_ID,TRADER,TIMESTAMP,BUY_SELL,SECURITY,QUANTITY,DEAL_PRICE,FIRM,BROKER,IS_WASHTRADE) values (100238,'MARVBWK7',to_timestamp('08-SEP-19 02.21.17.464000000 PM','DD-MON-RR HH.MI.SSXFF AM'),'sell',7890,36173,189.20569459712513,103,'UPSTOX',0);
Insert into TRADES (TRADE_ID,TRADER,TIMESTAMP,BUY_SELL,SECURITY,QUANTITY,DEAL_PRICE,FIRM,BROKER,IS_WASHTRADE) values (100239,'VIVUVTZX',to_timestamp('08-SEP-19 04.51.49.181000000 PM','DD-MON-RR HH.MI.SSXFF AM'),'sell',9811,5796,193.5664631547683,103,'ANGEL BROKING',0);
Insert into TRADES (TRADE_ID,TRADER,TIMESTAMP,BUY_SELL,SECURITY,QUANTITY,DEAL_PRICE,FIRM,BROKER,IS_WASHTRADE) values (100240,'ERIYFMJM',to_timestamp('08-SEP-19 08.45.20.918000000 AM','DD-MON-RR HH.MI.SSXFF AM'),'buy',9811,62368,187.31717601350746,101,'ZERODHA',0);
Insert into TRADES (TRADE_ID,TRADER,TIMESTAMP,BUY_SELL,SECURITY,QUANTITY,DEAL_PRICE,FIRM,BROKER,IS_WASHTRADE) values (100241,'JAD41VYX',to_timestamp('08-SEP-19 09.29.13.739000000 AM','DD-MON-RR HH.MI.SSXFF AM'),'buy',3030,22600,195.7926443575475,101,'SHAREKHAN',0);
Insert into TRADES (TRADE_ID,TRADER,TIMESTAMP,BUY_SELL,SECURITY,QUANTITY,DEAL_PRICE,FIRM,BROKER,IS_WASHTRADE) values (100242,'LAUQ8TD9',to_timestamp('08-SEP-19 03.31.00.596000000 AM','DD-MON-RR HH.MI.SSXFF AM'),'buy',3030,71843,195.6179734566104,101,'5PAISA',0);
Insert into TRADES (TRADE_ID,TRADER,TIMESTAMP,BUY_SELL,SECURITY,QUANTITY,DEAL_PRICE,FIRM,BROKER,IS_WASHTRADE) values (100243,'CHR0XPDI',to_timestamp('08-SEP-19 08.44.40.467000000 AM','DD-MON-RR HH.MI.SSXFF AM'),'sell',1204,13539,194.04323120364296,101,'ICICI DIRECT',0);
Insert into TRADES (TRADE_ID,TRADER,TIMESTAMP,BUY_SELL,SECURITY,QUANTITY,DEAL_PRICE,FIRM,BROKER,IS_WASHTRADE) values (100244,'MARIPLHR',to_timestamp('08-SEP-19 11.23.37.169000000 AM','DD-MON-RR HH.MI.SSXFF AM'),'sell',1204,10925,122.92160664653609,102,'FYERS',0);
Insert into TRADES (TRADE_ID,TRADER,TIMESTAMP,BUY_SELL,SECURITY,QUANTITY,DEAL_PRICE,FIRM,BROKER,IS_WASHTRADE) values (100245,'PAIG91XK',to_timestamp('08-SEP-19 03.49.56.491000000 PM','DD-MON-RR HH.MI.SSXFF AM'),'buy',1204,21694,123.40462055535879,102,'ZERODHA',0);
Insert into TRADES (TRADE_ID,TRADER,TIMESTAMP,BUY_SELL,SECURITY,QUANTITY,DEAL_PRICE,FIRM,BROKER,IS_WASHTRADE) values (100246,'DIXS805S',to_timestamp('08-SEP-19 03.59.20.659000000 PM','DD-MON-RR HH.MI.SSXFF AM'),'sell',3030,54079,122.80500088004216,102,'ANGEL BROKING',0);
Insert into TRADES (TRADE_ID,TRADER,TIMESTAMP,BUY_SELL,SECURITY,QUANTITY,DEAL_PRICE,FIRM,BROKER,IS_WASHTRADE) values (100247,'WANJU1CH',to_timestamp('08-SEP-19 06.34.38.710000000 PM','DD-MON-RR HH.MI.SSXFF AM'),'sell',3030,70300,199.30329676106564,103,'SHAREKHAN',0);
Insert into TRADES (TRADE_ID,TRADER,TIMESTAMP,BUY_SELL,SECURITY,QUANTITY,DEAL_PRICE,FIRM,BROKER,IS_WASHTRADE) values (100248,'SUM39QPW',to_timestamp('08-SEP-19 04.39.38.400000000 PM','DD-MON-RR HH.MI.SSXFF AM'),'sell',1204,56892,122.25860015658886,102,'MOTILAL OSWAL',0);
Insert into TRADES (TRADE_ID,TRADER,TIMESTAMP,BUY_SELL,SECURITY,QUANTITY,DEAL_PRICE,FIRM,BROKER,IS_WASHTRADE) values (100249,'NICHIDBT',to_timestamp('08-SEP-19 02.39.19.412000000 PM','DD-MON-RR HH.MI.SSXFF AM'),'sell',3030,62583,198.79933691982814,103,'UPSTOX',0);
Insert into TRADES (TRADE_ID,TRADER,TIMESTAMP,BUY_SELL,SECURITY,QUANTITY,DEAL_PRICE,FIRM,BROKER,IS_WASHTRADE) values (100250,'SUM39QPW',to_timestamp('08-SEP-19 10.44.24.196000000 AM','DD-MON-RR HH.MI.SSXFF AM'),'sell',9811,46499,193.23924557241244,103,'SHAREKHAN',0);
Insert into TRADES (TRADE_ID,TRADER,TIMESTAMP,BUY_SELL,SECURITY,QUANTITY,DEAL_PRICE,FIRM,BROKER,IS_WASHTRADE) values (100251,'PHILVLKJ',to_timestamp('08-SEP-19 06.03.13.485000000 AM','DD-MON-RR HH.MI.SSXFF AM'),'buy',9811,63116,119.2216879419578,102,'ANGEL BROKING',0);
Insert into TRADES (TRADE_ID,TRADER,TIMESTAMP,BUY_SELL,SECURITY,QUANTITY,DEAL_PRICE,FIRM,BROKER,IS_WASHTRADE) values (100252,'PATJROMB',to_timestamp('08-SEP-19 01.36.54.425000000 PM','DD-MON-RR HH.MI.SSXFF AM'),'sell',3030,9752,121.1640064273261,102,'UPSTOX',0);
Insert into TRADES (TRADE_ID,TRADER,TIMESTAMP,BUY_SELL,SECURITY,QUANTITY,DEAL_PRICE,FIRM,BROKER,IS_WASHTRADE) values (100253,'TIA83MIF',to_timestamp('08-SEP-19 10.46.56.219000000 AM','DD-MON-RR HH.MI.SSXFF AM'),'buy',1204,4357,193.48400401786597,101,'5PAISA',0);
Insert into TRADES (TRADE_ID,TRADER,TIMESTAMP,BUY_SELL,SECURITY,QUANTITY,DEAL_PRICE,FIRM,BROKER,IS_WASHTRADE) values (100254,'BRO54WAF',to_timestamp('08-SEP-19 01.21.34.392000000 PM','DD-MON-RR HH.MI.SSXFF AM'),'buy',3030,36946,198.27665569460052,103,'MOTILAL OSWAL',0);
Insert into TRADES (TRADE_ID,TRADER,TIMESTAMP,BUY_SELL,SECURITY,QUANTITY,DEAL_PRICE,FIRM,BROKER,IS_WASHTRADE) values (100255,'TASI9OQI',to_timestamp('08-SEP-19 11.22.19.949000000 PM','DD-MON-RR HH.MI.SSXFF AM'),'sell',3030,90795,123.01117438568289,102,'ZERODHA',0);
Insert into TRADES (TRADE_ID,TRADER,TIMESTAMP,BUY_SELL,SECURITY,QUANTITY,DEAL_PRICE,FIRM,BROKER,IS_WASHTRADE) values (100256,'RACB6TS3',to_timestamp('08-SEP-19 09.08.17.676000000 PM','DD-MON-RR HH.MI.SSXFF AM'),'sell',9811,36589,118.44060542585564,102,'ZERODHA',0);
Insert into TRADES (TRADE_ID,TRADER,TIMESTAMP,BUY_SELL,SECURITY,QUANTITY,DEAL_PRICE,FIRM,BROKER,IS_WASHTRADE) values (100257,'CHAIFE8J',to_timestamp('08-SEP-19 10.12.49.729000000 AM','DD-MON-RR HH.MI.SSXFF AM'),'buy',3030,72018,122.95423747201572,102,'ANGEL BROKING',0);
Insert into TRADES (TRADE_ID,TRADER,TIMESTAMP,BUY_SELL,SECURITY,QUANTITY,DEAL_PRICE,FIRM,BROKER,IS_WASHTRADE) values (100258,'LEEXDIQ6',to_timestamp('08-SEP-19 04.47.01.823000000 PM','DD-MON-RR HH.MI.SSXFF AM'),'sell',1204,43472,198.89945743868967,103,'MOTILAL OSWAL',0);
Insert into TRADES (TRADE_ID,TRADER,TIMESTAMP,BUY_SELL,SECURITY,QUANTITY,DEAL_PRICE,FIRM,BROKER,IS_WASHTRADE) values (100259,'TERCINT0',to_timestamp('08-SEP-19 12.24.37.352000000 PM','DD-MON-RR HH.MI.SSXFF AM'),'buy',3030,16792,123.28421901825965,102,'FYERS',0);
Insert into TRADES (TRADE_ID,TRADER,TIMESTAMP,BUY_SELL,SECURITY,QUANTITY,DEAL_PRICE,FIRM,BROKER,IS_WASHTRADE) values (100260,'ALIPN1XA',to_timestamp('08-SEP-19 11.18.54.944000000 PM','DD-MON-RR HH.MI.SSXFF AM'),'buy',3030,40199,200.72317430550663,103,'ICICI DIRECT',0);
Insert into TRADES (TRADE_ID,TRADER,TIMESTAMP,BUY_SELL,SECURITY,QUANTITY,DEAL_PRICE,FIRM,BROKER,IS_WASHTRADE) values (100261,'ALB6U2ZV',to_timestamp('08-SEP-19 03.05.43.674000000 PM','DD-MON-RR HH.MI.SSXFF AM'),'sell',1204,77554,195.11716635767914,101,'ZERODHA',0);
Insert into TRADES (TRADE_ID,TRADER,TIMESTAMP,BUY_SELL,SECURITY,QUANTITY,DEAL_PRICE,FIRM,BROKER,IS_WASHTRADE) values (100262,'LAUQ8TD9',to_timestamp('08-SEP-19 08.42.48.952000000 AM','DD-MON-RR HH.MI.SSXFF AM'),'sell',7890,41426,116.79023498686416,102,'FYERS',0);
Insert into TRADES (TRADE_ID,TRADER,TIMESTAMP,BUY_SELL,SECURITY,QUANTITY,DEAL_PRICE,FIRM,BROKER,IS_WASHTRADE) values (100263,'RUS646VJ',to_timestamp('08-SEP-19 01.58.15.727000000 PM','DD-MON-RR HH.MI.SSXFF AM'),'sell',7890,42343,189.82957162824925,103,'ICICI DIRECT',0);
Insert into TRADES (TRADE_ID,TRADER,TIMESTAMP,BUY_SELL,SECURITY,QUANTITY,DEAL_PRICE,FIRM,BROKER,IS_WASHTRADE) values (100264,'COR73U4C',to_timestamp('08-SEP-19 11.19.15.681000000 AM','DD-MON-RR HH.MI.SSXFF AM'),'buy',9811,41605,188.65050710127935,101,'UPSTOX',0);
Insert into TRADES (TRADE_ID,TRADER,TIMESTAMP,BUY_SELL,SECURITY,QUANTITY,DEAL_PRICE,FIRM,BROKER,IS_WASHTRADE) values (100265,'BRY0JA51',to_timestamp('08-SEP-19 05.26.51.962000000 AM','DD-MON-RR HH.MI.SSXFF AM'),'sell',7890,90636,117.4642638939316,102,'ICICI DIRECT',0);
Insert into TRADES (TRADE_ID,TRADER,TIMESTAMP,BUY_SELL,SECURITY,QUANTITY,DEAL_PRICE,FIRM,BROKER,IS_WASHTRADE) values (100266,'CHAKNMZB',to_timestamp('08-SEP-19 07.29.41.330000000 PM','DD-MON-RR HH.MI.SSXFF AM'),'sell',3030,16061,194.07082150123023,101,'5PAISA',0);
Insert into TRADES (TRADE_ID,TRADER,TIMESTAMP,BUY_SELL,SECURITY,QUANTITY,DEAL_PRICE,FIRM,BROKER,IS_WASHTRADE) values (100267,'RALM7D8P',to_timestamp('08-SEP-19 10.51.20.368000000 PM','DD-MON-RR HH.MI.SSXFF AM'),'sell',1204,82948,199.40854140517433,103,'UPSTOX',0);
Insert into TRADES (TRADE_ID,TRADER,TIMESTAMP,BUY_SELL,SECURITY,QUANTITY,DEAL_PRICE,FIRM,BROKER,IS_WASHTRADE) values (100268,'VERZZMJY',to_timestamp('08-SEP-19 02.43.02.002000000 AM','DD-MON-RR HH.MI.SSXFF AM'),'buy',1204,70928,193.60483988042208,101,'UPSTOX',0);
Insert into TRADES (TRADE_ID,TRADER,TIMESTAMP,BUY_SELL,SECURITY,QUANTITY,DEAL_PRICE,FIRM,BROKER,IS_WASHTRADE) values (100269,'KAYYTQEK',to_timestamp('08-SEP-19 10.45.54.728000000 AM','DD-MON-RR HH.MI.SSXFF AM'),'sell',3030,69497,200.36150205153896,103,'ANGEL BROKING',0);
Insert into TRADES (TRADE_ID,TRADER,TIMESTAMP,BUY_SELL,SECURITY,QUANTITY,DEAL_PRICE,FIRM,BROKER,IS_WASHTRADE) values (100270,'VER1YZU3',to_timestamp('08-SEP-19 05.41.37.840000000 AM','DD-MON-RR HH.MI.SSXFF AM'),'buy',1204,42521,198.73235723358718,103,'MOTILAL OSWAL',0);
Insert into TRADES (TRADE_ID,TRADER,TIMESTAMP,BUY_SELL,SECURITY,QUANTITY,DEAL_PRICE,FIRM,BROKER,IS_WASHTRADE) values (100271,'CHR8CBOJ',to_timestamp('08-SEP-19 03.54.58.190000000 PM','DD-MON-RR HH.MI.SSXFF AM'),'buy',3030,33148,122.10876568159877,102,'ANGEL BROKING',0);
Insert into TRADES (TRADE_ID,TRADER,TIMESTAMP,BUY_SELL,SECURITY,QUANTITY,DEAL_PRICE,FIRM,BROKER,IS_WASHTRADE) values (100272,'TIMWVSKU',to_timestamp('08-SEP-19 07.54.14.900000000 AM','DD-MON-RR HH.MI.SSXFF AM'),'buy',1204,2602,199.75174588260043,103,'ICICI DIRECT',0);
Insert into TRADES (TRADE_ID,TRADER,TIMESTAMP,BUY_SELL,SECURITY,QUANTITY,DEAL_PRICE,FIRM,BROKER,IS_WASHTRADE) values (100273,'FRATO0TG',to_timestamp('08-SEP-19 12.21.54.897000000 PM','DD-MON-RR HH.MI.SSXFF AM'),'buy',1204,79026,195.0249066795387,101,'ANGEL BROKING',0);
Insert into TRADES (TRADE_ID,TRADER,TIMESTAMP,BUY_SELL,SECURITY,QUANTITY,DEAL_PRICE,FIRM,BROKER,IS_WASHTRADE) values (100274,'TRIGVTRC',to_timestamp('08-SEP-19 02.48.31.667000000 AM','DD-MON-RR HH.MI.SSXFF AM'),'sell',7890,1098,185.3800294270088,101,'5PAISA',0);
Insert into TRADES (TRADE_ID,TRADER,TIMESTAMP,BUY_SELL,SECURITY,QUANTITY,DEAL_PRICE,FIRM,BROKER,IS_WASHTRADE) values (100275,'MATIBPRX',to_timestamp('08-SEP-19 12.23.04.352000000 PM','DD-MON-RR HH.MI.SSXFF AM'),'buy',9811,57488,192.4018318198837,103,'UPSTOX',0);
Insert into TRADES (TRADE_ID,TRADER,TIMESTAMP,BUY_SELL,SECURITY,QUANTITY,DEAL_PRICE,FIRM,BROKER,IS_WASHTRADE) values (100276,'CHAKNMZB',to_timestamp('08-SEP-19 01.03.20.555000000 AM','DD-MON-RR HH.MI.SSXFF AM'),'buy',1204,73910,193.05431224074118,101,'SHAREKHAN',0);
Insert into TRADES (TRADE_ID,TRADER,TIMESTAMP,BUY_SELL,SECURITY,QUANTITY,DEAL_PRICE,FIRM,BROKER,IS_WASHTRADE) values (100277,'NICHIDBT',to_timestamp('08-SEP-19 09.53.33.390000000 AM','DD-MON-RR HH.MI.SSXFF AM'),'buy',1204,98465,199.19569007778125,103,'SHAREKHAN',0);
Insert into TRADES (TRADE_ID,TRADER,TIMESTAMP,BUY_SELL,SECURITY,QUANTITY,DEAL_PRICE,FIRM,BROKER,IS_WASHTRADE) values (100278,'VIC3DJK9',to_timestamp('08-SEP-19 03.31.13.071000000 PM','DD-MON-RR HH.MI.SSXFF AM'),'sell',3030,56939,194.37982449678557,101,'UPSTOX',0);
Insert into TRADES (TRADE_ID,TRADER,TIMESTAMP,BUY_SELL,SECURITY,QUANTITY,DEAL_PRICE,FIRM,BROKER,IS_WASHTRADE) values (100279,'AMAXVHO4',to_timestamp('08-SEP-19 12.40.41.966000000 PM','DD-MON-RR HH.MI.SSXFF AM'),'sell',9811,7751,189.70270861503755,101,'ANGEL BROKING',0);
Insert into TRADES (TRADE_ID,TRADER,TIMESTAMP,BUY_SELL,SECURITY,QUANTITY,DEAL_PRICE,FIRM,BROKER,IS_WASHTRADE) values (100280,'VALZNDMP',to_timestamp('08-SEP-19 05.12.10.000000000 AM','DD-MON-RR HH.MI.SSXFF AM'),'buy',9811,62593,117.71677694700193,102,'MOTILAL OSWAL',0);
Insert into TRADES (TRADE_ID,TRADER,TIMESTAMP,BUY_SELL,SECURITY,QUANTITY,DEAL_PRICE,FIRM,BROKER,IS_WASHTRADE) values (100281,'COR73U4C',to_timestamp('08-SEP-19 08.39.25.424000000 PM','DD-MON-RR HH.MI.SSXFF AM'),'buy',3030,34203,195.25724091356867,101,'ZERODHA',0);
Insert into TRADES (TRADE_ID,TRADER,TIMESTAMP,BUY_SELL,SECURITY,QUANTITY,DEAL_PRICE,FIRM,BROKER,IS_WASHTRADE) values (100282,'BRI7Q8ED',to_timestamp('08-SEP-19 09.35.44.424000000 PM','DD-MON-RR HH.MI.SSXFF AM'),'buy',1204,72443,196.16375507830153,101,'ZERODHA',0);
Insert into TRADES (TRADE_ID,TRADER,TIMESTAMP,BUY_SELL,SECURITY,QUANTITY,DEAL_PRICE,FIRM,BROKER,IS_WASHTRADE) values (100283,'MYRV5CHW',to_timestamp('08-SEP-19 03.31.42.025000000 PM','DD-MON-RR HH.MI.SSXFF AM'),'sell',7890,43537,115.40887672335752,102,'SHAREKHAN',0);
Insert into TRADES (TRADE_ID,TRADER,TIMESTAMP,BUY_SELL,SECURITY,QUANTITY,DEAL_PRICE,FIRM,BROKER,IS_WASHTRADE) values (100284,'CHAIFE8J',to_timestamp('08-SEP-19 10.12.54.789000000 AM','DD-MON-RR HH.MI.SSXFF AM'),'buy',1204,97326,123.71582372495973,102,'UPSTOX',0);
Insert into TRADES (TRADE_ID,TRADER,TIMESTAMP,BUY_SELL,SECURITY,QUANTITY,DEAL_PRICE,FIRM,BROKER,IS_WASHTRADE) values (100285,'JUAGFC6U',to_timestamp('08-SEP-19 02.30.24.785000000 AM','DD-MON-RR HH.MI.SSXFF AM'),'buy',1204,31441,122.41862128867676,102,'MOTILAL OSWAL',0);
Insert into TRADES (TRADE_ID,TRADER,TIMESTAMP,BUY_SELL,SECURITY,QUANTITY,DEAL_PRICE,FIRM,BROKER,IS_WASHTRADE) values (100286,'CHAMQKSP',to_timestamp('08-SEP-19 06.01.17.314000000 AM','DD-MON-RR HH.MI.SSXFF AM'),'buy',7890,92148,115.55486139526546,102,'ICICI DIRECT',0);
Insert into TRADES (TRADE_ID,TRADER,TIMESTAMP,BUY_SELL,SECURITY,QUANTITY,DEAL_PRICE,FIRM,BROKER,IS_WASHTRADE) values (100287,'LOGQ4YTK',to_timestamp('08-SEP-19 01.40.25.128000000 AM','DD-MON-RR HH.MI.SSXFF AM'),'sell',1204,58782,199.71562387510045,103,'MOTILAL OSWAL',0);
Insert into TRADES (TRADE_ID,TRADER,TIMESTAMP,BUY_SELL,SECURITY,QUANTITY,DEAL_PRICE,FIRM,BROKER,IS_WASHTRADE) values (100288,'MAR8BQAC',to_timestamp('08-SEP-19 12.16.10.664000000 AM','DD-MON-RR HH.MI.SSXFF AM'),'sell',3030,29843,195.1935771694076,101,'5PAISA',0);
Insert into TRADES (TRADE_ID,TRADER,TIMESTAMP,BUY_SELL,SECURITY,QUANTITY,DEAL_PRICE,FIRM,BROKER,IS_WASHTRADE) values (100289,'MOT6H5OI',to_timestamp('08-SEP-19 03.42.47.293000000 AM','DD-MON-RR HH.MI.SSXFF AM'),'buy',7890,13682,185.45930120347313,101,'SHAREKHAN',0);
Insert into TRADES (TRADE_ID,TRADER,TIMESTAMP,BUY_SELL,SECURITY,QUANTITY,DEAL_PRICE,FIRM,BROKER,IS_WASHTRADE) values (100290,'MELNOFU6',to_timestamp('08-SEP-19 11.09.00.950000000 AM','DD-MON-RR HH.MI.SSXFF AM'),'sell',7890,24846,117.04169843703374,102,'MOTILAL OSWAL',0);
Insert into TRADES (TRADE_ID,TRADER,TIMESTAMP,BUY_SELL,SECURITY,QUANTITY,DEAL_PRICE,FIRM,BROKER,IS_WASHTRADE) values (100291,'JILL2VUQ',to_timestamp('08-SEP-19 07.31.00.899000000 PM','DD-MON-RR HH.MI.SSXFF AM'),'buy',3030,13930,198.8287742464436,103,'SHAREKHAN',0);
Insert into TRADES (TRADE_ID,TRADER,TIMESTAMP,BUY_SELL,SECURITY,QUANTITY,DEAL_PRICE,FIRM,BROKER,IS_WASHTRADE) values (100292,'TRAVTP0G',to_timestamp('08-SEP-19 01.58.30.622000000 AM','DD-MON-RR HH.MI.SSXFF AM'),'sell',3030,61326,198.0107226404382,103,'SHAREKHAN',0);
Insert into TRADES (TRADE_ID,TRADER,TIMESTAMP,BUY_SELL,SECURITY,QUANTITY,DEAL_PRICE,FIRM,BROKER,IS_WASHTRADE) values (100293,'RITI6EN1',to_timestamp('08-SEP-19 10.51.49.056000000 PM','DD-MON-RR HH.MI.SSXFF AM'),'buy',9811,28122,189.20851730963778,101,'UPSTOX',0);
Insert into TRADES (TRADE_ID,TRADER,TIMESTAMP,BUY_SELL,SECURITY,QUANTITY,DEAL_PRICE,FIRM,BROKER,IS_WASHTRADE) values (100294,'VIC3DJK9',to_timestamp('08-SEP-19 06.36.30.383000000 PM','DD-MON-RR HH.MI.SSXFF AM'),'sell',1204,89376,193.0714316337472,101,'ICICI DIRECT',0);
Insert into TRADES (TRADE_ID,TRADER,TIMESTAMP,BUY_SELL,SECURITY,QUANTITY,DEAL_PRICE,FIRM,BROKER,IS_WASHTRADE) values (100295,'RAYYHZEG',to_timestamp('08-SEP-19 06.01.55.397000000 PM','DD-MON-RR HH.MI.SSXFF AM'),'sell',3030,99127,197.50289505091183,103,'SHAREKHAN',0);
Insert into TRADES (TRADE_ID,TRADER,TIMESTAMP,BUY_SELL,SECURITY,QUANTITY,DEAL_PRICE,FIRM,BROKER,IS_WASHTRADE) values (100296,'EVE8BC2Y',to_timestamp('08-SEP-19 11.39.58.137000000 PM','DD-MON-RR HH.MI.SSXFF AM'),'buy',9811,29518,119.20354979391894,102,'ICICI DIRECT',0);
Insert into TRADES (TRADE_ID,TRADER,TIMESTAMP,BUY_SELL,SECURITY,QUANTITY,DEAL_PRICE,FIRM,BROKER,IS_WASHTRADE) values (100297,'AND4U4E9',to_timestamp('08-SEP-19 12.02.19.515000000 PM','DD-MON-RR HH.MI.SSXFF AM'),'buy',7890,14478,191.07160874320027,103,'ZERODHA',0);
Insert into TRADES (TRADE_ID,TRADER,TIMESTAMP,BUY_SELL,SECURITY,QUANTITY,DEAL_PRICE,FIRM,BROKER,IS_WASHTRADE) values (100298,'MARC6VSB',to_timestamp('08-SEP-19 05.25.22.569000000 AM','DD-MON-RR HH.MI.SSXFF AM'),'buy',9811,33652,193.6619051073736,103,'ANGEL BROKING',0);
Insert into TRADES (TRADE_ID,TRADER,TIMESTAMP,BUY_SELL,SECURITY,QUANTITY,DEAL_PRICE,FIRM,BROKER,IS_WASHTRADE) values (100299,'PATJROMB',to_timestamp('08-SEP-19 04.51.51.192000000 AM','DD-MON-RR HH.MI.SSXFF AM'),'sell',9811,15549,192.4901008368226,103,'UPSTOX',0);
Insert into TRADES (TRADE_ID,TRADER,TIMESTAMP,BUY_SELL,SECURITY,QUANTITY,DEAL_PRICE,FIRM,BROKER,IS_WASHTRADE) values (100300,'DARVGNYM',to_timestamp('08-SEP-19 04.27.20.666000000 PM','DD-MON-RR HH.MI.SSXFF AM'),'sell',9811,23656,190.18889598877203,101,'SHAREKHAN',0);
Insert into TRADES (TRADE_ID,TRADER,TIMESTAMP,BUY_SELL,SECURITY,QUANTITY,DEAL_PRICE,FIRM,BROKER,IS_WASHTRADE) values (100301,'MARIPLHR',to_timestamp('08-SEP-19 09.33.53.627000000 AM','DD-MON-RR HH.MI.SSXFF AM'),'sell',1204,92574,194.78086973806356,101,'MOTILAL OSWAL',0);
Insert into TRADES (TRADE_ID,TRADER,TIMESTAMP,BUY_SELL,SECURITY,QUANTITY,DEAL_PRICE,FIRM,BROKER,IS_WASHTRADE) values (100302,'SHI75KZ0',to_timestamp('08-SEP-19 12.17.07.534000000 PM','DD-MON-RR HH.MI.SSXFF AM'),'sell',1204,557,194.45407421571701,101,'FYERS',0);
Insert into TRADES (TRADE_ID,TRADER,TIMESTAMP,BUY_SELL,SECURITY,QUANTITY,DEAL_PRICE,FIRM,BROKER,IS_WASHTRADE) values (100606,'DARAQA2D',to_timestamp('08-SEP-19 03.51.16.655000000 PM','DD-MON-RR HH.MI.SSXFF AM'),'buy',9811,80141,187.97478194737096,101,'ANGEL BROKING',0);
Insert into TRADES (TRADE_ID,TRADER,TIMESTAMP,BUY_SELL,SECURITY,QUANTITY,DEAL_PRICE,FIRM,BROKER,IS_WASHTRADE) values (100607,'LOGQ4YTK',to_timestamp('08-SEP-19 03.37.17.476000000 PM','DD-MON-RR HH.MI.SSXFF AM'),'sell',3030,77208,195.86394844960483,101,'MOTILAL OSWAL',0);
Insert into TRADES (TRADE_ID,TRADER,TIMESTAMP,BUY_SELL,SECURITY,QUANTITY,DEAL_PRICE,FIRM,BROKER,IS_WASHTRADE) values (100608,'JUAGFC6U',to_timestamp('08-SEP-19 06.05.53.172000000 PM','DD-MON-RR HH.MI.SSXFF AM'),'sell',3030,17813,197.52140989262605,103,'ANGEL BROKING',0);
Insert into TRADES (TRADE_ID,TRADER,TIMESTAMP,BUY_SELL,SECURITY,QUANTITY,DEAL_PRICE,FIRM,BROKER,IS_WASHTRADE) values (100609,'MADGO36M',to_timestamp('08-SEP-19 04.31.07.163000000 AM','DD-MON-RR HH.MI.SSXFF AM'),'buy',3030,84892,122.37420833051331,102,'ANGEL BROKING',0);
Insert into TRADES (TRADE_ID,TRADER,TIMESTAMP,BUY_SELL,SECURITY,QUANTITY,DEAL_PRICE,FIRM,BROKER,IS_WASHTRADE) values (100610,'BON7USKP',to_timestamp('08-SEP-19 07.25.54.241000000 PM','DD-MON-RR HH.MI.SSXFF AM'),'sell',1204,25845,193.07412505905643,101,'ANGEL BROKING',0);
Insert into TRADES (TRADE_ID,TRADER,TIMESTAMP,BUY_SELL,SECURITY,QUANTITY,DEAL_PRICE,FIRM,BROKER,IS_WASHTRADE) values (100611,'NICY8OJF',to_timestamp('08-SEP-19 01.59.22.626000000 PM','DD-MON-RR HH.MI.SSXFF AM'),'buy',1204,41928,195.360703160033,101,'5PAISA',0);
Insert into TRADES (TRADE_ID,TRADER,TIMESTAMP,BUY_SELL,SECURITY,QUANTITY,DEAL_PRICE,FIRM,BROKER,IS_WASHTRADE) values (100612,'KENA8P1Q',to_timestamp('08-SEP-19 07.38.30.552000000 AM','DD-MON-RR HH.MI.SSXFF AM'),'buy',1204,2321,198.71167349130124,103,'ICICI DIRECT',0);
Insert into TRADES (TRADE_ID,TRADER,TIMESTAMP,BUY_SELL,SECURITY,QUANTITY,DEAL_PRICE,FIRM,BROKER,IS_WASHTRADE) values (100613,'JUAGFC6U',to_timestamp('08-SEP-19 01.55.18.811000000 PM','DD-MON-RR HH.MI.SSXFF AM'),'buy',9811,45012,187.36922741332324,101,'SHAREKHAN',0);
Insert into TRADES (TRADE_ID,TRADER,TIMESTAMP,BUY_SELL,SECURITY,QUANTITY,DEAL_PRICE,FIRM,BROKER,IS_WASHTRADE) values (100614,'CHR0XPDI',to_timestamp('08-SEP-19 06.27.14.954000000 PM','DD-MON-RR HH.MI.SSXFF AM'),'buy',1204,11130,195.72794902577633,101,'ICICI DIRECT',0);
Insert into TRADES (TRADE_ID,TRADER,TIMESTAMP,BUY_SELL,SECURITY,QUANTITY,DEAL_PRICE,FIRM,BROKER,IS_WASHTRADE) values (100615,'WAYM2L83',to_timestamp('08-SEP-19 08.54.29.688000000 AM','DD-MON-RR HH.MI.SSXFF AM'),'sell',1204,18294,121.72585226836028,102,'MOTILAL OSWAL',0);
Insert into TRADES (TRADE_ID,TRADER,TIMESTAMP,BUY_SELL,SECURITY,QUANTITY,DEAL_PRICE,FIRM,BROKER,IS_WASHTRADE) values (100616,'LINN4YBL',to_timestamp('08-SEP-19 04.29.43.777000000 AM','DD-MON-RR HH.MI.SSXFF AM'),'sell',1204,52031,194.34729603201112,101,'ICICI DIRECT',0);
Insert into TRADES (TRADE_ID,TRADER,TIMESTAMP,BUY_SELL,SECURITY,QUANTITY,DEAL_PRICE,FIRM,BROKER,IS_WASHTRADE) values (100617,'BARK5S5E',to_timestamp('08-SEP-19 03.51.15.458000000 AM','DD-MON-RR HH.MI.SSXFF AM'),'buy',1204,3608,123.16160615553933,102,'SHAREKHAN',0);
Insert into TRADES (TRADE_ID,TRADER,TIMESTAMP,BUY_SELL,SECURITY,QUANTITY,DEAL_PRICE,FIRM,BROKER,IS_WASHTRADE) values (100618,'NICY8OJF',to_timestamp('08-SEP-19 10.19.45.159000000 PM','DD-MON-RR HH.MI.SSXFF AM'),'sell',1204,9418,196.14518403405944,101,'ANGEL BROKING',0);
Insert into TRADES (TRADE_ID,TRADER,TIMESTAMP,BUY_SELL,SECURITY,QUANTITY,DEAL_PRICE,FIRM,BROKER,IS_WASHTRADE) values (100619,'DANAJLHH',to_timestamp('08-SEP-19 01.29.24.659000000 PM','DD-MON-RR HH.MI.SSXFF AM'),'sell',7890,41318,185.71797900108825,101,'FYERS',0);
Insert into TRADES (TRADE_ID,TRADER,TIMESTAMP,BUY_SELL,SECURITY,QUANTITY,DEAL_PRICE,FIRM,BROKER,IS_WASHTRADE) values (100620,'ETHSI05R',to_timestamp('08-SEP-19 06.15.57.889000000 PM','DD-MON-RR HH.MI.SSXFF AM'),'sell',3030,26066,121.42798784790108,102,'ANGEL BROKING',0);
Insert into TRADES (TRADE_ID,TRADER,TIMESTAMP,BUY_SELL,SECURITY,QUANTITY,DEAL_PRICE,FIRM,BROKER,IS_WASHTRADE) values (100621,'HERSPFIE',to_timestamp('08-SEP-19 03.53.45.930000000 AM','DD-MON-RR HH.MI.SSXFF AM'),'sell',1204,43041,121.69197212438743,102,'FYERS',0);
Insert into TRADES (TRADE_ID,TRADER,TIMESTAMP,BUY_SELL,SECURITY,QUANTITY,DEAL_PRICE,FIRM,BROKER,IS_WASHTRADE) values (100622,'RIT8K7LO',to_timestamp('08-SEP-19 05.10.54.512000000 AM','DD-MON-RR HH.MI.SSXFF AM'),'buy',7890,72797,116.95556528043605,102,'UPSTOX',0);
Insert into TRADES (TRADE_ID,TRADER,TIMESTAMP,BUY_SELL,SECURITY,QUANTITY,DEAL_PRICE,FIRM,BROKER,IS_WASHTRADE) values (100623,'LOGQ4YTK',to_timestamp('08-SEP-19 11.13.28.174000000 AM','DD-MON-RR HH.MI.SSXFF AM'),'buy',9811,56708,193.64203123460496,103,'FYERS',0);
Insert into TRADES (TRADE_ID,TRADER,TIMESTAMP,BUY_SELL,SECURITY,QUANTITY,DEAL_PRICE,FIRM,BROKER,IS_WASHTRADE) values (100624,'CARX4UT9',to_timestamp('08-SEP-19 07.00.26.284000000 AM','DD-MON-RR HH.MI.SSXFF AM'),'sell',1204,17229,121.86040740748463,102,'UPSTOX',0);
Insert into TRADES (TRADE_ID,TRADER,TIMESTAMP,BUY_SELL,SECURITY,QUANTITY,DEAL_PRICE,FIRM,BROKER,IS_WASHTRADE) values (100625,'JUAGFC6U',to_timestamp('08-SEP-19 04.31.31.564000000 PM','DD-MON-RR HH.MI.SSXFF AM'),'buy',9811,25154,188.62841474282146,101,'ZERODHA',0);
Insert into TRADES (TRADE_ID,TRADER,TIMESTAMP,BUY_SELL,SECURITY,QUANTITY,DEAL_PRICE,FIRM,BROKER,IS_WASHTRADE) values (100626,'JONCYF5O',to_timestamp('08-SEP-19 11.58.54.599000000 PM','DD-MON-RR HH.MI.SSXFF AM'),'buy',3030,14655,122.4287241074831,102,'ZERODHA',0);
Insert into TRADES (TRADE_ID,TRADER,TIMESTAMP,BUY_SELL,SECURITY,QUANTITY,DEAL_PRICE,FIRM,BROKER,IS_WASHTRADE) values (100627,'NICHIDBT',to_timestamp('08-SEP-19 09.58.39.438000000 AM','DD-MON-RR HH.MI.SSXFF AM'),'buy',7890,11044,186.43245395782515,101,'ZERODHA',0);
Insert into TRADES (TRADE_ID,TRADER,TIMESTAMP,BUY_SELL,SECURITY,QUANTITY,DEAL_PRICE,FIRM,BROKER,IS_WASHTRADE) values (100628,'CHAIFE8J',to_timestamp('08-SEP-19 10.38.02.971000000 PM','DD-MON-RR HH.MI.SSXFF AM'),'buy',9811,25026,192.55203970174057,103,'FYERS',0);
Insert into TRADES (TRADE_ID,TRADER,TIMESTAMP,BUY_SELL,SECURITY,QUANTITY,DEAL_PRICE,FIRM,BROKER,IS_WASHTRADE) values (100629,'BRI7Q8ED',to_timestamp('08-SEP-19 11.17.47.277000000 PM','DD-MON-RR HH.MI.SSXFF AM'),'sell',7890,53954,183.93873180196024,101,'5PAISA',0);
Insert into TRADES (TRADE_ID,TRADER,TIMESTAMP,BUY_SELL,SECURITY,QUANTITY,DEAL_PRICE,FIRM,BROKER,IS_WASHTRADE) values (100630,'BARK5S5E',to_timestamp('08-SEP-19 07.37.04.901000000 PM','DD-MON-RR HH.MI.SSXFF AM'),'buy',1204,8533,123.61938893126926,102,'5PAISA',0);
Insert into TRADES (TRADE_ID,TRADER,TIMESTAMP,BUY_SELL,SECURITY,QUANTITY,DEAL_PRICE,FIRM,BROKER,IS_WASHTRADE) values (100631,'DEBBPH8V',to_timestamp('08-SEP-19 08.24.13.734000000 PM','DD-MON-RR HH.MI.SSXFF AM'),'sell',3030,73757,121.33147256243002,102,'FYERS',0);
Insert into TRADES (TRADE_ID,TRADER,TIMESTAMP,BUY_SELL,SECURITY,QUANTITY,DEAL_PRICE,FIRM,BROKER,IS_WASHTRADE) values (100632,'JAN7R6US',to_timestamp('08-SEP-19 03.11.15.463000000 AM','DD-MON-RR HH.MI.SSXFF AM'),'buy',3030,75410,199.0038051174009,103,'ICICI DIRECT',0);
Insert into TRADES (TRADE_ID,TRADER,TIMESTAMP,BUY_SELL,SECURITY,QUANTITY,DEAL_PRICE,FIRM,BROKER,IS_WASHTRADE) values (100633,'CYNZN2JC',to_timestamp('08-SEP-19 06.45.04.724000000 AM','DD-MON-RR HH.MI.SSXFF AM'),'sell',9811,69589,119.13775252854958,102,'ZERODHA',0);
Insert into TRADES (TRADE_ID,TRADER,TIMESTAMP,BUY_SELL,SECURITY,QUANTITY,DEAL_PRICE,FIRM,BROKER,IS_WASHTRADE) values (100634,'HEAK6C0G',to_timestamp('08-SEP-19 04.50.27.579000000 AM','DD-MON-RR HH.MI.SSXFF AM'),'sell',3030,20460,194.2085755435828,101,'ZERODHA',0);
Insert into TRADES (TRADE_ID,TRADER,TIMESTAMP,BUY_SELL,SECURITY,QUANTITY,DEAL_PRICE,FIRM,BROKER,IS_WASHTRADE) values (100635,'STEB2TU3',to_timestamp('08-SEP-19 12.30.49.101000000 AM','DD-MON-RR HH.MI.SSXFF AM'),'buy',9811,98153,119.57179146532893,102,'FYERS',0);
Insert into TRADES (TRADE_ID,TRADER,TIMESTAMP,BUY_SELL,SECURITY,QUANTITY,DEAL_PRICE,FIRM,BROKER,IS_WASHTRADE) values (100636,'BRY0JA51',to_timestamp('08-SEP-19 12.26.46.913000000 AM','DD-MON-RR HH.MI.SSXFF AM'),'buy',7890,81789,184.93183335739732,101,'ICICI DIRECT',0);
Insert into TRADES (TRADE_ID,TRADER,TIMESTAMP,BUY_SELL,SECURITY,QUANTITY,DEAL_PRICE,FIRM,BROKER,IS_WASHTRADE) values (100637,'TRIGVTRC',to_timestamp('08-SEP-19 12.06.27.811000000 PM','DD-MON-RR HH.MI.SSXFF AM'),'buy',1204,76194,198.92843989390806,103,'FYERS',0);
Insert into TRADES (TRADE_ID,TRADER,TIMESTAMP,BUY_SELL,SECURITY,QUANTITY,DEAL_PRICE,FIRM,BROKER,IS_WASHTRADE) values (100638,'MARVBWK7',to_timestamp('08-SEP-19 06.20.01.767000000 AM','DD-MON-RR HH.MI.SSXFF AM'),'sell',7890,36173,188.56065804007295,103,'UPSTOX',0);
Insert into TRADES (TRADE_ID,TRADER,TIMESTAMP,BUY_SELL,SECURITY,QUANTITY,DEAL_PRICE,FIRM,BROKER,IS_WASHTRADE) values (100639,'VIVUVTZX',to_timestamp('08-SEP-19 02.25.22.177000000 PM','DD-MON-RR HH.MI.SSXFF AM'),'sell',9811,5796,193.87239426524908,103,'ANGEL BROKING',0);
Insert into TRADES (TRADE_ID,TRADER,TIMESTAMP,BUY_SELL,SECURITY,QUANTITY,DEAL_PRICE,FIRM,BROKER,IS_WASHTRADE) values (100640,'ERIYFMJM',to_timestamp('08-SEP-19 10.05.35.420000000 PM','DD-MON-RR HH.MI.SSXFF AM'),'buy',9811,62368,188.3893124112934,101,'ZERODHA',0);
Insert into TRADES (TRADE_ID,TRADER,TIMESTAMP,BUY_SELL,SECURITY,QUANTITY,DEAL_PRICE,FIRM,BROKER,IS_WASHTRADE) values (100641,'JAD41VYX',to_timestamp('08-SEP-19 05.24.45.247000000 AM','DD-MON-RR HH.MI.SSXFF AM'),'buy',3030,22600,193.61955878009434,101,'SHAREKHAN',0);
Insert into TRADES (TRADE_ID,TRADER,TIMESTAMP,BUY_SELL,SECURITY,QUANTITY,DEAL_PRICE,FIRM,BROKER,IS_WASHTRADE) values (100642,'LAUQ8TD9',to_timestamp('08-SEP-19 12.15.17.523000000 PM','DD-MON-RR HH.MI.SSXFF AM'),'buy',3030,71843,193.14906151423645,101,'5PAISA',0);
Insert into TRADES (TRADE_ID,TRADER,TIMESTAMP,BUY_SELL,SECURITY,QUANTITY,DEAL_PRICE,FIRM,BROKER,IS_WASHTRADE) values (100643,'CHR0XPDI',to_timestamp('08-SEP-19 10.19.37.530000000 PM','DD-MON-RR HH.MI.SSXFF AM'),'sell',1204,13539,192.79345561111452,101,'ICICI DIRECT',0);
Insert into TRADES (TRADE_ID,TRADER,TIMESTAMP,BUY_SELL,SECURITY,QUANTITY,DEAL_PRICE,FIRM,BROKER,IS_WASHTRADE) values (100644,'MARIPLHR',to_timestamp('08-SEP-19 11.06.17.832000000 AM','DD-MON-RR HH.MI.SSXFF AM'),'sell',1204,10925,123.57920572935879,102,'FYERS',0);
Insert into TRADES (TRADE_ID,TRADER,TIMESTAMP,BUY_SELL,SECURITY,QUANTITY,DEAL_PRICE,FIRM,BROKER,IS_WASHTRADE) values (100645,'PAIG91XK',to_timestamp('08-SEP-19 08.14.59.177000000 AM','DD-MON-RR HH.MI.SSXFF AM'),'buy',1204,21694,122.38337473627928,102,'ZERODHA',0);
Insert into TRADES (TRADE_ID,TRADER,TIMESTAMP,BUY_SELL,SECURITY,QUANTITY,DEAL_PRICE,FIRM,BROKER,IS_WASHTRADE) values (100646,'DIXS805S',to_timestamp('08-SEP-19 05.25.58.984000000 PM','DD-MON-RR HH.MI.SSXFF AM'),'sell',3030,54079,123.22911412943861,102,'ANGEL BROKING',0);
Insert into TRADES (TRADE_ID,TRADER,TIMESTAMP,BUY_SELL,SECURITY,QUANTITY,DEAL_PRICE,FIRM,BROKER,IS_WASHTRADE) values (100647,'WANJU1CH',to_timestamp('08-SEP-19 06.31.19.251000000 PM','DD-MON-RR HH.MI.SSXFF AM'),'sell',3030,70300,198.56550493646847,103,'SHAREKHAN',0);
Insert into TRADES (TRADE_ID,TRADER,TIMESTAMP,BUY_SELL,SECURITY,QUANTITY,DEAL_PRICE,FIRM,BROKER,IS_WASHTRADE) values (100648,'SUM39QPW',to_timestamp('08-SEP-19 05.14.44.766000000 AM','DD-MON-RR HH.MI.SSXFF AM'),'sell',1204,56892,122.43530043739479,102,'MOTILAL OSWAL',0);
Insert into TRADES (TRADE_ID,TRADER,TIMESTAMP,BUY_SELL,SECURITY,QUANTITY,DEAL_PRICE,FIRM,BROKER,IS_WASHTRADE) values (100649,'NICHIDBT',to_timestamp('08-SEP-19 03.14.23.316000000 PM','DD-MON-RR HH.MI.SSXFF AM'),'sell',3030,62583,200.62661649562767,103,'UPSTOX',0);
Insert into TRADES (TRADE_ID,TRADER,TIMESTAMP,BUY_SELL,SECURITY,QUANTITY,DEAL_PRICE,FIRM,BROKER,IS_WASHTRADE) values (100650,'SUM39QPW',to_timestamp('08-SEP-19 03.58.55.561000000 PM','DD-MON-RR HH.MI.SSXFF AM'),'sell',9811,46499,193.011182955878,103,'SHAREKHAN',0);
Insert into TRADES (TRADE_ID,TRADER,TIMESTAMP,BUY_SELL,SECURITY,QUANTITY,DEAL_PRICE,FIRM,BROKER,IS_WASHTRADE) values (100651,'PHILVLKJ',to_timestamp('08-SEP-19 08.48.37.891000000 AM','DD-MON-RR HH.MI.SSXFF AM'),'buy',9811,63116,119.0353990321403,102,'ANGEL BROKING',0);
Insert into TRADES (TRADE_ID,TRADER,TIMESTAMP,BUY_SELL,SECURITY,QUANTITY,DEAL_PRICE,FIRM,BROKER,IS_WASHTRADE) values (100652,'PATJROMB',to_timestamp('08-SEP-19 04.30.12.879000000 PM','DD-MON-RR HH.MI.SSXFF AM'),'sell',3030,9752,123.56880931175735,102,'UPSTOX',0);
Insert into TRADES (TRADE_ID,TRADER,TIMESTAMP,BUY_SELL,SECURITY,QUANTITY,DEAL_PRICE,FIRM,BROKER,IS_WASHTRADE) values (100653,'TIA83MIF',to_timestamp('08-SEP-19 09.27.58.351000000 AM','DD-MON-RR HH.MI.SSXFF AM'),'buy',1204,4357,195.60295473077423,101,'5PAISA',0);
Insert into TRADES (TRADE_ID,TRADER,TIMESTAMP,BUY_SELL,SECURITY,QUANTITY,DEAL_PRICE,FIRM,BROKER,IS_WASHTRADE) values (100654,'BRO54WAF',to_timestamp('08-SEP-19 05.26.09.484000000 PM','DD-MON-RR HH.MI.SSXFF AM'),'buy',3030,36946,197.69179079377022,103,'MOTILAL OSWAL',0);
Insert into TRADES (TRADE_ID,TRADER,TIMESTAMP,BUY_SELL,SECURITY,QUANTITY,DEAL_PRICE,FIRM,BROKER,IS_WASHTRADE) values (100655,'TASI9OQI',to_timestamp('08-SEP-19 07.54.50.207000000 AM','DD-MON-RR HH.MI.SSXFF AM'),'sell',3030,90795,121.07283720579659,102,'ZERODHA',0);
Insert into TRADES (TRADE_ID,TRADER,TIMESTAMP,BUY_SELL,SECURITY,QUANTITY,DEAL_PRICE,FIRM,BROKER,IS_WASHTRADE) values (100656,'RACB6TS3',to_timestamp('08-SEP-19 12.01.19.880000000 PM','DD-MON-RR HH.MI.SSXFF AM'),'sell',9811,36589,119.83281935980344,102,'ZERODHA',0);
Insert into TRADES (TRADE_ID,TRADER,TIMESTAMP,BUY_SELL,SECURITY,QUANTITY,DEAL_PRICE,FIRM,BROKER,IS_WASHTRADE) values (100657,'CHAIFE8J',to_timestamp('08-SEP-19 06.36.46.834000000 AM','DD-MON-RR HH.MI.SSXFF AM'),'buy',3030,72018,123.23289400105456,102,'ANGEL BROKING',0);
Insert into TRADES (TRADE_ID,TRADER,TIMESTAMP,BUY_SELL,SECURITY,QUANTITY,DEAL_PRICE,FIRM,BROKER,IS_WASHTRADE) values (100658,'LEEXDIQ6',to_timestamp('08-SEP-19 05.35.37.292000000 PM','DD-MON-RR HH.MI.SSXFF AM'),'sell',1204,43472,197.43991039752754,103,'MOTILAL OSWAL',0);
Insert into TRADES (TRADE_ID,TRADER,TIMESTAMP,BUY_SELL,SECURITY,QUANTITY,DEAL_PRICE,FIRM,BROKER,IS_WASHTRADE) values (100659,'TERCINT0',to_timestamp('08-SEP-19 09.31.33.612000000 AM','DD-MON-RR HH.MI.SSXFF AM'),'buy',3030,16792,121.95126743753903,102,'FYERS',0);
Insert into TRADES (TRADE_ID,TRADER,TIMESTAMP,BUY_SELL,SECURITY,QUANTITY,DEAL_PRICE,FIRM,BROKER,IS_WASHTRADE) values (100660,'ALIPN1XA',to_timestamp('08-SEP-19 08.32.27.092000000 PM','DD-MON-RR HH.MI.SSXFF AM'),'buy',3030,40199,200.82268870661352,103,'ICICI DIRECT',0);
Insert into TRADES (TRADE_ID,TRADER,TIMESTAMP,BUY_SELL,SECURITY,QUANTITY,DEAL_PRICE,FIRM,BROKER,IS_WASHTRADE) values (100661,'ALB6U2ZV',to_timestamp('08-SEP-19 04.59.44.046000000 PM','DD-MON-RR HH.MI.SSXFF AM'),'sell',1204,77554,193.5858583043158,101,'ZERODHA',0);
Insert into TRADES (TRADE_ID,TRADER,TIMESTAMP,BUY_SELL,SECURITY,QUANTITY,DEAL_PRICE,FIRM,BROKER,IS_WASHTRADE) values (100662,'LAUQ8TD9',to_timestamp('08-SEP-19 11.05.52.315000000 AM','DD-MON-RR HH.MI.SSXFF AM'),'sell',7890,41426,116.37632262967692,102,'FYERS',0);
Insert into TRADES (TRADE_ID,TRADER,TIMESTAMP,BUY_SELL,SECURITY,QUANTITY,DEAL_PRICE,FIRM,BROKER,IS_WASHTRADE) values (100663,'RUS646VJ',to_timestamp('08-SEP-19 08.25.21.517000000 AM','DD-MON-RR HH.MI.SSXFF AM'),'sell',7890,42343,189.63016369897537,103,'ICICI DIRECT',0);
Insert into TRADES (TRADE_ID,TRADER,TIMESTAMP,BUY_SELL,SECURITY,QUANTITY,DEAL_PRICE,FIRM,BROKER,IS_WASHTRADE) values (100664,'COR73U4C',to_timestamp('08-SEP-19 07.33.53.741000000 AM','DD-MON-RR HH.MI.SSXFF AM'),'buy',9811,41605,190.39230471995828,101,'UPSTOX',0);
Insert into TRADES (TRADE_ID,TRADER,TIMESTAMP,BUY_SELL,SECURITY,QUANTITY,DEAL_PRICE,FIRM,BROKER,IS_WASHTRADE) values (100665,'BRY0JA51',to_timestamp('08-SEP-19 07.48.55.794000000 PM','DD-MON-RR HH.MI.SSXFF AM'),'sell',7890,90636,117.21674743623105,102,'ICICI DIRECT',0);
Insert into TRADES (TRADE_ID,TRADER,TIMESTAMP,BUY_SELL,SECURITY,QUANTITY,DEAL_PRICE,FIRM,BROKER,IS_WASHTRADE) values (100666,'CHAKNMZB',to_timestamp('08-SEP-19 01.21.24.507000000 PM','DD-MON-RR HH.MI.SSXFF AM'),'sell',3030,16061,195.57748312020288,101,'5PAISA',0);
Insert into TRADES (TRADE_ID,TRADER,TIMESTAMP,BUY_SELL,SECURITY,QUANTITY,DEAL_PRICE,FIRM,BROKER,IS_WASHTRADE) values (100667,'RALM7D8P',to_timestamp('08-SEP-19 11.33.50.219000000 AM','DD-MON-RR HH.MI.SSXFF AM'),'sell',1204,82948,199.99547531396124,103,'UPSTOX',0);
Insert into TRADES (TRADE_ID,TRADER,TIMESTAMP,BUY_SELL,SECURITY,QUANTITY,DEAL_PRICE,FIRM,BROKER,IS_WASHTRADE) values (100668,'VERZZMJY',to_timestamp('08-SEP-19 06.27.06.599000000 AM','DD-MON-RR HH.MI.SSXFF AM'),'buy',1204,70928,194.52874006181722,101,'UPSTOX',0);
Insert into TRADES (TRADE_ID,TRADER,TIMESTAMP,BUY_SELL,SECURITY,QUANTITY,DEAL_PRICE,FIRM,BROKER,IS_WASHTRADE) values (100669,'KAYYTQEK',to_timestamp('08-SEP-19 03.52.08.413000000 PM','DD-MON-RR HH.MI.SSXFF AM'),'sell',3030,69497,198.48597692827852,103,'ANGEL BROKING',0);
Insert into TRADES (TRADE_ID,TRADER,TIMESTAMP,BUY_SELL,SECURITY,QUANTITY,DEAL_PRICE,FIRM,BROKER,IS_WASHTRADE) values (100670,'VER1YZU3',to_timestamp('08-SEP-19 12.45.23.407000000 AM','DD-MON-RR HH.MI.SSXFF AM'),'buy',1204,42521,197.29867188149214,103,'MOTILAL OSWAL',0);
Insert into TRADES (TRADE_ID,TRADER,TIMESTAMP,BUY_SELL,SECURITY,QUANTITY,DEAL_PRICE,FIRM,BROKER,IS_WASHTRADE) values (100671,'CHR8CBOJ',to_timestamp('08-SEP-19 07.23.52.245000000 PM','DD-MON-RR HH.MI.SSXFF AM'),'buy',3030,33148,122.12939577957084,102,'ANGEL BROKING',0);
Insert into TRADES (TRADE_ID,TRADER,TIMESTAMP,BUY_SELL,SECURITY,QUANTITY,DEAL_PRICE,FIRM,BROKER,IS_WASHTRADE) values (100672,'TIMWVSKU',to_timestamp('08-SEP-19 01.18.27.864000000 PM','DD-MON-RR HH.MI.SSXFF AM'),'buy',1204,2602,197.33067952024868,103,'ICICI DIRECT',0);
Insert into TRADES (TRADE_ID,TRADER,TIMESTAMP,BUY_SELL,SECURITY,QUANTITY,DEAL_PRICE,FIRM,BROKER,IS_WASHTRADE) values (100673,'FRATO0TG',to_timestamp('08-SEP-19 11.35.10.655000000 AM','DD-MON-RR HH.MI.SSXFF AM'),'buy',1204,79026,195.37717383372757,101,'ANGEL BROKING',0);
Insert into TRADES (TRADE_ID,TRADER,TIMESTAMP,BUY_SELL,SECURITY,QUANTITY,DEAL_PRICE,FIRM,BROKER,IS_WASHTRADE) values (100674,'TRIGVTRC',to_timestamp('08-SEP-19 04.11.39.372000000 PM','DD-MON-RR HH.MI.SSXFF AM'),'sell',7890,1098,185.45315504547818,101,'5PAISA',0);
Insert into TRADES (TRADE_ID,TRADER,TIMESTAMP,BUY_SELL,SECURITY,QUANTITY,DEAL_PRICE,FIRM,BROKER,IS_WASHTRADE) values (100675,'MATIBPRX',to_timestamp('08-SEP-19 09.35.55.597000000 PM','DD-MON-RR HH.MI.SSXFF AM'),'buy',9811,57488,191.89494135016218,103,'UPSTOX',0);
Insert into TRADES (TRADE_ID,TRADER,TIMESTAMP,BUY_SELL,SECURITY,QUANTITY,DEAL_PRICE,FIRM,BROKER,IS_WASHTRADE) values (100676,'CHAKNMZB',to_timestamp('08-SEP-19 11.03.03.658000000 PM','DD-MON-RR HH.MI.SSXFF AM'),'buy',1204,73910,194.81526018797118,101,'SHAREKHAN',0);
Insert into TRADES (TRADE_ID,TRADER,TIMESTAMP,BUY_SELL,SECURITY,QUANTITY,DEAL_PRICE,FIRM,BROKER,IS_WASHTRADE) values (100677,'NICHIDBT',to_timestamp('08-SEP-19 12.40.41.494000000 PM','DD-MON-RR HH.MI.SSXFF AM'),'buy',1204,98465,199.48955097357188,103,'SHAREKHAN',0);
Insert into TRADES (TRADE_ID,TRADER,TIMESTAMP,BUY_SELL,SECURITY,QUANTITY,DEAL_PRICE,FIRM,BROKER,IS_WASHTRADE) values (100678,'VIC3DJK9',to_timestamp('08-SEP-19 05.48.07.556000000 AM','DD-MON-RR HH.MI.SSXFF AM'),'sell',3030,56939,193.32085276843668,101,'UPSTOX',0);
Insert into TRADES (TRADE_ID,TRADER,TIMESTAMP,BUY_SELL,SECURITY,QUANTITY,DEAL_PRICE,FIRM,BROKER,IS_WASHTRADE) values (100679,'AMAXVHO4',to_timestamp('08-SEP-19 01.14.52.550000000 PM','DD-MON-RR HH.MI.SSXFF AM'),'sell',9811,7751,189.39860359623592,101,'ANGEL BROKING',0);
Insert into TRADES (TRADE_ID,TRADER,TIMESTAMP,BUY_SELL,SECURITY,QUANTITY,DEAL_PRICE,FIRM,BROKER,IS_WASHTRADE) values (100680,'VALZNDMP',to_timestamp('08-SEP-19 02.12.34.809000000 PM','DD-MON-RR HH.MI.SSXFF AM'),'buy',9811,62593,117.98848068233082,102,'MOTILAL OSWAL',0);
Insert into TRADES (TRADE_ID,TRADER,TIMESTAMP,BUY_SELL,SECURITY,QUANTITY,DEAL_PRICE,FIRM,BROKER,IS_WASHTRADE) values (100681,'COR73U4C',to_timestamp('08-SEP-19 01.48.52.267000000 AM','DD-MON-RR HH.MI.SSXFF AM'),'buy',3030,34203,192.96689511895127,101,'ZERODHA',0);
Insert into TRADES (TRADE_ID,TRADER,TIMESTAMP,BUY_SELL,SECURITY,QUANTITY,DEAL_PRICE,FIRM,BROKER,IS_WASHTRADE) values (100682,'BRI7Q8ED',to_timestamp('08-SEP-19 12.18.48.578000000 PM','DD-MON-RR HH.MI.SSXFF AM'),'buy',1204,72443,193.30449237802074,101,'ZERODHA',0);
Insert into TRADES (TRADE_ID,TRADER,TIMESTAMP,BUY_SELL,SECURITY,QUANTITY,DEAL_PRICE,FIRM,BROKER,IS_WASHTRADE) values (100683,'MYRV5CHW',to_timestamp('08-SEP-19 05.59.06.147000000 PM','DD-MON-RR HH.MI.SSXFF AM'),'sell',7890,43537,116.54969153169965,102,'SHAREKHAN',0);
Insert into TRADES (TRADE_ID,TRADER,TIMESTAMP,BUY_SELL,SECURITY,QUANTITY,DEAL_PRICE,FIRM,BROKER,IS_WASHTRADE) values (100684,'CHAIFE8J',to_timestamp('08-SEP-19 08.58.51.009000000 AM','DD-MON-RR HH.MI.SSXFF AM'),'buy',1204,97326,121.92338832511585,102,'UPSTOX',0);
Insert into TRADES (TRADE_ID,TRADER,TIMESTAMP,BUY_SELL,SECURITY,QUANTITY,DEAL_PRICE,FIRM,BROKER,IS_WASHTRADE) values (100685,'JUAGFC6U',to_timestamp('08-SEP-19 05.39.25.965000000 PM','DD-MON-RR HH.MI.SSXFF AM'),'buy',1204,31441,123.50144332637791,102,'MOTILAL OSWAL',0);
Insert into TRADES (TRADE_ID,TRADER,TIMESTAMP,BUY_SELL,SECURITY,QUANTITY,DEAL_PRICE,FIRM,BROKER,IS_WASHTRADE) values (100686,'CHAMQKSP',to_timestamp('08-SEP-19 10.51.49.096000000 PM','DD-MON-RR HH.MI.SSXFF AM'),'buy',7890,92148,116.57812971302836,102,'ICICI DIRECT',0);
Insert into TRADES (TRADE_ID,TRADER,TIMESTAMP,BUY_SELL,SECURITY,QUANTITY,DEAL_PRICE,FIRM,BROKER,IS_WASHTRADE) values (100687,'LOGQ4YTK',to_timestamp('08-SEP-19 07.56.06.867000000 AM','DD-MON-RR HH.MI.SSXFF AM'),'sell',1204,58782,198.38696572742327,103,'MOTILAL OSWAL',0);
Insert into TRADES (TRADE_ID,TRADER,TIMESTAMP,BUY_SELL,SECURITY,QUANTITY,DEAL_PRICE,FIRM,BROKER,IS_WASHTRADE) values (100688,'MAR8BQAC',to_timestamp('08-SEP-19 06.47.28.782000000 AM','DD-MON-RR HH.MI.SSXFF AM'),'sell',3030,29843,192.8886610488893,101,'5PAISA',0);
Insert into TRADES (TRADE_ID,TRADER,TIMESTAMP,BUY_SELL,SECURITY,QUANTITY,DEAL_PRICE,FIRM,BROKER,IS_WASHTRADE) values (100689,'MOT6H5OI',to_timestamp('08-SEP-19 02.13.10.798000000 AM','DD-MON-RR HH.MI.SSXFF AM'),'buy',7890,13682,185.1747846811443,101,'SHAREKHAN',0);
Insert into TRADES (TRADE_ID,TRADER,TIMESTAMP,BUY_SELL,SECURITY,QUANTITY,DEAL_PRICE,FIRM,BROKER,IS_WASHTRADE) values (100690,'MELNOFU6',to_timestamp('08-SEP-19 10.05.54.940000000 PM','DD-MON-RR HH.MI.SSXFF AM'),'sell',7890,24846,116.36785870124802,102,'MOTILAL OSWAL',0);
Insert into TRADES (TRADE_ID,TRADER,TIMESTAMP,BUY_SELL,SECURITY,QUANTITY,DEAL_PRICE,FIRM,BROKER,IS_WASHTRADE) values (100691,'JILL2VUQ',to_timestamp('08-SEP-19 12.14.16.323000000 PM','DD-MON-RR HH.MI.SSXFF AM'),'buy',3030,13930,198.11914292382468,103,'SHAREKHAN',0);
Insert into TRADES (TRADE_ID,TRADER,TIMESTAMP,BUY_SELL,SECURITY,QUANTITY,DEAL_PRICE,FIRM,BROKER,IS_WASHTRADE) values (100692,'TRAVTP0G',to_timestamp('08-SEP-19 06.03.33.098000000 AM','DD-MON-RR HH.MI.SSXFF AM'),'sell',3030,61326,198.65882487325,103,'SHAREKHAN',0);
Insert into TRADES (TRADE_ID,TRADER,TIMESTAMP,BUY_SELL,SECURITY,QUANTITY,DEAL_PRICE,FIRM,BROKER,IS_WASHTRADE) values (100693,'RITI6EN1',to_timestamp('08-SEP-19 07.55.19.636000000 AM','DD-MON-RR HH.MI.SSXFF AM'),'buy',9811,28122,188.42851951376844,101,'UPSTOX',0);
Insert into TRADES (TRADE_ID,TRADER,TIMESTAMP,BUY_SELL,SECURITY,QUANTITY,DEAL_PRICE,FIRM,BROKER,IS_WASHTRADE) values (100694,'VIC3DJK9',to_timestamp('08-SEP-19 03.18.18.814000000 AM','DD-MON-RR HH.MI.SSXFF AM'),'sell',1204,89376,195.02954970245736,101,'ICICI DIRECT',0);
Insert into TRADES (TRADE_ID,TRADER,TIMESTAMP,BUY_SELL,SECURITY,QUANTITY,DEAL_PRICE,FIRM,BROKER,IS_WASHTRADE) values (100695,'RAYYHZEG',to_timestamp('08-SEP-19 10.46.39.206000000 PM','DD-MON-RR HH.MI.SSXFF AM'),'sell',3030,99127,197.72537760583668,103,'SHAREKHAN',0);
Insert into TRADES (TRADE_ID,TRADER,TIMESTAMP,BUY_SELL,SECURITY,QUANTITY,DEAL_PRICE,FIRM,BROKER,IS_WASHTRADE) values (100696,'EVE8BC2Y',to_timestamp('08-SEP-19 02.04.01.826000000 AM','DD-MON-RR HH.MI.SSXFF AM'),'buy',9811,29518,117.8310831642815,102,'ICICI DIRECT',0);
Insert into TRADES (TRADE_ID,TRADER,TIMESTAMP,BUY_SELL,SECURITY,QUANTITY,DEAL_PRICE,FIRM,BROKER,IS_WASHTRADE) values (100697,'AND4U4E9',to_timestamp('08-SEP-19 06.51.41.188000000 AM','DD-MON-RR HH.MI.SSXFF AM'),'buy',7890,14478,190.56703689435452,103,'ZERODHA',0);
Insert into TRADES (TRADE_ID,TRADER,TIMESTAMP,BUY_SELL,SECURITY,QUANTITY,DEAL_PRICE,FIRM,BROKER,IS_WASHTRADE) values (100698,'MARC6VSB',to_timestamp('08-SEP-19 08.51.33.965000000 AM','DD-MON-RR HH.MI.SSXFF AM'),'buy',9811,33652,193.25284388240652,103,'ANGEL BROKING',0);
Insert into TRADES (TRADE_ID,TRADER,TIMESTAMP,BUY_SELL,SECURITY,QUANTITY,DEAL_PRICE,FIRM,BROKER,IS_WASHTRADE) values (100699,'PATJROMB',to_timestamp('08-SEP-19 09.14.29.095000000 AM','DD-MON-RR HH.MI.SSXFF AM'),'sell',9811,15549,194.70885362098005,103,'UPSTOX',0);
Insert into TRADES (TRADE_ID,TRADER,TIMESTAMP,BUY_SELL,SECURITY,QUANTITY,DEAL_PRICE,FIRM,BROKER,IS_WASHTRADE) values (100700,'DARVGNYM',to_timestamp('08-SEP-19 02.49.11.607000000 AM','DD-MON-RR HH.MI.SSXFF AM'),'sell',9811,23656,187.54267983720987,101,'SHAREKHAN',0);
Insert into TRADES (TRADE_ID,TRADER,TIMESTAMP,BUY_SELL,SECURITY,QUANTITY,DEAL_PRICE,FIRM,BROKER,IS_WASHTRADE) values (100701,'MARIPLHR',to_timestamp('08-SEP-19 10.42.43.246000000 AM','DD-MON-RR HH.MI.SSXFF AM'),'sell',1204,92574,194.8917704612973,101,'MOTILAL OSWAL',0);
Insert into TRADES (TRADE_ID,TRADER,TIMESTAMP,BUY_SELL,SECURITY,QUANTITY,DEAL_PRICE,FIRM,BROKER,IS_WASHTRADE) values (100702,'SHI75KZ0',to_timestamp('08-SEP-19 02.37.34.551000000 AM','DD-MON-RR HH.MI.SSXFF AM'),'sell',1204,557,193.64269759555157,101,'FYERS',0);
Insert into TRADES (TRADE_ID,TRADER,TIMESTAMP,BUY_SELL,SECURITY,QUANTITY,DEAL_PRICE,FIRM,BROKER,IS_WASHTRADE) values (100703,'JUSB8YDF',to_timestamp('08-SEP-19 09.53.58.116000000 PM','DD-MON-RR HH.MI.SSXFF AM'),'buy',7890,35448,115.62071863968393,102,'MOTILAL OSWAL',0);
Insert into TRADES (TRADE_ID,TRADER,TIMESTAMP,BUY_SELL,SECURITY,QUANTITY,DEAL_PRICE,FIRM,BROKER,IS_WASHTRADE) values (100704,'CHR8CBOJ',to_timestamp('08-SEP-19 07.28.03.086000000 PM','DD-MON-RR HH.MI.SSXFF AM'),'sell',1204,45628,197.51168020955404,103,'MOTILAL OSWAL',0);
Insert into TRADES (TRADE_ID,TRADER,TIMESTAMP,BUY_SELL,SECURITY,QUANTITY,DEAL_PRICE,FIRM,BROKER,IS_WASHTRADE) values (100705,'SEAK7405',to_timestamp('08-SEP-19 06.19.22.646000000 PM','DD-MON-RR HH.MI.SSXFF AM'),'sell',9811,21116,193.47755776344673,103,'SHAREKHAN',0);
Insert into TRADES (TRADE_ID,TRADER,TIMESTAMP,BUY_SELL,SECURITY,QUANTITY,DEAL_PRICE,FIRM,BROKER,IS_WASHTRADE) values (100706,'RACB6TS3',to_timestamp('08-SEP-19 09.01.52.885000000 AM','DD-MON-RR HH.MI.SSXFF AM'),'sell',3030,90582,200.22077950912868,103,'ANGEL BROKING',0);
Insert into TRADES (TRADE_ID,TRADER,TIMESTAMP,BUY_SELL,SECURITY,QUANTITY,DEAL_PRICE,FIRM,BROKER,IS_WASHTRADE) values (100005,'SARDQDXB',to_timestamp('08-SEP-19 10.30.22.809000000 PM','DD-MON-RR HH.MI.SSXFF AM'),'buy',9811,46452,187.1562381764619,101,'FYERS',0);
Insert into TRADES (TRADE_ID,TRADER,TIMESTAMP,BUY_SELL,SECURITY,QUANTITY,DEAL_PRICE,FIRM,BROKER,IS_WASHTRADE) values (100006,'DARAQA2D',to_timestamp('08-SEP-19 12.23.06.812000000 AM','DD-MON-RR HH.MI.SSXFF AM'),'buy',9811,80141,189.32682495489033,101,'ANGEL BROKING',0);
Insert into TRADES (TRADE_ID,TRADER,TIMESTAMP,BUY_SELL,SECURITY,QUANTITY,DEAL_PRICE,FIRM,BROKER,IS_WASHTRADE) values (100007,'LOGQ4YTK',to_timestamp('08-SEP-19 11.13.35.815000000 PM','DD-MON-RR HH.MI.SSXFF AM'),'sell',3030,77208,194.16948615018944,101,'MOTILAL OSWAL',0);
Insert into TRADES (TRADE_ID,TRADER,TIMESTAMP,BUY_SELL,SECURITY,QUANTITY,DEAL_PRICE,FIRM,BROKER,IS_WASHTRADE) values (100008,'JUAGFC6U',to_timestamp('08-SEP-19 10.22.48.009000000 PM','DD-MON-RR HH.MI.SSXFF AM'),'sell',3030,17813,199.7030121998909,103,'ANGEL BROKING',0);
Insert into TRADES (TRADE_ID,TRADER,TIMESTAMP,BUY_SELL,SECURITY,QUANTITY,DEAL_PRICE,FIRM,BROKER,IS_WASHTRADE) values (100009,'MADGO36M',to_timestamp('08-SEP-19 08.37.33.365000000 PM','DD-MON-RR HH.MI.SSXFF AM'),'buy',3030,84892,122.43087461364928,102,'ANGEL BROKING',0);
Insert into TRADES (TRADE_ID,TRADER,TIMESTAMP,BUY_SELL,SECURITY,QUANTITY,DEAL_PRICE,FIRM,BROKER,IS_WASHTRADE) values (100010,'BON7USKP',to_timestamp('08-SEP-19 05.52.10.699000000 AM','DD-MON-RR HH.MI.SSXFF AM'),'sell',1204,25845,194.82259972502902,101,'ANGEL BROKING',0);
Insert into TRADES (TRADE_ID,TRADER,TIMESTAMP,BUY_SELL,SECURITY,QUANTITY,DEAL_PRICE,FIRM,BROKER,IS_WASHTRADE) values (100011,'NICY8OJF',to_timestamp('08-SEP-19 08.56.04.230000000 PM','DD-MON-RR HH.MI.SSXFF AM'),'buy',1204,41928,193.26973667946643,101,'5PAISA',0);
Insert into TRADES (TRADE_ID,TRADER,TIMESTAMP,BUY_SELL,SECURITY,QUANTITY,DEAL_PRICE,FIRM,BROKER,IS_WASHTRADE) values (100012,'KENA8P1Q',to_timestamp('08-SEP-19 09.36.03.601000000 AM','DD-MON-RR HH.MI.SSXFF AM'),'buy',1204,2321,199.9517349326806,103,'ICICI DIRECT',0);
Insert into TRADES (TRADE_ID,TRADER,TIMESTAMP,BUY_SELL,SECURITY,QUANTITY,DEAL_PRICE,FIRM,BROKER,IS_WASHTRADE) values (100013,'JUAGFC6U',to_timestamp('08-SEP-19 02.11.57.743000000 AM','DD-MON-RR HH.MI.SSXFF AM'),'buy',9811,45012,188.07404824411344,101,'SHAREKHAN',0);
Insert into TRADES (TRADE_ID,TRADER,TIMESTAMP,BUY_SELL,SECURITY,QUANTITY,DEAL_PRICE,FIRM,BROKER,IS_WASHTRADE) values (100014,'CHR0XPDI',to_timestamp('08-SEP-19 03.22.49.925000000 PM','DD-MON-RR HH.MI.SSXFF AM'),'buy',1204,11130,194.88081007274113,101,'ICICI DIRECT',0);
Insert into TRADES (TRADE_ID,TRADER,TIMESTAMP,BUY_SELL,SECURITY,QUANTITY,DEAL_PRICE,FIRM,BROKER,IS_WASHTRADE) values (100015,'WAYM2L83',to_timestamp('08-SEP-19 01.38.44.071000000 PM','DD-MON-RR HH.MI.SSXFF AM'),'sell',1204,18294,122.76334822938355,102,'MOTILAL OSWAL',0);
Insert into TRADES (TRADE_ID,TRADER,TIMESTAMP,BUY_SELL,SECURITY,QUANTITY,DEAL_PRICE,FIRM,BROKER,IS_WASHTRADE) values (100016,'LINN4YBL',to_timestamp('08-SEP-19 11.01.38.310000000 PM','DD-MON-RR HH.MI.SSXFF AM'),'sell',1204,52031,194.2643943180287,101,'ICICI DIRECT',0);
Insert into TRADES (TRADE_ID,TRADER,TIMESTAMP,BUY_SELL,SECURITY,QUANTITY,DEAL_PRICE,FIRM,BROKER,IS_WASHTRADE) values (100017,'BARK5S5E',to_timestamp('08-SEP-19 03.32.01.586000000 AM','DD-MON-RR HH.MI.SSXFF AM'),'buy',1204,3608,123.3326311271428,102,'SHAREKHAN',0);
Insert into TRADES (TRADE_ID,TRADER,TIMESTAMP,BUY_SELL,SECURITY,QUANTITY,DEAL_PRICE,FIRM,BROKER,IS_WASHTRADE) values (100018,'NICY8OJF',to_timestamp('08-SEP-19 10.31.51.468000000 PM','DD-MON-RR HH.MI.SSXFF AM'),'sell',1204,9418,193.30480459387098,101,'ANGEL BROKING',0);
Insert into TRADES (TRADE_ID,TRADER,TIMESTAMP,BUY_SELL,SECURITY,QUANTITY,DEAL_PRICE,FIRM,BROKER,IS_WASHTRADE) values (100019,'DANAJLHH',to_timestamp('08-SEP-19 06.22.57.544000000 PM','DD-MON-RR HH.MI.SSXFF AM'),'sell',7890,41318,186.60199577329445,101,'FYERS',0);
Insert into TRADES (TRADE_ID,TRADER,TIMESTAMP,BUY_SELL,SECURITY,QUANTITY,DEAL_PRICE,FIRM,BROKER,IS_WASHTRADE) values (100020,'ETHSI05R',to_timestamp('08-SEP-19 03.39.22.959000000 AM','DD-MON-RR HH.MI.SSXFF AM'),'sell',3030,26066,121.83917387242029,102,'ANGEL BROKING',0);
Insert into TRADES (TRADE_ID,TRADER,TIMESTAMP,BUY_SELL,SECURITY,QUANTITY,DEAL_PRICE,FIRM,BROKER,IS_WASHTRADE) values (100021,'HERSPFIE',to_timestamp('08-SEP-19 05.54.11.183000000 AM','DD-MON-RR HH.MI.SSXFF AM'),'sell',1204,43041,121.54697156094505,102,'FYERS',0);
Insert into TRADES (TRADE_ID,TRADER,TIMESTAMP,BUY_SELL,SECURITY,QUANTITY,DEAL_PRICE,FIRM,BROKER,IS_WASHTRADE) values (100001,'MATIBPRX',to_timestamp('08-SEP-19 12.05.57.838000000 PM','DD-MON-RR HH.MI.SSXFF AM'),'sell',9811,54995,194.0385864138502,103,'SHAREKHAN',0);
Insert into TRADES (TRADE_ID,TRADER,TIMESTAMP,BUY_SELL,SECURITY,QUANTITY,DEAL_PRICE,FIRM,BROKER,IS_WASHTRADE) values (100002,'HEL7FGWO',to_timestamp('08-SEP-19 07.11.41.783000000 AM','DD-MON-RR HH.MI.SSXFF AM'),'buy',3030,17258,194.44258121278622,101,'ICICI DIRECT',0);
Insert into TRADES (TRADE_ID,TRADER,TIMESTAMP,BUY_SELL,SECURITY,QUANTITY,DEAL_PRICE,FIRM,BROKER,IS_WASHTRADE) values (100003,'TERPCN7R',to_timestamp('08-SEP-19 03.48.40.757000000 PM','DD-MON-RR HH.MI.SSXFF AM'),'sell',9811,23636,117.83988195317696,102,'ANGEL BROKING',0);
Insert into TRADES (TRADE_ID,TRADER,TIMESTAMP,BUY_SELL,SECURITY,QUANTITY,DEAL_PRICE,FIRM,BROKER,IS_WASHTRADE) values (100022,'RIT8K7LO',to_timestamp('08-SEP-19 03.43.29.774000000 AM','DD-MON-RR HH.MI.SSXFF AM'),'buy',7890,72797,117.23288393181765,102,'UPSTOX',0);
Insert into TRADES (TRADE_ID,TRADER,TIMESTAMP,BUY_SELL,SECURITY,QUANTITY,DEAL_PRICE,FIRM,BROKER,IS_WASHTRADE) values (100004,'KRIYBJG9',to_timestamp('08-SEP-19 08.25.59.067000000 AM','DD-MON-RR HH.MI.SSXFF AM'),'buy',9811,83810,190.33842857326636,101,'ANGEL BROKING',0);
Insert into TRADES (TRADE_ID,TRADER,TIMESTAMP,BUY_SELL,SECURITY,QUANTITY,DEAL_PRICE,FIRM,BROKER,IS_WASHTRADE) values (100023,'LOGQ4YTK',to_timestamp('08-SEP-19 02.51.14.866000000 AM','DD-MON-RR HH.MI.SSXFF AM'),'buy',9811,56708,194.6531265154418,103,'FYERS',0);
Insert into TRADES (TRADE_ID,TRADER,TIMESTAMP,BUY_SELL,SECURITY,QUANTITY,DEAL_PRICE,FIRM,BROKER,IS_WASHTRADE) values (100024,'CARX4UT9',to_timestamp('08-SEP-19 09.53.22.492000000 AM','DD-MON-RR HH.MI.SSXFF AM'),'sell',1204,17229,122.92637806953658,102,'UPSTOX',0);
Insert into TRADES (TRADE_ID,TRADER,TIMESTAMP,BUY_SELL,SECURITY,QUANTITY,DEAL_PRICE,FIRM,BROKER,IS_WASHTRADE) values (100025,'JUAGFC6U',to_timestamp('08-SEP-19 01.03.02.886000000 PM','DD-MON-RR HH.MI.SSXFF AM'),'buy',9811,25154,187.1959650878596,101,'ZERODHA',0);
Insert into TRADES (TRADE_ID,TRADER,TIMESTAMP,BUY_SELL,SECURITY,QUANTITY,DEAL_PRICE,FIRM,BROKER,IS_WASHTRADE) values (100026,'JONCYF5O',to_timestamp('08-SEP-19 07.07.05.102000000 AM','DD-MON-RR HH.MI.SSXFF AM'),'buy',3030,14655,122.60022205555885,102,'ZERODHA',0);
Insert into TRADES (TRADE_ID,TRADER,TIMESTAMP,BUY_SELL,SECURITY,QUANTITY,DEAL_PRICE,FIRM,BROKER,IS_WASHTRADE) values (100027,'NICHIDBT',to_timestamp('08-SEP-19 06.04.54.041000000 PM','DD-MON-RR HH.MI.SSXFF AM'),'buy',7890,11044,183.56646562403392,101,'ZERODHA',0);
Insert into TRADES (TRADE_ID,TRADER,TIMESTAMP,BUY_SELL,SECURITY,QUANTITY,DEAL_PRICE,FIRM,BROKER,IS_WASHTRADE) values (100028,'CHAIFE8J',to_timestamp('08-SEP-19 10.53.32.465000000 PM','DD-MON-RR HH.MI.SSXFF AM'),'buy',9811,25026,192.00481210042625,103,'FYERS',0);
Insert into TRADES (TRADE_ID,TRADER,TIMESTAMP,BUY_SELL,SECURITY,QUANTITY,DEAL_PRICE,FIRM,BROKER,IS_WASHTRADE) values (100029,'BRI7Q8ED',to_timestamp('08-SEP-19 04.26.56.750000000 AM','DD-MON-RR HH.MI.SSXFF AM'),'sell',7890,53954,185.6181757432983,101,'5PAISA',0);
Insert into TRADES (TRADE_ID,TRADER,TIMESTAMP,BUY_SELL,SECURITY,QUANTITY,DEAL_PRICE,FIRM,BROKER,IS_WASHTRADE) values (100030,'BARK5S5E',to_timestamp('08-SEP-19 09.16.54.273000000 PM','DD-MON-RR HH.MI.SSXFF AM'),'buy',1204,8533,123.63427300868253,102,'5PAISA',0);
Insert into TRADES (TRADE_ID,TRADER,TIMESTAMP,BUY_SELL,SECURITY,QUANTITY,DEAL_PRICE,FIRM,BROKER,IS_WASHTRADE) values (100031,'DEBBPH8V',to_timestamp('08-SEP-19 04.43.49.323000000 PM','DD-MON-RR HH.MI.SSXFF AM'),'sell',3030,73757,121.5278609971128,102,'FYERS',0);
Insert into TRADES (TRADE_ID,TRADER,TIMESTAMP,BUY_SELL,SECURITY,QUANTITY,DEAL_PRICE,FIRM,BROKER,IS_WASHTRADE) values (100032,'JAN7R6US',to_timestamp('08-SEP-19 12.53.29.502000000 PM','DD-MON-RR HH.MI.SSXFF AM'),'buy',3030,75410,200.29104873491775,103,'ICICI DIRECT',0);
Insert into TRADES (TRADE_ID,TRADER,TIMESTAMP,BUY_SELL,SECURITY,QUANTITY,DEAL_PRICE,FIRM,BROKER,IS_WASHTRADE) values (100033,'CYNZN2JC',to_timestamp('08-SEP-19 06.14.36.936000000 AM','DD-MON-RR HH.MI.SSXFF AM'),'sell',9811,69589,120.12562076121381,102,'ZERODHA',0);
Insert into TRADES (TRADE_ID,TRADER,TIMESTAMP,BUY_SELL,SECURITY,QUANTITY,DEAL_PRICE,FIRM,BROKER,IS_WASHTRADE) values (100034,'HEAK6C0G',to_timestamp('08-SEP-19 10.56.04.328000000 AM','DD-MON-RR HH.MI.SSXFF AM'),'sell',3030,20460,195.86876410836427,101,'ZERODHA',0);
Insert into TRADES (TRADE_ID,TRADER,TIMESTAMP,BUY_SELL,SECURITY,QUANTITY,DEAL_PRICE,FIRM,BROKER,IS_WASHTRADE) values (100035,'STEB2TU3',to_timestamp('08-SEP-19 06.14.15.553000000 PM','DD-MON-RR HH.MI.SSXFF AM'),'buy',9811,98153,118.22285111492393,102,'FYERS',0);
Insert into TRADES (TRADE_ID,TRADER,TIMESTAMP,BUY_SELL,SECURITY,QUANTITY,DEAL_PRICE,FIRM,BROKER,IS_WASHTRADE) values (100036,'BRY0JA51',to_timestamp('08-SEP-19 08.24.38.400000000 AM','DD-MON-RR HH.MI.SSXFF AM'),'buy',7890,81789,186.20341613039622,101,'ICICI DIRECT',0);
Insert into TRADES (TRADE_ID,TRADER,TIMESTAMP,BUY_SELL,SECURITY,QUANTITY,DEAL_PRICE,FIRM,BROKER,IS_WASHTRADE) values (100037,'TRIGVTRC',to_timestamp('08-SEP-19 11.50.05.677000000 PM','DD-MON-RR HH.MI.SSXFF AM'),'buy',1204,76194,197.8471871823395,103,'FYERS',0);
Insert into TRADES (TRADE_ID,TRADER,TIMESTAMP,BUY_SELL,SECURITY,QUANTITY,DEAL_PRICE,FIRM,BROKER,IS_WASHTRADE) values (100038,'MARVBWK7',to_timestamp('08-SEP-19 11.33.58.874000000 PM','DD-MON-RR HH.MI.SSXFF AM'),'sell',7890,36173,188.13067303116543,103,'UPSTOX',0);
Insert into TRADES (TRADE_ID,TRADER,TIMESTAMP,BUY_SELL,SECURITY,QUANTITY,DEAL_PRICE,FIRM,BROKER,IS_WASHTRADE) values (100039,'VIVUVTZX',to_timestamp('08-SEP-19 10.14.09.899000000 AM','DD-MON-RR HH.MI.SSXFF AM'),'sell',9811,5796,194.08346776590636,103,'ANGEL BROKING',0);
Insert into TRADES (TRADE_ID,TRADER,TIMESTAMP,BUY_SELL,SECURITY,QUANTITY,DEAL_PRICE,FIRM,BROKER,IS_WASHTRADE) values (100040,'ERIYFMJM',to_timestamp('08-SEP-19 12.16.47.841000000 PM','DD-MON-RR HH.MI.SSXFF AM'),'buy',9811,62368,189.81223286219068,101,'ZERODHA',0);
Insert into TRADES (TRADE_ID,TRADER,TIMESTAMP,BUY_SELL,SECURITY,QUANTITY,DEAL_PRICE,FIRM,BROKER,IS_WASHTRADE) values (100041,'JAD41VYX',to_timestamp('08-SEP-19 12.49.22.076000000 PM','DD-MON-RR HH.MI.SSXFF AM'),'buy',3030,22600,195.7722743108697,101,'SHAREKHAN',0);
Insert into TRADES (TRADE_ID,TRADER,TIMESTAMP,BUY_SELL,SECURITY,QUANTITY,DEAL_PRICE,FIRM,BROKER,IS_WASHTRADE) values (100042,'LAUQ8TD9',to_timestamp('08-SEP-19 03.59.26.332000000 AM','DD-MON-RR HH.MI.SSXFF AM'),'buy',3030,71843,192.7355887844345,101,'5PAISA',0);
Insert into TRADES (TRADE_ID,TRADER,TIMESTAMP,BUY_SELL,SECURITY,QUANTITY,DEAL_PRICE,FIRM,BROKER,IS_WASHTRADE) values (100043,'CHR0XPDI',to_timestamp('08-SEP-19 02.54.46.918000000 PM','DD-MON-RR HH.MI.SSXFF AM'),'sell',1204,13539,193.61672789647267,101,'ICICI DIRECT',0);
Insert into TRADES (TRADE_ID,TRADER,TIMESTAMP,BUY_SELL,SECURITY,QUANTITY,DEAL_PRICE,FIRM,BROKER,IS_WASHTRADE) values (100044,'MARIPLHR',to_timestamp('08-SEP-19 10.50.36.132000000 AM','DD-MON-RR HH.MI.SSXFF AM'),'sell',1204,10925,121.66937957565638,102,'FYERS',0);
Insert into TRADES (TRADE_ID,TRADER,TIMESTAMP,BUY_SELL,SECURITY,QUANTITY,DEAL_PRICE,FIRM,BROKER,IS_WASHTRADE) values (100045,'PAIG91XK',to_timestamp('08-SEP-19 12.33.41.327000000 PM','DD-MON-RR HH.MI.SSXFF AM'),'buy',1204,21694,121.76430682894119,102,'ZERODHA',0);
Insert into TRADES (TRADE_ID,TRADER,TIMESTAMP,BUY_SELL,SECURITY,QUANTITY,DEAL_PRICE,FIRM,BROKER,IS_WASHTRADE) values (100046,'DIXS805S',to_timestamp('08-SEP-19 07.49.18.679000000 AM','DD-MON-RR HH.MI.SSXFF AM'),'sell',3030,54079,121.6014158580911,102,'ANGEL BROKING',0);
Insert into TRADES (TRADE_ID,TRADER,TIMESTAMP,BUY_SELL,SECURITY,QUANTITY,DEAL_PRICE,FIRM,BROKER,IS_WASHTRADE) values (100047,'WANJU1CH',to_timestamp('08-SEP-19 06.50.57.234000000 PM','DD-MON-RR HH.MI.SSXFF AM'),'sell',3030,70300,199.45004191144886,103,'SHAREKHAN',0);
Insert into TRADES (TRADE_ID,TRADER,TIMESTAMP,BUY_SELL,SECURITY,QUANTITY,DEAL_PRICE,FIRM,BROKER,IS_WASHTRADE) values (100048,'SUM39QPW',to_timestamp('08-SEP-19 06.07.17.738000000 PM','DD-MON-RR HH.MI.SSXFF AM'),'sell',1204,56892,121.80378853543824,102,'MOTILAL OSWAL',0);
Insert into TRADES (TRADE_ID,TRADER,TIMESTAMP,BUY_SELL,SECURITY,QUANTITY,DEAL_PRICE,FIRM,BROKER,IS_WASHTRADE) values (100049,'NICHIDBT',to_timestamp('08-SEP-19 04.50.54.333000000 AM','DD-MON-RR HH.MI.SSXFF AM'),'sell',3030,62583,199.58035665813136,103,'UPSTOX',0);
Insert into TRADES (TRADE_ID,TRADER,TIMESTAMP,BUY_SELL,SECURITY,QUANTITY,DEAL_PRICE,FIRM,BROKER,IS_WASHTRADE) values (100050,'SUM39QPW',to_timestamp('08-SEP-19 03.35.08.592000000 PM','DD-MON-RR HH.MI.SSXFF AM'),'sell',9811,46499,194.82842596950033,103,'SHAREKHAN',0);
Insert into TRADES (TRADE_ID,TRADER,TIMESTAMP,BUY_SELL,SECURITY,QUANTITY,DEAL_PRICE,FIRM,BROKER,IS_WASHTRADE) values (100051,'PHILVLKJ',to_timestamp('08-SEP-19 01.31.34.516000000 PM','DD-MON-RR HH.MI.SSXFF AM'),'buy',9811,63116,118.90219587451472,102,'ANGEL BROKING',0);
Insert into TRADES (TRADE_ID,TRADER,TIMESTAMP,BUY_SELL,SECURITY,QUANTITY,DEAL_PRICE,FIRM,BROKER,IS_WASHTRADE) values (100052,'PATJROMB',to_timestamp('08-SEP-19 08.46.30.702000000 PM','DD-MON-RR HH.MI.SSXFF AM'),'sell',3030,9752,123.35811031545886,102,'UPSTOX',0);
Insert into TRADES (TRADE_ID,TRADER,TIMESTAMP,BUY_SELL,SECURITY,QUANTITY,DEAL_PRICE,FIRM,BROKER,IS_WASHTRADE) values (100053,'TIA83MIF',to_timestamp('08-SEP-19 05.17.32.098000000 AM','DD-MON-RR HH.MI.SSXFF AM'),'buy',1204,4357,194.80549960916707,101,'5PAISA',0);
Insert into TRADES (TRADE_ID,TRADER,TIMESTAMP,BUY_SELL,SECURITY,QUANTITY,DEAL_PRICE,FIRM,BROKER,IS_WASHTRADE) values (100054,'BRO54WAF',to_timestamp('08-SEP-19 12.37.52.375000000 PM','DD-MON-RR HH.MI.SSXFF AM'),'buy',3030,36946,200.72307903402515,103,'MOTILAL OSWAL',0);
Insert into TRADES (TRADE_ID,TRADER,TIMESTAMP,BUY_SELL,SECURITY,QUANTITY,DEAL_PRICE,FIRM,BROKER,IS_WASHTRADE) values (100055,'TASI9OQI',to_timestamp('08-SEP-19 01.05.29.764000000 PM','DD-MON-RR HH.MI.SSXFF AM'),'sell',3030,90795,121.40690377349465,102,'ZERODHA',0);
Insert into TRADES (TRADE_ID,TRADER,TIMESTAMP,BUY_SELL,SECURITY,QUANTITY,DEAL_PRICE,FIRM,BROKER,IS_WASHTRADE) values (100056,'RACB6TS3',to_timestamp('08-SEP-19 10.32.54.536000000 AM','DD-MON-RR HH.MI.SSXFF AM'),'sell',9811,36589,118.69357148829901,102,'ZERODHA',0);
Insert into TRADES (TRADE_ID,TRADER,TIMESTAMP,BUY_SELL,SECURITY,QUANTITY,DEAL_PRICE,FIRM,BROKER,IS_WASHTRADE) values (100057,'CHAIFE8J',to_timestamp('08-SEP-19 10.40.43.596000000 AM','DD-MON-RR HH.MI.SSXFF AM'),'buy',3030,72018,123.56302827097447,102,'ANGEL BROKING',0);
Insert into TRADES (TRADE_ID,TRADER,TIMESTAMP,BUY_SELL,SECURITY,QUANTITY,DEAL_PRICE,FIRM,BROKER,IS_WASHTRADE) values (100058,'LEEXDIQ6',to_timestamp('08-SEP-19 04.13.25.302000000 PM','DD-MON-RR HH.MI.SSXFF AM'),'sell',1204,43472,198.87174406238486,103,'MOTILAL OSWAL',0);
Insert into TRADES (TRADE_ID,TRADER,TIMESTAMP,BUY_SELL,SECURITY,QUANTITY,DEAL_PRICE,FIRM,BROKER,IS_WASHTRADE) values (100059,'TERCINT0',to_timestamp('08-SEP-19 10.07.06.352000000 PM','DD-MON-RR HH.MI.SSXFF AM'),'buy',3030,16792,121.59642370034948,102,'FYERS',0);
Insert into TRADES (TRADE_ID,TRADER,TIMESTAMP,BUY_SELL,SECURITY,QUANTITY,DEAL_PRICE,FIRM,BROKER,IS_WASHTRADE) values (100060,'ALIPN1XA',to_timestamp('08-SEP-19 12.27.37.378000000 AM','DD-MON-RR HH.MI.SSXFF AM'),'buy',3030,40199,197.39204417271958,103,'ICICI DIRECT',0);
Insert into TRADES (TRADE_ID,TRADER,TIMESTAMP,BUY_SELL,SECURITY,QUANTITY,DEAL_PRICE,FIRM,BROKER,IS_WASHTRADE) values (100061,'ALB6U2ZV',to_timestamp('08-SEP-19 12.10.40.237000000 AM','DD-MON-RR HH.MI.SSXFF AM'),'sell',1204,77554,195.19410336336125,101,'ZERODHA',0);
Insert into TRADES (TRADE_ID,TRADER,TIMESTAMP,BUY_SELL,SECURITY,QUANTITY,DEAL_PRICE,FIRM,BROKER,IS_WASHTRADE) values (100062,'LAUQ8TD9',to_timestamp('08-SEP-19 08.09.35.512000000 PM','DD-MON-RR HH.MI.SSXFF AM'),'sell',7890,41426,117.12949085085947,102,'FYERS',0);
Insert into TRADES (TRADE_ID,TRADER,TIMESTAMP,BUY_SELL,SECURITY,QUANTITY,DEAL_PRICE,FIRM,BROKER,IS_WASHTRADE) values (100063,'RUS646VJ',to_timestamp('08-SEP-19 02.59.43.616000000 PM','DD-MON-RR HH.MI.SSXFF AM'),'sell',7890,42343,190.62492549525547,103,'ICICI DIRECT',0);
Insert into TRADES (TRADE_ID,TRADER,TIMESTAMP,BUY_SELL,SECURITY,QUANTITY,DEAL_PRICE,FIRM,BROKER,IS_WASHTRADE) values (100064,'COR73U4C',to_timestamp('08-SEP-19 03.20.40.782000000 AM','DD-MON-RR HH.MI.SSXFF AM'),'buy',9811,41605,189.1718580080222,101,'UPSTOX',0);
Insert into TRADES (TRADE_ID,TRADER,TIMESTAMP,BUY_SELL,SECURITY,QUANTITY,DEAL_PRICE,FIRM,BROKER,IS_WASHTRADE) values (100065,'BRY0JA51',to_timestamp('08-SEP-19 01.30.24.430000000 PM','DD-MON-RR HH.MI.SSXFF AM'),'sell',7890,90636,117.43954261511041,102,'ICICI DIRECT',0);
Insert into TRADES (TRADE_ID,TRADER,TIMESTAMP,BUY_SELL,SECURITY,QUANTITY,DEAL_PRICE,FIRM,BROKER,IS_WASHTRADE) values (100066,'CHAKNMZB',to_timestamp('08-SEP-19 08.57.21.869000000 PM','DD-MON-RR HH.MI.SSXFF AM'),'sell',3030,16061,195.89740295516174,101,'5PAISA',0);
Insert into TRADES (TRADE_ID,TRADER,TIMESTAMP,BUY_SELL,SECURITY,QUANTITY,DEAL_PRICE,FIRM,BROKER,IS_WASHTRADE) values (100067,'RALM7D8P',to_timestamp('08-SEP-19 12.13.51.137000000 PM','DD-MON-RR HH.MI.SSXFF AM'),'sell',1204,82948,199.60616251702712,103,'UPSTOX',0);
Insert into TRADES (TRADE_ID,TRADER,TIMESTAMP,BUY_SELL,SECURITY,QUANTITY,DEAL_PRICE,FIRM,BROKER,IS_WASHTRADE) values (100068,'VERZZMJY',to_timestamp('08-SEP-19 10.25.39.670000000 PM','DD-MON-RR HH.MI.SSXFF AM'),'buy',1204,70928,195.0298147222586,101,'UPSTOX',0);
Insert into TRADES (TRADE_ID,TRADER,TIMESTAMP,BUY_SELL,SECURITY,QUANTITY,DEAL_PRICE,FIRM,BROKER,IS_WASHTRADE) values (100069,'KAYYTQEK',to_timestamp('08-SEP-19 05.11.24.040000000 AM','DD-MON-RR HH.MI.SSXFF AM'),'sell',3030,69497,200.41413396579293,103,'ANGEL BROKING',0);
Insert into TRADES (TRADE_ID,TRADER,TIMESTAMP,BUY_SELL,SECURITY,QUANTITY,DEAL_PRICE,FIRM,BROKER,IS_WASHTRADE) values (100070,'VER1YZU3',to_timestamp('08-SEP-19 04.07.20.614000000 AM','DD-MON-RR HH.MI.SSXFF AM'),'buy',1204,42521,198.04258840917973,103,'MOTILAL OSWAL',0);
Insert into TRADES (TRADE_ID,TRADER,TIMESTAMP,BUY_SELL,SECURITY,QUANTITY,DEAL_PRICE,FIRM,BROKER,IS_WASHTRADE) values (100071,'CHR8CBOJ',to_timestamp('08-SEP-19 09.21.10.279000000 AM','DD-MON-RR HH.MI.SSXFF AM'),'buy',3030,33148,123.76775390766993,102,'ANGEL BROKING',0);
Insert into TRADES (TRADE_ID,TRADER,TIMESTAMP,BUY_SELL,SECURITY,QUANTITY,DEAL_PRICE,FIRM,BROKER,IS_WASHTRADE) values (100072,'TIMWVSKU',to_timestamp('08-SEP-19 07.28.04.542000000 PM','DD-MON-RR HH.MI.SSXFF AM'),'buy',1204,2602,198.44681563155152,103,'ICICI DIRECT',0);
Insert into TRADES (TRADE_ID,TRADER,TIMESTAMP,BUY_SELL,SECURITY,QUANTITY,DEAL_PRICE,FIRM,BROKER,IS_WASHTRADE) values (100073,'FRATO0TG',to_timestamp('08-SEP-19 08.49.39.052000000 PM','DD-MON-RR HH.MI.SSXFF AM'),'buy',1204,79026,194.22844446941608,101,'ANGEL BROKING',0);
Insert into TRADES (TRADE_ID,TRADER,TIMESTAMP,BUY_SELL,SECURITY,QUANTITY,DEAL_PRICE,FIRM,BROKER,IS_WASHTRADE) values (100074,'TRIGVTRC',to_timestamp('08-SEP-19 12.14.45.020000000 PM','DD-MON-RR HH.MI.SSXFF AM'),'sell',7890,1098,184.40315006431953,101,'5PAISA',0);
Insert into TRADES (TRADE_ID,TRADER,TIMESTAMP,BUY_SELL,SECURITY,QUANTITY,DEAL_PRICE,FIRM,BROKER,IS_WASHTRADE) values (100075,'MATIBPRX',to_timestamp('08-SEP-19 07.14.13.905000000 AM','DD-MON-RR HH.MI.SSXFF AM'),'buy',9811,57488,192.56870038211804,103,'UPSTOX',0);
Insert into TRADES (TRADE_ID,TRADER,TIMESTAMP,BUY_SELL,SECURITY,QUANTITY,DEAL_PRICE,FIRM,BROKER,IS_WASHTRADE) values (100076,'CHAKNMZB',to_timestamp('08-SEP-19 06.34.02.294000000 PM','DD-MON-RR HH.MI.SSXFF AM'),'buy',1204,73910,193.0721549030409,101,'SHAREKHAN',0);
Insert into TRADES (TRADE_ID,TRADER,TIMESTAMP,BUY_SELL,SECURITY,QUANTITY,DEAL_PRICE,FIRM,BROKER,IS_WASHTRADE) values (100077,'NICHIDBT',to_timestamp('08-SEP-19 06.48.30.958000000 PM','DD-MON-RR HH.MI.SSXFF AM'),'buy',1204,98465,198.61059431531734,103,'SHAREKHAN',0);
Insert into TRADES (TRADE_ID,TRADER,TIMESTAMP,BUY_SELL,SECURITY,QUANTITY,DEAL_PRICE,FIRM,BROKER,IS_WASHTRADE) values (100078,'VIC3DJK9',to_timestamp('08-SEP-19 12.34.01.625000000 PM','DD-MON-RR HH.MI.SSXFF AM'),'sell',3030,56939,195.8285669373227,101,'UPSTOX',0);
Insert into TRADES (TRADE_ID,TRADER,TIMESTAMP,BUY_SELL,SECURITY,QUANTITY,DEAL_PRICE,FIRM,BROKER,IS_WASHTRADE) values (100079,'AMAXVHO4',to_timestamp('08-SEP-19 04.35.29.535000000 AM','DD-MON-RR HH.MI.SSXFF AM'),'sell',9811,7751,189.976335607565,101,'ANGEL BROKING',0);
Insert into TRADES (TRADE_ID,TRADER,TIMESTAMP,BUY_SELL,SECURITY,QUANTITY,DEAL_PRICE,FIRM,BROKER,IS_WASHTRADE) values (100080,'VALZNDMP',to_timestamp('08-SEP-19 01.06.01.400000000 PM','DD-MON-RR HH.MI.SSXFF AM'),'buy',9811,62593,118.20295362284284,102,'MOTILAL OSWAL',0);
Insert into TRADES (TRADE_ID,TRADER,TIMESTAMP,BUY_SELL,SECURITY,QUANTITY,DEAL_PRICE,FIRM,BROKER,IS_WASHTRADE) values (100081,'COR73U4C',to_timestamp('08-SEP-19 01.10.49.936000000 AM','DD-MON-RR HH.MI.SSXFF AM'),'buy',3030,34203,195.7122573740965,101,'ZERODHA',0);
Insert into TRADES (TRADE_ID,TRADER,TIMESTAMP,BUY_SELL,SECURITY,QUANTITY,DEAL_PRICE,FIRM,BROKER,IS_WASHTRADE) values (100082,'BRI7Q8ED',to_timestamp('08-SEP-19 06.26.45.968000000 AM','DD-MON-RR HH.MI.SSXFF AM'),'buy',1204,72443,194.17020383567868,101,'ZERODHA',0);
Insert into TRADES (TRADE_ID,TRADER,TIMESTAMP,BUY_SELL,SECURITY,QUANTITY,DEAL_PRICE,FIRM,BROKER,IS_WASHTRADE) values (100083,'MYRV5CHW',to_timestamp('08-SEP-19 07.58.25.651000000 AM','DD-MON-RR HH.MI.SSXFF AM'),'sell',7890,43537,115.90393285173762,102,'SHAREKHAN',0);
Insert into TRADES (TRADE_ID,TRADER,TIMESTAMP,BUY_SELL,SECURITY,QUANTITY,DEAL_PRICE,FIRM,BROKER,IS_WASHTRADE) values (100084,'CHAIFE8J',to_timestamp('08-SEP-19 05.17.36.615000000 PM','DD-MON-RR HH.MI.SSXFF AM'),'buy',1204,97326,122.57013579854055,102,'UPSTOX',0);
Insert into TRADES (TRADE_ID,TRADER,TIMESTAMP,BUY_SELL,SECURITY,QUANTITY,DEAL_PRICE,FIRM,BROKER,IS_WASHTRADE) values (100085,'JUAGFC6U',to_timestamp('08-SEP-19 04.24.19.102000000 AM','DD-MON-RR HH.MI.SSXFF AM'),'buy',1204,31441,123.24039815017592,102,'MOTILAL OSWAL',0);
Insert into TRADES (TRADE_ID,TRADER,TIMESTAMP,BUY_SELL,SECURITY,QUANTITY,DEAL_PRICE,FIRM,BROKER,IS_WASHTRADE) values (100086,'CHAMQKSP',to_timestamp('08-SEP-19 12.34.20.195000000 PM','DD-MON-RR HH.MI.SSXFF AM'),'buy',7890,92148,116.97922921796598,102,'ICICI DIRECT',0);
Insert into TRADES (TRADE_ID,TRADER,TIMESTAMP,BUY_SELL,SECURITY,QUANTITY,DEAL_PRICE,FIRM,BROKER,IS_WASHTRADE) values (100087,'LOGQ4YTK',to_timestamp('08-SEP-19 04.07.15.169000000 AM','DD-MON-RR HH.MI.SSXFF AM'),'sell',1204,58782,199.77247571891752,103,'MOTILAL OSWAL',0);
Insert into TRADES (TRADE_ID,TRADER,TIMESTAMP,BUY_SELL,SECURITY,QUANTITY,DEAL_PRICE,FIRM,BROKER,IS_WASHTRADE) values (100088,'MAR8BQAC',to_timestamp('08-SEP-19 06.49.17.697000000 PM','DD-MON-RR HH.MI.SSXFF AM'),'sell',3030,29843,194.1298007670702,101,'5PAISA',0);
Insert into TRADES (TRADE_ID,TRADER,TIMESTAMP,BUY_SELL,SECURITY,QUANTITY,DEAL_PRICE,FIRM,BROKER,IS_WASHTRADE) values (100089,'MOT6H5OI',to_timestamp('08-SEP-19 02.30.39.598000000 PM','DD-MON-RR HH.MI.SSXFF AM'),'buy',7890,13682,184.66168155058097,101,'SHAREKHAN',0);
Insert into TRADES (TRADE_ID,TRADER,TIMESTAMP,BUY_SELL,SECURITY,QUANTITY,DEAL_PRICE,FIRM,BROKER,IS_WASHTRADE) values (100090,'MELNOFU6',to_timestamp('08-SEP-19 05.59.14.182000000 PM','DD-MON-RR HH.MI.SSXFF AM'),'sell',7890,24846,115.58368435781489,102,'MOTILAL OSWAL',0);
Insert into TRADES (TRADE_ID,TRADER,TIMESTAMP,BUY_SELL,SECURITY,QUANTITY,DEAL_PRICE,FIRM,BROKER,IS_WASHTRADE) values (100091,'JILL2VUQ',to_timestamp('08-SEP-19 11.30.44.494000000 PM','DD-MON-RR HH.MI.SSXFF AM'),'buy',3030,13930,199.17114441254554,103,'SHAREKHAN',0);
Insert into TRADES (TRADE_ID,TRADER,TIMESTAMP,BUY_SELL,SECURITY,QUANTITY,DEAL_PRICE,FIRM,BROKER,IS_WASHTRADE) values (100092,'TRAVTP0G',to_timestamp('08-SEP-19 12.22.36.038000000 AM','DD-MON-RR HH.MI.SSXFF AM'),'sell',3030,61326,197.37560210070464,103,'SHAREKHAN',0);
Insert into TRADES (TRADE_ID,TRADER,TIMESTAMP,BUY_SELL,SECURITY,QUANTITY,DEAL_PRICE,FIRM,BROKER,IS_WASHTRADE) values (100093,'RITI6EN1',to_timestamp('08-SEP-19 07.40.04.645000000 PM','DD-MON-RR HH.MI.SSXFF AM'),'buy',9811,28122,190.20740670194374,101,'UPSTOX',0);
Insert into TRADES (TRADE_ID,TRADER,TIMESTAMP,BUY_SELL,SECURITY,QUANTITY,DEAL_PRICE,FIRM,BROKER,IS_WASHTRADE) values (100094,'VIC3DJK9',to_timestamp('08-SEP-19 09.56.51.299000000 PM','DD-MON-RR HH.MI.SSXFF AM'),'sell',1204,89376,193.98054729759968,101,'ICICI DIRECT',0);
Insert into TRADES (TRADE_ID,TRADER,TIMESTAMP,BUY_SELL,SECURITY,QUANTITY,DEAL_PRICE,FIRM,BROKER,IS_WASHTRADE) values (100095,'RAYYHZEG',to_timestamp('08-SEP-19 02.59.30.965000000 PM','DD-MON-RR HH.MI.SSXFF AM'),'sell',3030,99127,199.2817471887844,103,'SHAREKHAN',0);
Insert into TRADES (TRADE_ID,TRADER,TIMESTAMP,BUY_SELL,SECURITY,QUANTITY,DEAL_PRICE,FIRM,BROKER,IS_WASHTRADE) values (100096,'EVE8BC2Y',to_timestamp('08-SEP-19 10.29.52.471000000 PM','DD-MON-RR HH.MI.SSXFF AM'),'buy',9811,29518,119.12591013447431,102,'ICICI DIRECT',0);
Insert into TRADES (TRADE_ID,TRADER,TIMESTAMP,BUY_SELL,SECURITY,QUANTITY,DEAL_PRICE,FIRM,BROKER,IS_WASHTRADE) values (100097,'AND4U4E9',to_timestamp('08-SEP-19 04.29.34.987000000 AM','DD-MON-RR HH.MI.SSXFF AM'),'buy',7890,14478,189.48940159097162,103,'ZERODHA',0);
Insert into TRADES (TRADE_ID,TRADER,TIMESTAMP,BUY_SELL,SECURITY,QUANTITY,DEAL_PRICE,FIRM,BROKER,IS_WASHTRADE) values (100098,'MARC6VSB',to_timestamp('08-SEP-19 05.21.59.230000000 PM','DD-MON-RR HH.MI.SSXFF AM'),'buy',9811,33652,193.20711175882286,103,'ANGEL BROKING',0);
Insert into TRADES (TRADE_ID,TRADER,TIMESTAMP,BUY_SELL,SECURITY,QUANTITY,DEAL_PRICE,FIRM,BROKER,IS_WASHTRADE) values (100099,'PATJROMB',to_timestamp('08-SEP-19 12.55.05.856000000 AM','DD-MON-RR HH.MI.SSXFF AM'),'sell',9811,15549,192.01909760066917,103,'UPSTOX',0);
Insert into TRADES (TRADE_ID,TRADER,TIMESTAMP,BUY_SELL,SECURITY,QUANTITY,DEAL_PRICE,FIRM,BROKER,IS_WASHTRADE) values (100100,'DARVGNYM',to_timestamp('08-SEP-19 05.02.18.866000000 AM','DD-MON-RR HH.MI.SSXFF AM'),'sell',9811,23656,190.37542202307245,101,'SHAREKHAN',0);
Insert into TRADES (TRADE_ID,TRADER,TIMESTAMP,BUY_SELL,SECURITY,QUANTITY,DEAL_PRICE,FIRM,BROKER,IS_WASHTRADE) values (100505,'SEAK7405',to_timestamp('08-SEP-19 10.39.08.233000000 PM','DD-MON-RR HH.MI.SSXFF AM'),'sell',9811,21116,193.0515000119172,103,'SHAREKHAN',0);
Insert into TRADES (TRADE_ID,TRADER,TIMESTAMP,BUY_SELL,SECURITY,QUANTITY,DEAL_PRICE,FIRM,BROKER,IS_WASHTRADE) values (100506,'RACB6TS3',to_timestamp('08-SEP-19 08.28.51.404000000 AM','DD-MON-RR HH.MI.SSXFF AM'),'sell',3030,90582,198.01170386311125,103,'ANGEL BROKING',0);
Insert into TRADES (TRADE_ID,TRADER,TIMESTAMP,BUY_SELL,SECURITY,QUANTITY,DEAL_PRICE,FIRM,BROKER,IS_WASHTRADE) values (100507,'KAT2G7RQ',to_timestamp('08-SEP-19 04.41.38.059000000 PM','DD-MON-RR HH.MI.SSXFF AM'),'buy',7890,39637,117.09097474762093,102,'ICICI DIRECT',0);
Insert into TRADES (TRADE_ID,TRADER,TIMESTAMP,BUY_SELL,SECURITY,QUANTITY,DEAL_PRICE,FIRM,BROKER,IS_WASHTRADE) values (100508,'RENK17GN',to_timestamp('08-SEP-19 08.34.24.962000000 AM','DD-MON-RR HH.MI.SSXFF AM'),'sell',3030,64345,194.71289612142036,101,'5PAISA',0);
Insert into TRADES (TRADE_ID,TRADER,TIMESTAMP,BUY_SELL,SECURITY,QUANTITY,DEAL_PRICE,FIRM,BROKER,IS_WASHTRADE) values (100509,'CHAXPYSK',to_timestamp('08-SEP-19 03.39.17.048000000 AM','DD-MON-RR HH.MI.SSXFF AM'),'buy',1204,55147,123.28610141239284,102,'ANGEL BROKING',0);
Insert into TRADES (TRADE_ID,TRADER,TIMESTAMP,BUY_SELL,SECURITY,QUANTITY,DEAL_PRICE,FIRM,BROKER,IS_WASHTRADE) values (100510,'TYL8J2LI',to_timestamp('08-SEP-19 10.30.54.068000000 AM','DD-MON-RR HH.MI.SSXFF AM'),'buy',3030,58247,194.52855701751147,101,'5PAISA',0);
Insert into TRADES (TRADE_ID,TRADER,TIMESTAMP,BUY_SELL,SECURITY,QUANTITY,DEAL_PRICE,FIRM,BROKER,IS_WASHTRADE) values (100511,'ALB6U2ZV',to_timestamp('08-SEP-19 06.32.46.364000000 PM','DD-MON-RR HH.MI.SSXFF AM'),'buy',7890,43658,115.58259314258717,102,'ICICI DIRECT',0);
Insert into TRADES (TRADE_ID,TRADER,TIMESTAMP,BUY_SELL,SECURITY,QUANTITY,DEAL_PRICE,FIRM,BROKER,IS_WASHTRADE) values (100512,'LAWOH3PS',to_timestamp('08-SEP-19 11.52.16.064000000 AM','DD-MON-RR HH.MI.SSXFF AM'),'buy',3030,32436,192.87370467416258,101,'FYERS',0);
Insert into TRADES (TRADE_ID,TRADER,TIMESTAMP,BUY_SELL,SECURITY,QUANTITY,DEAL_PRICE,FIRM,BROKER,IS_WASHTRADE) values (100513,'REB4G6UJ',to_timestamp('08-SEP-19 07.16.31.752000000 PM','DD-MON-RR HH.MI.SSXFF AM'),'buy',3030,58777,194.8148551392995,101,'SHAREKHAN',0);
Insert into TRADES (TRADE_ID,TRADER,TIMESTAMP,BUY_SELL,SECURITY,QUANTITY,DEAL_PRICE,FIRM,BROKER,IS_WASHTRADE) values (100514,'CHR8CBOJ',to_timestamp('08-SEP-19 06.23.50.590000000 AM','DD-MON-RR HH.MI.SSXFF AM'),'buy',9811,44348,188.4270059091367,101,'MOTILAL OSWAL',0);
Insert into TRADES (TRADE_ID,TRADER,TIMESTAMP,BUY_SELL,SECURITY,QUANTITY,DEAL_PRICE,FIRM,BROKER,IS_WASHTRADE) values (100515,'CODOG0KJ',to_timestamp('08-SEP-19 09.06.09.352000000 AM','DD-MON-RR HH.MI.SSXFF AM'),'buy',1204,86333,121.63277114770861,102,'ICICI DIRECT',0);
Insert into TRADES (TRADE_ID,TRADER,TIMESTAMP,BUY_SELL,SECURITY,QUANTITY,DEAL_PRICE,FIRM,BROKER,IS_WASHTRADE) values (100516,'ETHSI05R',to_timestamp('08-SEP-19 03.47.07.108000000 AM','DD-MON-RR HH.MI.SSXFF AM'),'buy',3030,60646,199.48583049504313,103,'ICICI DIRECT',0);
Insert into TRADES (TRADE_ID,TRADER,TIMESTAMP,BUY_SELL,SECURITY,QUANTITY,DEAL_PRICE,FIRM,BROKER,IS_WASHTRADE) values (100517,'MEL2F69L',to_timestamp('08-SEP-19 01.10.31.561000000 PM','DD-MON-RR HH.MI.SSXFF AM'),'sell',1204,14797,122.14924398927573,102,'5PAISA',0);
Insert into TRADES (TRADE_ID,TRADER,TIMESTAMP,BUY_SELL,SECURITY,QUANTITY,DEAL_PRICE,FIRM,BROKER,IS_WASHTRADE) values (100518,'JEN7R9DV',to_timestamp('08-SEP-19 04.58.43.073000000 PM','DD-MON-RR HH.MI.SSXFF AM'),'buy',3030,99363,195.1323745711742,101,'ANGEL BROKING',0);
Insert into TRADES (TRADE_ID,TRADER,TIMESTAMP,BUY_SELL,SECURITY,QUANTITY,DEAL_PRICE,FIRM,BROKER,IS_WASHTRADE) values (100519,'BARK5S5E',to_timestamp('08-SEP-19 12.21.21.027000000 AM','DD-MON-RR HH.MI.SSXFF AM'),'buy',1204,26087,198.7137754046779,103,'SHAREKHAN',0);
Insert into TRADES (TRADE_ID,TRADER,TIMESTAMP,BUY_SELL,SECURITY,QUANTITY,DEAL_PRICE,FIRM,BROKER,IS_WASHTRADE) values (100520,'CHR8CBOJ',to_timestamp('08-SEP-19 04.38.52.075000000 PM','DD-MON-RR HH.MI.SSXFF AM'),'sell',1204,19560,195.63174927706112,101,'UPSTOX',0);
Insert into TRADES (TRADE_ID,TRADER,TIMESTAMP,BUY_SELL,SECURITY,QUANTITY,DEAL_PRICE,FIRM,BROKER,IS_WASHTRADE) values (100521,'JANLI2VQ',to_timestamp('08-SEP-19 10.14.09.158000000 AM','DD-MON-RR HH.MI.SSXFF AM'),'sell',9811,18481,187.58127403304985,101,'FYERS',0);
Insert into TRADES (TRADE_ID,TRADER,TIMESTAMP,BUY_SELL,SECURITY,QUANTITY,DEAL_PRICE,FIRM,BROKER,IS_WASHTRADE) values (100522,'PATJROMB',to_timestamp('08-SEP-19 11.38.16.372000000 PM','DD-MON-RR HH.MI.SSXFF AM'),'sell',3030,88182,193.18349081901673,101,'ICICI DIRECT',0);
Insert into TRADES (TRADE_ID,TRADER,TIMESTAMP,BUY_SELL,SECURITY,QUANTITY,DEAL_PRICE,FIRM,BROKER,IS_WASHTRADE) values (100523,'KAT2G7RQ',to_timestamp('08-SEP-19 07.37.32.191000000 AM','DD-MON-RR HH.MI.SSXFF AM'),'buy',1204,81718,122.90689233484036,102,'SHAREKHAN',0);
Insert into TRADES (TRADE_ID,TRADER,TIMESTAMP,BUY_SELL,SECURITY,QUANTITY,DEAL_PRICE,FIRM,BROKER,IS_WASHTRADE) values (100524,'TERCINT0',to_timestamp('08-SEP-19 11.20.35.136000000 PM','DD-MON-RR HH.MI.SSXFF AM'),'buy',3030,72352,200.5497908138264,103,'ZERODHA',0);
Insert into TRADES (TRADE_ID,TRADER,TIMESTAMP,BUY_SELL,SECURITY,QUANTITY,DEAL_PRICE,FIRM,BROKER,IS_WASHTRADE) values (100525,'MAR8BQAC',to_timestamp('08-SEP-19 07.38.47.388000000 PM','DD-MON-RR HH.MI.SSXFF AM'),'sell',9811,96705,187.20976936339602,101,'5PAISA',0);
Insert into TRADES (TRADE_ID,TRADER,TIMESTAMP,BUY_SELL,SECURITY,QUANTITY,DEAL_PRICE,FIRM,BROKER,IS_WASHTRADE) values (100526,'BON7USKP',to_timestamp('08-SEP-19 02.13.17.865000000 AM','DD-MON-RR HH.MI.SSXFF AM'),'buy',7890,1613,116.34604639954033,102,'ICICI DIRECT',0);
Insert into TRADES (TRADE_ID,TRADER,TIMESTAMP,BUY_SELL,SECURITY,QUANTITY,DEAL_PRICE,FIRM,BROKER,IS_WASHTRADE) values (100527,'ALII5JS8',to_timestamp('08-SEP-19 09.02.08.494000000 PM','DD-MON-RR HH.MI.SSXFF AM'),'sell',9811,2694,191.87132244390054,103,'MOTILAL OSWAL',0);
Insert into TRADES (TRADE_ID,TRADER,TIMESTAMP,BUY_SELL,SECURITY,QUANTITY,DEAL_PRICE,FIRM,BROKER,IS_WASHTRADE) values (100528,'ERIYFMJM',to_timestamp('08-SEP-19 08.38.01.118000000 PM','DD-MON-RR HH.MI.SSXFF AM'),'buy',9811,57070,192.59548378310794,103,'MOTILAL OSWAL',0);
Insert into TRADES (TRADE_ID,TRADER,TIMESTAMP,BUY_SELL,SECURITY,QUANTITY,DEAL_PRICE,FIRM,BROKER,IS_WASHTRADE) values (100529,'LACFSS25',to_timestamp('08-SEP-19 04.52.47.777000000 AM','DD-MON-RR HH.MI.SSXFF AM'),'buy',3030,26605,123.05133868629258,102,'5PAISA',0);
Insert into TRADES (TRADE_ID,TRADER,TIMESTAMP,BUY_SELL,SECURITY,QUANTITY,DEAL_PRICE,FIRM,BROKER,IS_WASHTRADE) values (100530,'CAR77HKO',to_timestamp('08-SEP-19 09.49.25.380000000 AM','DD-MON-RR HH.MI.SSXFF AM'),'buy',3030,20821,121.83912313190353,102,'ZERODHA',0);
Insert into TRADES (TRADE_ID,TRADER,TIMESTAMP,BUY_SELL,SECURITY,QUANTITY,DEAL_PRICE,FIRM,BROKER,IS_WASHTRADE) values (100531,'ROYK4MJL',to_timestamp('08-SEP-19 02.39.05.983000000 PM','DD-MON-RR HH.MI.SSXFF AM'),'sell',9811,20523,194.09910625783496,103,'UPSTOX',0);
Insert into TRADES (TRADE_ID,TRADER,TIMESTAMP,BUY_SELL,SECURITY,QUANTITY,DEAL_PRICE,FIRM,BROKER,IS_WASHTRADE) values (100532,'RONXONLA',to_timestamp('08-SEP-19 01.30.46.925000000 PM','DD-MON-RR HH.MI.SSXFF AM'),'sell',7890,75412,190.37853190653306,103,'UPSTOX',0);
Insert into TRADES (TRADE_ID,TRADER,TIMESTAMP,BUY_SELL,SECURITY,QUANTITY,DEAL_PRICE,FIRM,BROKER,IS_WASHTRADE) values (100533,'ANNTUIDW',to_timestamp('08-SEP-19 09.23.15.861000000 PM','DD-MON-RR HH.MI.SSXFF AM'),'sell',3030,68520,121.86526688311166,102,'SHAREKHAN',0);
Insert into TRADES (TRADE_ID,TRADER,TIMESTAMP,BUY_SELL,SECURITY,QUANTITY,DEAL_PRICE,FIRM,BROKER,IS_WASHTRADE) values (100534,'ALLHJ5TM',to_timestamp('08-SEP-19 08.55.36.184000000 AM','DD-MON-RR HH.MI.SSXFF AM'),'buy',1204,31401,123.41379255201821,102,'ANGEL BROKING',0);
Insert into TRADES (TRADE_ID,TRADER,TIMESTAMP,BUY_SELL,SECURITY,QUANTITY,DEAL_PRICE,FIRM,BROKER,IS_WASHTRADE) values (100535,'RIT8K7LO',to_timestamp('08-SEP-19 07.46.53.867000000 AM','DD-MON-RR HH.MI.SSXFF AM'),'buy',3030,39688,192.96957364647216,101,'SHAREKHAN',0);
Insert into TRADES (TRADE_ID,TRADER,TIMESTAMP,BUY_SELL,SECURITY,QUANTITY,DEAL_PRICE,FIRM,BROKER,IS_WASHTRADE) values (100536,'CHAXPYSK',to_timestamp('08-SEP-19 06.14.39.009000000 AM','DD-MON-RR HH.MI.SSXFF AM'),'buy',9811,20655,193.58810626605649,103,'5PAISA',0);
Insert into TRADES (TRADE_ID,TRADER,TIMESTAMP,BUY_SELL,SECURITY,QUANTITY,DEAL_PRICE,FIRM,BROKER,IS_WASHTRADE) values (100537,'RIT8K7LO',to_timestamp('08-SEP-19 01.52.32.686000000 AM','DD-MON-RR HH.MI.SSXFF AM'),'buy',7890,27423,186.13342110331052,101,'ICICI DIRECT',0);
Insert into TRADES (TRADE_ID,TRADER,TIMESTAMP,BUY_SELL,SECURITY,QUANTITY,DEAL_PRICE,FIRM,BROKER,IS_WASHTRADE) values (100538,'MAREZ57F',to_timestamp('08-SEP-19 06.53.09.399000000 PM','DD-MON-RR HH.MI.SSXFF AM'),'sell',1204,30495,123.6347141296172,102,'MOTILAL OSWAL',0);
Insert into TRADES (TRADE_ID,TRADER,TIMESTAMP,BUY_SELL,SECURITY,QUANTITY,DEAL_PRICE,FIRM,BROKER,IS_WASHTRADE) values (100539,'JEN7R9DV',to_timestamp('08-SEP-19 10.20.28.502000000 PM','DD-MON-RR HH.MI.SSXFF AM'),'sell',1204,65887,195.1284308102581,101,'SHAREKHAN',0);
Insert into TRADES (TRADE_ID,TRADER,TIMESTAMP,BUY_SELL,SECURITY,QUANTITY,DEAL_PRICE,FIRM,BROKER,IS_WASHTRADE) values (100540,'BRIB1YL5',to_timestamp('08-SEP-19 12.34.31.447000000 PM','DD-MON-RR HH.MI.SSXFF AM'),'buy',3030,95631,194.9137953039915,101,'UPSTOX',0);
Insert into TRADES (TRADE_ID,TRADER,TIMESTAMP,BUY_SELL,SECURITY,QUANTITY,DEAL_PRICE,FIRM,BROKER,IS_WASHTRADE) values (100541,'MIT661AZ',to_timestamp('08-SEP-19 10.47.26.210000000 AM','DD-MON-RR HH.MI.SSXFF AM'),'sell',3030,56630,199.08480126500604,103,'ZERODHA',0);
Insert into TRADES (TRADE_ID,TRADER,TIMESTAMP,BUY_SELL,SECURITY,QUANTITY,DEAL_PRICE,FIRM,BROKER,IS_WASHTRADE) values (100542,'MATIBPRX',to_timestamp('08-SEP-19 02.56.53.502000000 AM','DD-MON-RR HH.MI.SSXFF AM'),'buy',3030,38060,193.4831609055471,101,'UPSTOX',0);
Insert into TRADES (TRADE_ID,TRADER,TIMESTAMP,BUY_SELL,SECURITY,QUANTITY,DEAL_PRICE,FIRM,BROKER,IS_WASHTRADE) values (100543,'REB4G6UJ',to_timestamp('08-SEP-19 12.19.57.020000000 AM','DD-MON-RR HH.MI.SSXFF AM'),'buy',3030,50809,193.12733672063678,101,'ICICI DIRECT',0);
Insert into TRADES (TRADE_ID,TRADER,TIMESTAMP,BUY_SELL,SECURITY,QUANTITY,DEAL_PRICE,FIRM,BROKER,IS_WASHTRADE) values (100544,'DALU9A06',to_timestamp('08-SEP-19 05.12.48.474000000 PM','DD-MON-RR HH.MI.SSXFF AM'),'buy',7890,30139,186.04768886688376,101,'ICICI DIRECT',0);
Insert into TRADES (TRADE_ID,TRADER,TIMESTAMP,BUY_SELL,SECURITY,QUANTITY,DEAL_PRICE,FIRM,BROKER,IS_WASHTRADE) values (100545,'STADC932',to_timestamp('08-SEP-19 06.10.20.688000000 AM','DD-MON-RR HH.MI.SSXFF AM'),'buy',7890,31181,116.3944924168381,102,'FYERS',0);
Insert into TRADES (TRADE_ID,TRADER,TIMESTAMP,BUY_SELL,SECURITY,QUANTITY,DEAL_PRICE,FIRM,BROKER,IS_WASHTRADE) values (100546,'JOA4K3H2',to_timestamp('08-SEP-19 09.57.30.042000000 PM','DD-MON-RR HH.MI.SSXFF AM'),'sell',1204,4766,122.85184105098169,102,'UPSTOX',0);
Insert into TRADES (TRADE_ID,TRADER,TIMESTAMP,BUY_SELL,SECURITY,QUANTITY,DEAL_PRICE,FIRM,BROKER,IS_WASHTRADE) values (100547,'LINFZQ8J',to_timestamp('08-SEP-19 08.23.03.438000000 PM','DD-MON-RR HH.MI.SSXFF AM'),'sell',3030,50005,122.04420030574778,102,'SHAREKHAN',0);
Insert into TRADES (TRADE_ID,TRADER,TIMESTAMP,BUY_SELL,SECURITY,QUANTITY,DEAL_PRICE,FIRM,BROKER,IS_WASHTRADE) values (100548,'DON4EW08',to_timestamp('08-SEP-19 04.58.04.763000000 PM','DD-MON-RR HH.MI.SSXFF AM'),'buy',1204,92212,195.8710459361055,101,'SHAREKHAN',0);
Insert into TRADES (TRADE_ID,TRADER,TIMESTAMP,BUY_SELL,SECURITY,QUANTITY,DEAL_PRICE,FIRM,BROKER,IS_WASHTRADE) values (100549,'MATIBPRX',to_timestamp('08-SEP-19 06.18.06.558000000 AM','DD-MON-RR HH.MI.SSXFF AM'),'sell',7890,88652,189.92574021300155,103,'SHAREKHAN',0);
Insert into TRADES (TRADE_ID,TRADER,TIMESTAMP,BUY_SELL,SECURITY,QUANTITY,DEAL_PRICE,FIRM,BROKER,IS_WASHTRADE) values (100550,'SHI75KZ0',to_timestamp('08-SEP-19 05.37.03.937000000 AM','DD-MON-RR HH.MI.SSXFF AM'),'buy',7890,88960,188.09975979375136,103,'5PAISA',0);
Insert into TRADES (TRADE_ID,TRADER,TIMESTAMP,BUY_SELL,SECURITY,QUANTITY,DEAL_PRICE,FIRM,BROKER,IS_WASHTRADE) values (100551,'DARVGNYM',to_timestamp('08-SEP-19 05.57.04.335000000 PM','DD-MON-RR HH.MI.SSXFF AM'),'sell',7890,47372,186.24102340311006,101,'ICICI DIRECT',0);
Insert into TRADES (TRADE_ID,TRADER,TIMESTAMP,BUY_SELL,SECURITY,QUANTITY,DEAL_PRICE,FIRM,BROKER,IS_WASHTRADE) values (100552,'RAYYHZEG',to_timestamp('08-SEP-19 11.04.06.068000000 PM','DD-MON-RR HH.MI.SSXFF AM'),'buy',3030,42626,193.3362409114555,101,'ANGEL BROKING',0);
Insert into TRADES (TRADE_ID,TRADER,TIMESTAMP,BUY_SELL,SECURITY,QUANTITY,DEAL_PRICE,FIRM,BROKER,IS_WASHTRADE) values (100553,'HEL7FGWO',to_timestamp('08-SEP-19 04.35.37.658000000 AM','DD-MON-RR HH.MI.SSXFF AM'),'buy',7890,57327,116.79059287890472,102,'5PAISA',0);
Insert into TRADES (TRADE_ID,TRADER,TIMESTAMP,BUY_SELL,SECURITY,QUANTITY,DEAL_PRICE,FIRM,BROKER,IS_WASHTRADE) values (100554,'ISAY6RVC',to_timestamp('08-SEP-19 12.37.10.278000000 AM','DD-MON-RR HH.MI.SSXFF AM'),'sell',3030,17217,121.88361757341535,102,'ICICI DIRECT',0);
Insert into TRADES (TRADE_ID,TRADER,TIMESTAMP,BUY_SELL,SECURITY,QUANTITY,DEAL_PRICE,FIRM,BROKER,IS_WASHTRADE) values (100555,'NICHIDBT',to_timestamp('08-SEP-19 02.09.55.721000000 PM','DD-MON-RR HH.MI.SSXFF AM'),'sell',7890,39532,190.38916286087908,103,'5PAISA',0);
Insert into TRADES (TRADE_ID,TRADER,TIMESTAMP,BUY_SELL,SECURITY,QUANTITY,DEAL_PRICE,FIRM,BROKER,IS_WASHTRADE) values (100556,'ROB6I552',to_timestamp('08-SEP-19 07.59.22.243000000 AM','DD-MON-RR HH.MI.SSXFF AM'),'sell',3030,27386,121.38994513612312,102,'FYERS',0);
Insert into TRADES (TRADE_ID,TRADER,TIMESTAMP,BUY_SELL,SECURITY,QUANTITY,DEAL_PRICE,FIRM,BROKER,IS_WASHTRADE) values (100557,'RONCU0ZO',to_timestamp('08-SEP-19 08.57.47.021000000 AM','DD-MON-RR HH.MI.SSXFF AM'),'buy',1204,26121,123.68719708249516,102,'UPSTOX',0);
Insert into TRADES (TRADE_ID,TRADER,TIMESTAMP,BUY_SELL,SECURITY,QUANTITY,DEAL_PRICE,FIRM,BROKER,IS_WASHTRADE) values (100558,'HERSPFIE',to_timestamp('08-SEP-19 12.11.46.745000000 AM','DD-MON-RR HH.MI.SSXFF AM'),'sell',1204,47584,122.10822704802005,102,'ICICI DIRECT',0);
Insert into TRADES (TRADE_ID,TRADER,TIMESTAMP,BUY_SELL,SECURITY,QUANTITY,DEAL_PRICE,FIRM,BROKER,IS_WASHTRADE) values (100559,'PENNNOW3',to_timestamp('08-SEP-19 05.29.06.972000000 PM','DD-MON-RR HH.MI.SSXFF AM'),'buy',1204,96423,197.30317316769325,103,'5PAISA',0);
Insert into TRADES (TRADE_ID,TRADER,TIMESTAMP,BUY_SELL,SECURITY,QUANTITY,DEAL_PRICE,FIRM,BROKER,IS_WASHTRADE) values (100560,'ANNTUIDW',to_timestamp('08-SEP-19 02.42.34.049000000 PM','DD-MON-RR HH.MI.SSXFF AM'),'buy',9811,64207,118.16987934775652,102,'SHAREKHAN',0);
Insert into TRADES (TRADE_ID,TRADER,TIMESTAMP,BUY_SELL,SECURITY,QUANTITY,DEAL_PRICE,FIRM,BROKER,IS_WASHTRADE) values (100561,'LACFSS25',to_timestamp('08-SEP-19 01.24.36.822000000 AM','DD-MON-RR HH.MI.SSXFF AM'),'buy',1204,57283,192.92262962113367,101,'ICICI DIRECT',0);
Insert into TRADES (TRADE_ID,TRADER,TIMESTAMP,BUY_SELL,SECURITY,QUANTITY,DEAL_PRICE,FIRM,BROKER,IS_WASHTRADE) values (100562,'DEN6RW88',to_timestamp('08-SEP-19 05.34.40.282000000 PM','DD-MON-RR HH.MI.SSXFF AM'),'sell',7890,99911,115.95262282143416,102,'ICICI DIRECT',0);
Insert into TRADES (TRADE_ID,TRADER,TIMESTAMP,BUY_SELL,SECURITY,QUANTITY,DEAL_PRICE,FIRM,BROKER,IS_WASHTRADE) values (100563,'CHE110KQ',to_timestamp('08-SEP-19 12.10.52.114000000 AM','DD-MON-RR HH.MI.SSXFF AM'),'buy',7890,78024,183.80617446374967,101,'ZERODHA',0);
Insert into TRADES (TRADE_ID,TRADER,TIMESTAMP,BUY_SELL,SECURITY,QUANTITY,DEAL_PRICE,FIRM,BROKER,IS_WASHTRADE) values (100564,'REB4G6UJ',to_timestamp('08-SEP-19 05.39.24.473000000 AM','DD-MON-RR HH.MI.SSXFF AM'),'sell',9811,29067,194.61329897113407,103,'ICICI DIRECT',0);
Insert into TRADES (TRADE_ID,TRADER,TIMESTAMP,BUY_SELL,SECURITY,QUANTITY,DEAL_PRICE,FIRM,BROKER,IS_WASHTRADE) values (100565,'ANNTUIDW',to_timestamp('08-SEP-19 11.51.02.505000000 AM','DD-MON-RR HH.MI.SSXFF AM'),'buy',1204,68463,199.61685911602234,103,'5PAISA',0);
Insert into TRADES (TRADE_ID,TRADER,TIMESTAMP,BUY_SELL,SECURITY,QUANTITY,DEAL_PRICE,FIRM,BROKER,IS_WASHTRADE) values (100566,'LINFZQ8J',to_timestamp('08-SEP-19 08.33.55.915000000 AM','DD-MON-RR HH.MI.SSXFF AM'),'buy',1204,63672,198.80766539252113,103,'ANGEL BROKING',0);
Insert into TRADES (TRADE_ID,TRADER,TIMESTAMP,BUY_SELL,SECURITY,QUANTITY,DEAL_PRICE,FIRM,BROKER,IS_WASHTRADE) values (100567,'LINN4YBL',to_timestamp('08-SEP-19 12.21.03.176000000 PM','DD-MON-RR HH.MI.SSXFF AM'),'buy',3030,36215,194.33607713574634,101,'ANGEL BROKING',0);
Insert into TRADES (TRADE_ID,TRADER,TIMESTAMP,BUY_SELL,SECURITY,QUANTITY,DEAL_PRICE,FIRM,BROKER,IS_WASHTRADE) values (100568,'JOEBRA22',to_timestamp('08-SEP-19 08.41.34.722000000 AM','DD-MON-RR HH.MI.SSXFF AM'),'sell',1204,9850,192.8364567826495,101,'SHAREKHAN',0);
Insert into TRADES (TRADE_ID,TRADER,TIMESTAMP,BUY_SELL,SECURITY,QUANTITY,DEAL_PRICE,FIRM,BROKER,IS_WASHTRADE) values (100569,'DIAU5Z18',to_timestamp('08-SEP-19 05.13.55.402000000 AM','DD-MON-RR HH.MI.SSXFF AM'),'sell',9811,56468,191.76641608138902,103,'5PAISA',0);
Insert into TRADES (TRADE_ID,TRADER,TIMESTAMP,BUY_SELL,SECURITY,QUANTITY,DEAL_PRICE,FIRM,BROKER,IS_WASHTRADE) values (100570,'JOH7UULZ',to_timestamp('08-SEP-19 03.53.35.116000000 PM','DD-MON-RR HH.MI.SSXFF AM'),'sell',7890,9472,184.45934700376492,101,'ANGEL BROKING',0);
Insert into TRADES (TRADE_ID,TRADER,TIMESTAMP,BUY_SELL,SECURITY,QUANTITY,DEAL_PRICE,FIRM,BROKER,IS_WASHTRADE) values (100571,'MIT661AZ',to_timestamp('08-SEP-19 07.33.04.582000000 PM','DD-MON-RR HH.MI.SSXFF AM'),'sell',1204,73868,198.5204574611348,103,'FYERS',0);
Insert into TRADES (TRADE_ID,TRADER,TIMESTAMP,BUY_SELL,SECURITY,QUANTITY,DEAL_PRICE,FIRM,BROKER,IS_WASHTRADE) values (100572,'CHR8CBOJ',to_timestamp('08-SEP-19 10.18.34.403000000 PM','DD-MON-RR HH.MI.SSXFF AM'),'buy',1204,71396,193.05996927996128,101,'5PAISA',0);
Insert into TRADES (TRADE_ID,TRADER,TIMESTAMP,BUY_SELL,SECURITY,QUANTITY,DEAL_PRICE,FIRM,BROKER,IS_WASHTRADE) values (100573,'JOA4K3H2',to_timestamp('08-SEP-19 04.45.32.605000000 AM','DD-MON-RR HH.MI.SSXFF AM'),'sell',7890,76932,116.92375290582214,102,'ICICI DIRECT',0);
Insert into TRADES (TRADE_ID,TRADER,TIMESTAMP,BUY_SELL,SECURITY,QUANTITY,DEAL_PRICE,FIRM,BROKER,IS_WASHTRADE) values (100574,'NICG7WUU',to_timestamp('08-SEP-19 08.15.10.326000000 PM','DD-MON-RR HH.MI.SSXFF AM'),'sell',7890,7755,189.36070158928467,103,'5PAISA',0);
Insert into TRADES (TRADE_ID,TRADER,TIMESTAMP,BUY_SELL,SECURITY,QUANTITY,DEAL_PRICE,FIRM,BROKER,IS_WASHTRADE) values (100575,'ISAY6RVC',to_timestamp('08-SEP-19 08.17.02.082000000 PM','DD-MON-RR HH.MI.SSXFF AM'),'buy',7890,2086,183.990766493787,101,'SHAREKHAN',0);
Insert into TRADES (TRADE_ID,TRADER,TIMESTAMP,BUY_SELL,SECURITY,QUANTITY,DEAL_PRICE,FIRM,BROKER,IS_WASHTRADE) values (100576,'DEN6RW88',to_timestamp('08-SEP-19 03.48.24.744000000 AM','DD-MON-RR HH.MI.SSXFF AM'),'buy',9811,34863,117.60499666647056,102,'ANGEL BROKING',0);
Insert into TRADES (TRADE_ID,TRADER,TIMESTAMP,BUY_SELL,SECURITY,QUANTITY,DEAL_PRICE,FIRM,BROKER,IS_WASHTRADE) values (100577,'EVE8BC2Y',to_timestamp('08-SEP-19 08.34.07.179000000 AM','DD-MON-RR HH.MI.SSXFF AM'),'buy',3030,83211,195.8086708939103,101,'ZERODHA',0);
Insert into TRADES (TRADE_ID,TRADER,TIMESTAMP,BUY_SELL,SECURITY,QUANTITY,DEAL_PRICE,FIRM,BROKER,IS_WASHTRADE) values (100578,'RITI6EN1',to_timestamp('08-SEP-19 03.49.41.775000000 PM','DD-MON-RR HH.MI.SSXFF AM'),'sell',9811,44484,194.58067177869668,103,'ZERODHA',0);
Insert into TRADES (TRADE_ID,TRADER,TIMESTAMP,BUY_SELL,SECURITY,QUANTITY,DEAL_PRICE,FIRM,BROKER,IS_WASHTRADE) values (100579,'DIAU5Z18',to_timestamp('08-SEP-19 08.28.13.931000000 AM','DD-MON-RR HH.MI.SSXFF AM'),'sell',1204,25021,123.18016916119964,102,'ZERODHA',0);
Insert into TRADES (TRADE_ID,TRADER,TIMESTAMP,BUY_SELL,SECURITY,QUANTITY,DEAL_PRICE,FIRM,BROKER,IS_WASHTRADE) values (100580,'DON4EW08',to_timestamp('08-SEP-19 10.33.23.182000000 AM','DD-MON-RR HH.MI.SSXFF AM'),'buy',7890,61791,191.08529209100226,103,'ANGEL BROKING',0);
Insert into TRADES (TRADE_ID,TRADER,TIMESTAMP,BUY_SELL,SECURITY,QUANTITY,DEAL_PRICE,FIRM,BROKER,IS_WASHTRADE) values (100581,'VIC3DJK9',to_timestamp('08-SEP-19 06.28.16.196000000 PM','DD-MON-RR HH.MI.SSXFF AM'),'sell',3030,59798,200.50477616830435,103,'UPSTOX',0);
Insert into TRADES (TRADE_ID,TRADER,TIMESTAMP,BUY_SELL,SECURITY,QUANTITY,DEAL_PRICE,FIRM,BROKER,IS_WASHTRADE) values (100582,'BRIB1YL5',to_timestamp('08-SEP-19 01.53.02.017000000 PM','DD-MON-RR HH.MI.SSXFF AM'),'sell',1204,28628,198.06749870542964,103,'ICICI DIRECT',0);
Insert into TRADES (TRADE_ID,TRADER,TIMESTAMP,BUY_SELL,SECURITY,QUANTITY,DEAL_PRICE,FIRM,BROKER,IS_WASHTRADE) values (100583,'REBCG146',to_timestamp('08-SEP-19 05.42.06.562000000 PM','DD-MON-RR HH.MI.SSXFF AM'),'sell',3030,90387,198.60798658169605,103,'5PAISA',0);
Insert into TRADES (TRADE_ID,TRADER,TIMESTAMP,BUY_SELL,SECURITY,QUANTITY,DEAL_PRICE,FIRM,BROKER,IS_WASHTRADE) values (100584,'CHAXPYSK',to_timestamp('08-SEP-19 11.32.06.876000000 AM','DD-MON-RR HH.MI.SSXFF AM'),'sell',1204,52987,198.38228992476704,103,'FYERS',0);
Insert into TRADES (TRADE_ID,TRADER,TIMESTAMP,BUY_SELL,SECURITY,QUANTITY,DEAL_PRICE,FIRM,BROKER,IS_WASHTRADE) values (100585,'SUSNRB66',to_timestamp('08-SEP-19 07.23.48.456000000 AM','DD-MON-RR HH.MI.SSXFF AM'),'buy',9811,68152,187.96225851434167,101,'UPSTOX',0);
Insert into TRADES (TRADE_ID,TRADER,TIMESTAMP,BUY_SELL,SECURITY,QUANTITY,DEAL_PRICE,FIRM,BROKER,IS_WASHTRADE) values (100586,'TYLI65TP',to_timestamp('08-SEP-19 04.25.33.025000000 PM','DD-MON-RR HH.MI.SSXFF AM'),'sell',9811,98458,188.30202484581247,101,'5PAISA',0);
Insert into TRADES (TRADE_ID,TRADER,TIMESTAMP,BUY_SELL,SECURITY,QUANTITY,DEAL_PRICE,FIRM,BROKER,IS_WASHTRADE) values (100587,'SUEAMIOQ',to_timestamp('08-SEP-19 10.26.31.227000000 AM','DD-MON-RR HH.MI.SSXFF AM'),'sell',1204,2555,199.76903565961453,103,'ICICI DIRECT',0);
Insert into TRADES (TRADE_ID,TRADER,TIMESTAMP,BUY_SELL,SECURITY,QUANTITY,DEAL_PRICE,FIRM,BROKER,IS_WASHTRADE) values (100588,'DAL1U0FH',to_timestamp('08-SEP-19 02.09.22.222000000 AM','DD-MON-RR HH.MI.SSXFF AM'),'sell',9811,11329,117.67380974516927,102,'SHAREKHAN',0);
Insert into TRADES (TRADE_ID,TRADER,TIMESTAMP,BUY_SELL,SECURITY,QUANTITY,DEAL_PRICE,FIRM,BROKER,IS_WASHTRADE) values (100589,'HAL0GKCL',to_timestamp('08-SEP-19 06.57.38.131000000 PM','DD-MON-RR HH.MI.SSXFF AM'),'buy',9811,80568,187.25634046602264,101,'ZERODHA',0);
Insert into TRADES (TRADE_ID,TRADER,TIMESTAMP,BUY_SELL,SECURITY,QUANTITY,DEAL_PRICE,FIRM,BROKER,IS_WASHTRADE) values (100590,'KRIB342O',to_timestamp('08-SEP-19 05.09.20.018000000 AM','DD-MON-RR HH.MI.SSXFF AM'),'sell',3030,28764,200.1516101117435,103,'ANGEL BROKING',0);
Insert into TRADES (TRADE_ID,TRADER,TIMESTAMP,BUY_SELL,SECURITY,QUANTITY,DEAL_PRICE,FIRM,BROKER,IS_WASHTRADE) values (100591,'MIR1ZXIB',to_timestamp('08-SEP-19 12.31.12.587000000 PM','DD-MON-RR HH.MI.SSXFF AM'),'buy',7890,46165,115.77026083795779,102,'ICICI DIRECT',0);
Insert into TRADES (TRADE_ID,TRADER,TIMESTAMP,BUY_SELL,SECURITY,QUANTITY,DEAL_PRICE,FIRM,BROKER,IS_WASHTRADE) values (100592,'MAR8BQAC',to_timestamp('08-SEP-19 12.00.16.716000000 AM','DD-MON-RR HH.MI.SSXFF AM'),'buy',3030,55695,199.39618039610477,103,'MOTILAL OSWAL',0);
Insert into TRADES (TRADE_ID,TRADER,TIMESTAMP,BUY_SELL,SECURITY,QUANTITY,DEAL_PRICE,FIRM,BROKER,IS_WASHTRADE) values (100593,'SAR0JSNX',to_timestamp('08-SEP-19 06.04.54.904000000 PM','DD-MON-RR HH.MI.SSXFF AM'),'sell',9811,96155,189.6533942536913,101,'ANGEL BROKING',0);
Insert into TRADES (TRADE_ID,TRADER,TIMESTAMP,BUY_SELL,SECURITY,QUANTITY,DEAL_PRICE,FIRM,BROKER,IS_WASHTRADE) values (100594,'ALLHJ5TM',to_timestamp('08-SEP-19 06.54.05.620000000 PM','DD-MON-RR HH.MI.SSXFF AM'),'sell',3030,40992,199.08932977227892,103,'5PAISA',0);
Insert into TRADES (TRADE_ID,TRADER,TIMESTAMP,BUY_SELL,SECURITY,QUANTITY,DEAL_PRICE,FIRM,BROKER,IS_WASHTRADE) values (100595,'TIMWVSKU',to_timestamp('08-SEP-19 01.08.14.486000000 AM','DD-MON-RR HH.MI.SSXFF AM'),'buy',7890,48410,115.35434132217867,102,'ZERODHA',0);
Insert into TRADES (TRADE_ID,TRADER,TIMESTAMP,BUY_SELL,SECURITY,QUANTITY,DEAL_PRICE,FIRM,BROKER,IS_WASHTRADE) values (100596,'SARDQDXB',to_timestamp('08-SEP-19 04.25.38.952000000 PM','DD-MON-RR HH.MI.SSXFF AM'),'sell',1204,75680,122.21004933652253,102,'ICICI DIRECT',0);
Insert into TRADES (TRADE_ID,TRADER,TIMESTAMP,BUY_SELL,SECURITY,QUANTITY,DEAL_PRICE,FIRM,BROKER,IS_WASHTRADE) values (100597,'LOGQ4YTK',to_timestamp('08-SEP-19 07.52.05.624000000 PM','DD-MON-RR HH.MI.SSXFF AM'),'buy',7890,88722,116.69731268590895,102,'MOTILAL OSWAL',0);
Insert into TRADES (TRADE_ID,TRADER,TIMESTAMP,BUY_SELL,SECURITY,QUANTITY,DEAL_PRICE,FIRM,BROKER,IS_WASHTRADE) values (100598,'KAYYTQEK',to_timestamp('08-SEP-19 01.25.27.286000000 PM','DD-MON-RR HH.MI.SSXFF AM'),'sell',3030,6219,121.6381489851139,102,'FYERS',0);
Insert into TRADES (TRADE_ID,TRADER,TIMESTAMP,BUY_SELL,SECURITY,QUANTITY,DEAL_PRICE,FIRM,BROKER,IS_WASHTRADE) values (100599,'DREVKO1B',to_timestamp('08-SEP-19 05.16.02.621000000 PM','DD-MON-RR HH.MI.SSXFF AM'),'buy',3030,83507,192.92787399829777,101,'ANGEL BROKING',0);
Insert into TRADES (TRADE_ID,TRADER,TIMESTAMP,BUY_SELL,SECURITY,QUANTITY,DEAL_PRICE,FIRM,BROKER,IS_WASHTRADE) values (100600,'SUM39QPW',to_timestamp('08-SEP-19 05.00.21.876000000 AM','DD-MON-RR HH.MI.SSXFF AM'),'sell',9811,37388,187.25095335818912,101,'ICICI DIRECT',0);
Insert into TRADES (TRADE_ID,TRADER,TIMESTAMP,BUY_SELL,SECURITY,QUANTITY,DEAL_PRICE,FIRM,BROKER,IS_WASHTRADE) values (100601,'MATIBPRX',to_timestamp('08-SEP-19 08.32.21.205000000 AM','DD-MON-RR HH.MI.SSXFF AM'),'sell',9811,54995,191.85586240745855,103,'SHAREKHAN',0);
Insert into TRADES (TRADE_ID,TRADER,TIMESTAMP,BUY_SELL,SECURITY,QUANTITY,DEAL_PRICE,FIRM,BROKER,IS_WASHTRADE) values (100602,'HEL7FGWO',to_timestamp('08-SEP-19 06.30.55.895000000 PM','DD-MON-RR HH.MI.SSXFF AM'),'buy',3030,17258,193.8702961617233,101,'ICICI DIRECT',0);
Insert into TRADES (TRADE_ID,TRADER,TIMESTAMP,BUY_SELL,SECURITY,QUANTITY,DEAL_PRICE,FIRM,BROKER,IS_WASHTRADE) values (100603,'TERPCN7R',to_timestamp('08-SEP-19 11.15.01.272000000 AM','DD-MON-RR HH.MI.SSXFF AM'),'sell',9811,23636,117.81828202326078,102,'ANGEL BROKING',0);
Insert into TRADES (TRADE_ID,TRADER,TIMESTAMP,BUY_SELL,SECURITY,QUANTITY,DEAL_PRICE,FIRM,BROKER,IS_WASHTRADE) values (100604,'KRIYBJG9',to_timestamp('08-SEP-19 05.36.14.162000000 AM','DD-MON-RR HH.MI.SSXFF AM'),'buy',9811,83810,190.18779287115268,101,'ANGEL BROKING',0);
Insert into TRADES (TRADE_ID,TRADER,TIMESTAMP,BUY_SELL,SECURITY,QUANTITY,DEAL_PRICE,FIRM,BROKER,IS_WASHTRADE) values (100605,'SARDQDXB',to_timestamp('08-SEP-19 02.22.29.280000000 PM','DD-MON-RR HH.MI.SSXFF AM'),'buy',9811,46452,189.34928773746014,101,'FYERS',0);
Insert into TRADES (TRADE_ID,TRADER,TIMESTAMP,BUY_SELL,SECURITY,QUANTITY,DEAL_PRICE,FIRM,BROKER,IS_WASHTRADE) values (100404,'KRIYBJG9',to_timestamp('08-SEP-19 01.11.02.503000000 PM','DD-MON-RR HH.MI.SSXFF AM'),'buy',9811,83810,188.771386949748,101,'ANGEL BROKING',0);
Insert into TRADES (TRADE_ID,TRADER,TIMESTAMP,BUY_SELL,SECURITY,QUANTITY,DEAL_PRICE,FIRM,BROKER,IS_WASHTRADE) values (100405,'SARDQDXB',to_timestamp('08-SEP-19 06.13.55.115000000 AM','DD-MON-RR HH.MI.SSXFF AM'),'buy',9811,46452,188.51008994365029,101,'FYERS',0);
Insert into TRADES (TRADE_ID,TRADER,TIMESTAMP,BUY_SELL,SECURITY,QUANTITY,DEAL_PRICE,FIRM,BROKER,IS_WASHTRADE) values (100406,'DARAQA2D',to_timestamp('08-SEP-19 09.07.44.139000000 PM','DD-MON-RR HH.MI.SSXFF AM'),'buy',9811,80141,189.58413892695305,101,'ANGEL BROKING',0);
Insert into TRADES (TRADE_ID,TRADER,TIMESTAMP,BUY_SELL,SECURITY,QUANTITY,DEAL_PRICE,FIRM,BROKER,IS_WASHTRADE) values (100407,'LOGQ4YTK',to_timestamp('08-SEP-19 02.17.06.688000000 AM','DD-MON-RR HH.MI.SSXFF AM'),'sell',3030,77208,195.33742612481416,101,'MOTILAL OSWAL',0);
Insert into TRADES (TRADE_ID,TRADER,TIMESTAMP,BUY_SELL,SECURITY,QUANTITY,DEAL_PRICE,FIRM,BROKER,IS_WASHTRADE) values (100408,'JUAGFC6U',to_timestamp('08-SEP-19 11.49.04.847000000 PM','DD-MON-RR HH.MI.SSXFF AM'),'sell',3030,17813,197.62720818903318,103,'ANGEL BROKING',0);
Insert into TRADES (TRADE_ID,TRADER,TIMESTAMP,BUY_SELL,SECURITY,QUANTITY,DEAL_PRICE,FIRM,BROKER,IS_WASHTRADE) values (100409,'MADGO36M',to_timestamp('08-SEP-19 06.50.40.574000000 AM','DD-MON-RR HH.MI.SSXFF AM'),'buy',3030,84892,122.60128403108521,102,'ANGEL BROKING',0);
Insert into TRADES (TRADE_ID,TRADER,TIMESTAMP,BUY_SELL,SECURITY,QUANTITY,DEAL_PRICE,FIRM,BROKER,IS_WASHTRADE) values (100410,'BON7USKP',to_timestamp('08-SEP-19 06.10.53.897000000 AM','DD-MON-RR HH.MI.SSXFF AM'),'sell',1204,25845,193.19289423640006,101,'ANGEL BROKING',0);
Insert into TRADES (TRADE_ID,TRADER,TIMESTAMP,BUY_SELL,SECURITY,QUANTITY,DEAL_PRICE,FIRM,BROKER,IS_WASHTRADE) values (100411,'NICY8OJF',to_timestamp('08-SEP-19 02.37.45.014000000 AM','DD-MON-RR HH.MI.SSXFF AM'),'buy',1204,41928,193.17616442962384,101,'5PAISA',0);
Insert into TRADES (TRADE_ID,TRADER,TIMESTAMP,BUY_SELL,SECURITY,QUANTITY,DEAL_PRICE,FIRM,BROKER,IS_WASHTRADE) values (100412,'KENA8P1Q',to_timestamp('08-SEP-19 05.15.06.158000000 PM','DD-MON-RR HH.MI.SSXFF AM'),'buy',1204,2321,197.48285402604088,103,'ICICI DIRECT',0);
Insert into TRADES (TRADE_ID,TRADER,TIMESTAMP,BUY_SELL,SECURITY,QUANTITY,DEAL_PRICE,FIRM,BROKER,IS_WASHTRADE) values (100413,'JUAGFC6U',to_timestamp('08-SEP-19 01.58.08.313000000 PM','DD-MON-RR HH.MI.SSXFF AM'),'buy',9811,45012,188.40055376667763,101,'SHAREKHAN',0);
Insert into TRADES (TRADE_ID,TRADER,TIMESTAMP,BUY_SELL,SECURITY,QUANTITY,DEAL_PRICE,FIRM,BROKER,IS_WASHTRADE) values (100414,'CHR0XPDI',to_timestamp('08-SEP-19 10.02.09.344000000 AM','DD-MON-RR HH.MI.SSXFF AM'),'buy',1204,11130,195.4555585014512,101,'ICICI DIRECT',0);
Insert into TRADES (TRADE_ID,TRADER,TIMESTAMP,BUY_SELL,SECURITY,QUANTITY,DEAL_PRICE,FIRM,BROKER,IS_WASHTRADE) values (100415,'WAYM2L83',to_timestamp('08-SEP-19 02.54.45.077000000 AM','DD-MON-RR HH.MI.SSXFF AM'),'sell',1204,18294,123.21716937797675,102,'MOTILAL OSWAL',0);
Insert into TRADES (TRADE_ID,TRADER,TIMESTAMP,BUY_SELL,SECURITY,QUANTITY,DEAL_PRICE,FIRM,BROKER,IS_WASHTRADE) values (100416,'LINN4YBL',to_timestamp('08-SEP-19 06.20.30.467000000 PM','DD-MON-RR HH.MI.SSXFF AM'),'sell',1204,52031,193.38720925912114,101,'ICICI DIRECT',0);
Insert into TRADES (TRADE_ID,TRADER,TIMESTAMP,BUY_SELL,SECURITY,QUANTITY,DEAL_PRICE,FIRM,BROKER,IS_WASHTRADE) values (100417,'BARK5S5E',to_timestamp('08-SEP-19 12.44.23.088000000 AM','DD-MON-RR HH.MI.SSXFF AM'),'buy',1204,3608,123.18202615524197,102,'SHAREKHAN',0);
Insert into TRADES (TRADE_ID,TRADER,TIMESTAMP,BUY_SELL,SECURITY,QUANTITY,DEAL_PRICE,FIRM,BROKER,IS_WASHTRADE) values (100418,'NICY8OJF',to_timestamp('08-SEP-19 08.06.17.665000000 PM','DD-MON-RR HH.MI.SSXFF AM'),'sell',1204,9418,194.5856175872976,101,'ANGEL BROKING',0);
Insert into TRADES (TRADE_ID,TRADER,TIMESTAMP,BUY_SELL,SECURITY,QUANTITY,DEAL_PRICE,FIRM,BROKER,IS_WASHTRADE) values (100419,'DANAJLHH',to_timestamp('08-SEP-19 05.36.34.424000000 PM','DD-MON-RR HH.MI.SSXFF AM'),'sell',7890,41318,185.8542133916622,101,'FYERS',0);
Insert into TRADES (TRADE_ID,TRADER,TIMESTAMP,BUY_SELL,SECURITY,QUANTITY,DEAL_PRICE,FIRM,BROKER,IS_WASHTRADE) values (100420,'ETHSI05R',to_timestamp('08-SEP-19 11.27.46.291000000 PM','DD-MON-RR HH.MI.SSXFF AM'),'sell',3030,26066,121.30385094420222,102,'ANGEL BROKING',0);
Insert into TRADES (TRADE_ID,TRADER,TIMESTAMP,BUY_SELL,SECURITY,QUANTITY,DEAL_PRICE,FIRM,BROKER,IS_WASHTRADE) values (100421,'HERSPFIE',to_timestamp('08-SEP-19 09.33.01.024000000 AM','DD-MON-RR HH.MI.SSXFF AM'),'sell',1204,43041,122.34154596885737,102,'FYERS',0);
Insert into TRADES (TRADE_ID,TRADER,TIMESTAMP,BUY_SELL,SECURITY,QUANTITY,DEAL_PRICE,FIRM,BROKER,IS_WASHTRADE) values (100422,'RIT8K7LO',to_timestamp('08-SEP-19 09.54.24.517000000 PM','DD-MON-RR HH.MI.SSXFF AM'),'buy',7890,72797,117.84930268984736,102,'UPSTOX',0);
Insert into TRADES (TRADE_ID,TRADER,TIMESTAMP,BUY_SELL,SECURITY,QUANTITY,DEAL_PRICE,FIRM,BROKER,IS_WASHTRADE) values (100423,'LOGQ4YTK',to_timestamp('08-SEP-19 01.37.51.019000000 PM','DD-MON-RR HH.MI.SSXFF AM'),'buy',9811,56708,193.41160577603998,103,'FYERS',0);
Insert into TRADES (TRADE_ID,TRADER,TIMESTAMP,BUY_SELL,SECURITY,QUANTITY,DEAL_PRICE,FIRM,BROKER,IS_WASHTRADE) values (100424,'CARX4UT9',to_timestamp('08-SEP-19 01.25.23.248000000 PM','DD-MON-RR HH.MI.SSXFF AM'),'sell',1204,17229,122.25298827183516,102,'UPSTOX',0);
Insert into TRADES (TRADE_ID,TRADER,TIMESTAMP,BUY_SELL,SECURITY,QUANTITY,DEAL_PRICE,FIRM,BROKER,IS_WASHTRADE) values (100425,'JUAGFC6U',to_timestamp('08-SEP-19 04.57.12.302000000 PM','DD-MON-RR HH.MI.SSXFF AM'),'buy',9811,25154,190.41870190222275,101,'ZERODHA',0);
Insert into TRADES (TRADE_ID,TRADER,TIMESTAMP,BUY_SELL,SECURITY,QUANTITY,DEAL_PRICE,FIRM,BROKER,IS_WASHTRADE) values (100426,'JONCYF5O',to_timestamp('08-SEP-19 12.04.07.061000000 AM','DD-MON-RR HH.MI.SSXFF AM'),'buy',3030,14655,122.11318056379771,102,'ZERODHA',0);
Insert into TRADES (TRADE_ID,TRADER,TIMESTAMP,BUY_SELL,SECURITY,QUANTITY,DEAL_PRICE,FIRM,BROKER,IS_WASHTRADE) values (100427,'NICHIDBT',to_timestamp('08-SEP-19 09.28.58.402000000 PM','DD-MON-RR HH.MI.SSXFF AM'),'buy',7890,11044,186.21926899868518,101,'ZERODHA',0);
Insert into TRADES (TRADE_ID,TRADER,TIMESTAMP,BUY_SELL,SECURITY,QUANTITY,DEAL_PRICE,FIRM,BROKER,IS_WASHTRADE) values (100428,'CHAIFE8J',to_timestamp('08-SEP-19 02.44.26.654000000 AM','DD-MON-RR HH.MI.SSXFF AM'),'buy',9811,25026,192.31536211112376,103,'FYERS',0);
Insert into TRADES (TRADE_ID,TRADER,TIMESTAMP,BUY_SELL,SECURITY,QUANTITY,DEAL_PRICE,FIRM,BROKER,IS_WASHTRADE) values (100429,'BRI7Q8ED',to_timestamp('08-SEP-19 03.26.53.079000000 AM','DD-MON-RR HH.MI.SSXFF AM'),'sell',7890,53954,183.83532207273257,101,'5PAISA',0);
Insert into TRADES (TRADE_ID,TRADER,TIMESTAMP,BUY_SELL,SECURITY,QUANTITY,DEAL_PRICE,FIRM,BROKER,IS_WASHTRADE) values (100430,'BARK5S5E',to_timestamp('08-SEP-19 08.13.08.317000000 AM','DD-MON-RR HH.MI.SSXFF AM'),'buy',1204,8533,123.01611998447595,102,'5PAISA',0);
Insert into TRADES (TRADE_ID,TRADER,TIMESTAMP,BUY_SELL,SECURITY,QUANTITY,DEAL_PRICE,FIRM,BROKER,IS_WASHTRADE) values (100431,'DEBBPH8V',to_timestamp('08-SEP-19 08.15.48.539000000 PM','DD-MON-RR HH.MI.SSXFF AM'),'sell',3030,73757,121.67808068467399,102,'FYERS',0);
Insert into TRADES (TRADE_ID,TRADER,TIMESTAMP,BUY_SELL,SECURITY,QUANTITY,DEAL_PRICE,FIRM,BROKER,IS_WASHTRADE) values (100432,'JAN7R6US',to_timestamp('08-SEP-19 12.27.11.534000000 AM','DD-MON-RR HH.MI.SSXFF AM'),'buy',3030,75410,199.42527928081748,103,'ICICI DIRECT',0);
Insert into TRADES (TRADE_ID,TRADER,TIMESTAMP,BUY_SELL,SECURITY,QUANTITY,DEAL_PRICE,FIRM,BROKER,IS_WASHTRADE) values (100433,'CYNZN2JC',to_timestamp('08-SEP-19 11.09.02.170000000 AM','DD-MON-RR HH.MI.SSXFF AM'),'sell',9811,69589,117.88998250676558,102,'ZERODHA',0);
Insert into TRADES (TRADE_ID,TRADER,TIMESTAMP,BUY_SELL,SECURITY,QUANTITY,DEAL_PRICE,FIRM,BROKER,IS_WASHTRADE) values (100434,'HEAK6C0G',to_timestamp('08-SEP-19 03.31.01.317000000 PM','DD-MON-RR HH.MI.SSXFF AM'),'sell',3030,20460,193.3399489944612,101,'ZERODHA',0);
Insert into TRADES (TRADE_ID,TRADER,TIMESTAMP,BUY_SELL,SECURITY,QUANTITY,DEAL_PRICE,FIRM,BROKER,IS_WASHTRADE) values (100435,'STEB2TU3',to_timestamp('08-SEP-19 09.47.02.672000000 PM','DD-MON-RR HH.MI.SSXFF AM'),'buy',9811,98153,119.40612088923302,102,'FYERS',0);
Insert into TRADES (TRADE_ID,TRADER,TIMESTAMP,BUY_SELL,SECURITY,QUANTITY,DEAL_PRICE,FIRM,BROKER,IS_WASHTRADE) values (100436,'BRY0JA51',to_timestamp('08-SEP-19 04.58.06.779000000 AM','DD-MON-RR HH.MI.SSXFF AM'),'buy',7890,81789,185.18219029381606,101,'ICICI DIRECT',0);
Insert into TRADES (TRADE_ID,TRADER,TIMESTAMP,BUY_SELL,SECURITY,QUANTITY,DEAL_PRICE,FIRM,BROKER,IS_WASHTRADE) values (100437,'TRIGVTRC',to_timestamp('08-SEP-19 10.37.22.540000000 AM','DD-MON-RR HH.MI.SSXFF AM'),'buy',1204,76194,198.02763197390544,103,'FYERS',0);
Insert into TRADES (TRADE_ID,TRADER,TIMESTAMP,BUY_SELL,SECURITY,QUANTITY,DEAL_PRICE,FIRM,BROKER,IS_WASHTRADE) values (100438,'MARVBWK7',to_timestamp('08-SEP-19 04.16.31.100000000 AM','DD-MON-RR HH.MI.SSXFF AM'),'sell',7890,36173,188.91350953275227,103,'UPSTOX',0);
Insert into TRADES (TRADE_ID,TRADER,TIMESTAMP,BUY_SELL,SECURITY,QUANTITY,DEAL_PRICE,FIRM,BROKER,IS_WASHTRADE) values (100439,'VIVUVTZX',to_timestamp('08-SEP-19 07.45.34.834000000 AM','DD-MON-RR HH.MI.SSXFF AM'),'sell',9811,5796,192.28522867593216,103,'ANGEL BROKING',0);
Insert into TRADES (TRADE_ID,TRADER,TIMESTAMP,BUY_SELL,SECURITY,QUANTITY,DEAL_PRICE,FIRM,BROKER,IS_WASHTRADE) values (100440,'ERIYFMJM',to_timestamp('08-SEP-19 07.33.09.592000000 AM','DD-MON-RR HH.MI.SSXFF AM'),'buy',9811,62368,189.93308119309827,101,'ZERODHA',0);
Insert into TRADES (TRADE_ID,TRADER,TIMESTAMP,BUY_SELL,SECURITY,QUANTITY,DEAL_PRICE,FIRM,BROKER,IS_WASHTRADE) values (100441,'JAD41VYX',to_timestamp('08-SEP-19 07.09.11.907000000 AM','DD-MON-RR HH.MI.SSXFF AM'),'buy',3030,22600,194.8392053937968,101,'SHAREKHAN',0);
Insert into TRADES (TRADE_ID,TRADER,TIMESTAMP,BUY_SELL,SECURITY,QUANTITY,DEAL_PRICE,FIRM,BROKER,IS_WASHTRADE) values (100442,'LAUQ8TD9',to_timestamp('08-SEP-19 12.35.41.829000000 AM','DD-MON-RR HH.MI.SSXFF AM'),'buy',3030,71843,195.552779730444,101,'5PAISA',0);
Insert into TRADES (TRADE_ID,TRADER,TIMESTAMP,BUY_SELL,SECURITY,QUANTITY,DEAL_PRICE,FIRM,BROKER,IS_WASHTRADE) values (100443,'CHR0XPDI',to_timestamp('08-SEP-19 01.24.17.066000000 AM','DD-MON-RR HH.MI.SSXFF AM'),'sell',1204,13539,196.08792331458872,101,'ICICI DIRECT',0);
Insert into TRADES (TRADE_ID,TRADER,TIMESTAMP,BUY_SELL,SECURITY,QUANTITY,DEAL_PRICE,FIRM,BROKER,IS_WASHTRADE) values (100444,'MARIPLHR',to_timestamp('08-SEP-19 11.52.59.743000000 AM','DD-MON-RR HH.MI.SSXFF AM'),'sell',1204,10925,121.8614832270698,102,'FYERS',0);
Insert into TRADES (TRADE_ID,TRADER,TIMESTAMP,BUY_SELL,SECURITY,QUANTITY,DEAL_PRICE,FIRM,BROKER,IS_WASHTRADE) values (100445,'PAIG91XK',to_timestamp('08-SEP-19 04.33.31.233000000 AM','DD-MON-RR HH.MI.SSXFF AM'),'buy',1204,21694,122.35371943867848,102,'ZERODHA',0);
Insert into TRADES (TRADE_ID,TRADER,TIMESTAMP,BUY_SELL,SECURITY,QUANTITY,DEAL_PRICE,FIRM,BROKER,IS_WASHTRADE) values (100446,'DIXS805S',to_timestamp('08-SEP-19 08.08.35.706000000 AM','DD-MON-RR HH.MI.SSXFF AM'),'sell',3030,54079,123.12430738343086,102,'ANGEL BROKING',0);
Insert into TRADES (TRADE_ID,TRADER,TIMESTAMP,BUY_SELL,SECURITY,QUANTITY,DEAL_PRICE,FIRM,BROKER,IS_WASHTRADE) values (100447,'WANJU1CH',to_timestamp('08-SEP-19 12.55.19.737000000 PM','DD-MON-RR HH.MI.SSXFF AM'),'sell',3030,70300,199.38541230941095,103,'SHAREKHAN',0);
Insert into TRADES (TRADE_ID,TRADER,TIMESTAMP,BUY_SELL,SECURITY,QUANTITY,DEAL_PRICE,FIRM,BROKER,IS_WASHTRADE) values (100448,'SUM39QPW',to_timestamp('08-SEP-19 02.41.12.520000000 AM','DD-MON-RR HH.MI.SSXFF AM'),'sell',1204,56892,121.94891692057328,102,'MOTILAL OSWAL',0);
Insert into TRADES (TRADE_ID,TRADER,TIMESTAMP,BUY_SELL,SECURITY,QUANTITY,DEAL_PRICE,FIRM,BROKER,IS_WASHTRADE) values (100449,'NICHIDBT',to_timestamp('08-SEP-19 07.06.04.171000000 PM','DD-MON-RR HH.MI.SSXFF AM'),'sell',3030,62583,197.8615416763626,103,'UPSTOX',0);
Insert into TRADES (TRADE_ID,TRADER,TIMESTAMP,BUY_SELL,SECURITY,QUANTITY,DEAL_PRICE,FIRM,BROKER,IS_WASHTRADE) values (100450,'SUM39QPW',to_timestamp('08-SEP-19 08.09.49.825000000 AM','DD-MON-RR HH.MI.SSXFF AM'),'sell',9811,46499,194.35108284401403,103,'SHAREKHAN',0);
Insert into TRADES (TRADE_ID,TRADER,TIMESTAMP,BUY_SELL,SECURITY,QUANTITY,DEAL_PRICE,FIRM,BROKER,IS_WASHTRADE) values (100451,'PHILVLKJ',to_timestamp('08-SEP-19 11.16.14.809000000 PM','DD-MON-RR HH.MI.SSXFF AM'),'buy',9811,63116,119.91761624823839,102,'ANGEL BROKING',0);
Insert into TRADES (TRADE_ID,TRADER,TIMESTAMP,BUY_SELL,SECURITY,QUANTITY,DEAL_PRICE,FIRM,BROKER,IS_WASHTRADE) values (100452,'PATJROMB',to_timestamp('08-SEP-19 10.48.38.625000000 PM','DD-MON-RR HH.MI.SSXFF AM'),'sell',3030,9752,123.60213701498044,102,'UPSTOX',0);
Insert into TRADES (TRADE_ID,TRADER,TIMESTAMP,BUY_SELL,SECURITY,QUANTITY,DEAL_PRICE,FIRM,BROKER,IS_WASHTRADE) values (100453,'TIA83MIF',to_timestamp('08-SEP-19 05.23.04.960000000 PM','DD-MON-RR HH.MI.SSXFF AM'),'buy',1204,4357,195.20421653664312,101,'5PAISA',0);
Insert into TRADES (TRADE_ID,TRADER,TIMESTAMP,BUY_SELL,SECURITY,QUANTITY,DEAL_PRICE,FIRM,BROKER,IS_WASHTRADE) values (100454,'BRO54WAF',to_timestamp('08-SEP-19 10.31.16.338000000 PM','DD-MON-RR HH.MI.SSXFF AM'),'buy',3030,36946,197.84679881974665,103,'MOTILAL OSWAL',0);
Insert into TRADES (TRADE_ID,TRADER,TIMESTAMP,BUY_SELL,SECURITY,QUANTITY,DEAL_PRICE,FIRM,BROKER,IS_WASHTRADE) values (100455,'TASI9OQI',to_timestamp('08-SEP-19 02.14.44.158000000 AM','DD-MON-RR HH.MI.SSXFF AM'),'sell',3030,90795,121.40921810611164,102,'ZERODHA',0);
Insert into TRADES (TRADE_ID,TRADER,TIMESTAMP,BUY_SELL,SECURITY,QUANTITY,DEAL_PRICE,FIRM,BROKER,IS_WASHTRADE) values (100456,'RACB6TS3',to_timestamp('08-SEP-19 01.10.08.654000000 PM','DD-MON-RR HH.MI.SSXFF AM'),'sell',9811,36589,119.38578732408098,102,'ZERODHA',0);
Insert into TRADES (TRADE_ID,TRADER,TIMESTAMP,BUY_SELL,SECURITY,QUANTITY,DEAL_PRICE,FIRM,BROKER,IS_WASHTRADE) values (100457,'CHAIFE8J',to_timestamp('08-SEP-19 12.07.16.646000000 AM','DD-MON-RR HH.MI.SSXFF AM'),'buy',3030,72018,122.81970692768878,102,'ANGEL BROKING',0);
Insert into TRADES (TRADE_ID,TRADER,TIMESTAMP,BUY_SELL,SECURITY,QUANTITY,DEAL_PRICE,FIRM,BROKER,IS_WASHTRADE) values (100458,'LEEXDIQ6',to_timestamp('08-SEP-19 11.02.30.830000000 PM','DD-MON-RR HH.MI.SSXFF AM'),'sell',1204,43472,197.39422469542745,103,'MOTILAL OSWAL',0);
Insert into TRADES (TRADE_ID,TRADER,TIMESTAMP,BUY_SELL,SECURITY,QUANTITY,DEAL_PRICE,FIRM,BROKER,IS_WASHTRADE) values (100459,'TERCINT0',to_timestamp('08-SEP-19 11.18.09.544000000 AM','DD-MON-RR HH.MI.SSXFF AM'),'buy',3030,16792,123.52532410995484,102,'FYERS',0);
Insert into TRADES (TRADE_ID,TRADER,TIMESTAMP,BUY_SELL,SECURITY,QUANTITY,DEAL_PRICE,FIRM,BROKER,IS_WASHTRADE) values (100460,'ALIPN1XA',to_timestamp('08-SEP-19 05.50.09.197000000 PM','DD-MON-RR HH.MI.SSXFF AM'),'buy',3030,40199,199.4639897944716,103,'ICICI DIRECT',0);
Insert into TRADES (TRADE_ID,TRADER,TIMESTAMP,BUY_SELL,SECURITY,QUANTITY,DEAL_PRICE,FIRM,BROKER,IS_WASHTRADE) values (100461,'ALB6U2ZV',to_timestamp('08-SEP-19 04.25.45.825000000 AM','DD-MON-RR HH.MI.SSXFF AM'),'sell',1204,77554,194.54700359558376,101,'ZERODHA',0);
Insert into TRADES (TRADE_ID,TRADER,TIMESTAMP,BUY_SELL,SECURITY,QUANTITY,DEAL_PRICE,FIRM,BROKER,IS_WASHTRADE) values (100462,'LAUQ8TD9',to_timestamp('08-SEP-19 01.37.33.031000000 AM','DD-MON-RR HH.MI.SSXFF AM'),'sell',7890,41426,115.80292853237225,102,'FYERS',0);
Insert into TRADES (TRADE_ID,TRADER,TIMESTAMP,BUY_SELL,SECURITY,QUANTITY,DEAL_PRICE,FIRM,BROKER,IS_WASHTRADE) values (100463,'RUS646VJ',to_timestamp('08-SEP-19 10.42.35.096000000 PM','DD-MON-RR HH.MI.SSXFF AM'),'sell',7890,42343,188.3709878666907,103,'ICICI DIRECT',0);
Insert into TRADES (TRADE_ID,TRADER,TIMESTAMP,BUY_SELL,SECURITY,QUANTITY,DEAL_PRICE,FIRM,BROKER,IS_WASHTRADE) values (100464,'COR73U4C',to_timestamp('08-SEP-19 01.08.46.902000000 PM','DD-MON-RR HH.MI.SSXFF AM'),'buy',9811,41605,188.57476118640295,101,'UPSTOX',0);
Insert into TRADES (TRADE_ID,TRADER,TIMESTAMP,BUY_SELL,SECURITY,QUANTITY,DEAL_PRICE,FIRM,BROKER,IS_WASHTRADE) values (100465,'BRY0JA51',to_timestamp('08-SEP-19 02.51.04.529000000 PM','DD-MON-RR HH.MI.SSXFF AM'),'sell',7890,90636,115.40533322560566,102,'ICICI DIRECT',0);
Insert into TRADES (TRADE_ID,TRADER,TIMESTAMP,BUY_SELL,SECURITY,QUANTITY,DEAL_PRICE,FIRM,BROKER,IS_WASHTRADE) values (100466,'CHAKNMZB',to_timestamp('08-SEP-19 03.33.43.506000000 PM','DD-MON-RR HH.MI.SSXFF AM'),'sell',3030,16061,195.09367318845105,101,'5PAISA',0);
Insert into TRADES (TRADE_ID,TRADER,TIMESTAMP,BUY_SELL,SECURITY,QUANTITY,DEAL_PRICE,FIRM,BROKER,IS_WASHTRADE) values (100467,'RALM7D8P',to_timestamp('08-SEP-19 06.30.07.658000000 PM','DD-MON-RR HH.MI.SSXFF AM'),'sell',1204,82948,198.52196793051903,103,'UPSTOX',0);
Insert into TRADES (TRADE_ID,TRADER,TIMESTAMP,BUY_SELL,SECURITY,QUANTITY,DEAL_PRICE,FIRM,BROKER,IS_WASHTRADE) values (100468,'VERZZMJY',to_timestamp('08-SEP-19 01.00.06.309000000 AM','DD-MON-RR HH.MI.SSXFF AM'),'buy',1204,70928,195.76361191557663,101,'UPSTOX',0);
Insert into TRADES (TRADE_ID,TRADER,TIMESTAMP,BUY_SELL,SECURITY,QUANTITY,DEAL_PRICE,FIRM,BROKER,IS_WASHTRADE) values (100469,'KAYYTQEK',to_timestamp('08-SEP-19 09.32.54.238000000 AM','DD-MON-RR HH.MI.SSXFF AM'),'sell',3030,69497,197.42074993270447,103,'ANGEL BROKING',0);
Insert into TRADES (TRADE_ID,TRADER,TIMESTAMP,BUY_SELL,SECURITY,QUANTITY,DEAL_PRICE,FIRM,BROKER,IS_WASHTRADE) values (100470,'VER1YZU3',to_timestamp('08-SEP-19 03.11.39.212000000 AM','DD-MON-RR HH.MI.SSXFF AM'),'buy',1204,42521,197.67054384000485,103,'MOTILAL OSWAL',0);
Insert into TRADES (TRADE_ID,TRADER,TIMESTAMP,BUY_SELL,SECURITY,QUANTITY,DEAL_PRICE,FIRM,BROKER,IS_WASHTRADE) values (100471,'CHR8CBOJ',to_timestamp('08-SEP-19 11.22.14.633000000 PM','DD-MON-RR HH.MI.SSXFF AM'),'buy',3030,33148,121.03783194113906,102,'ANGEL BROKING',0);
Insert into TRADES (TRADE_ID,TRADER,TIMESTAMP,BUY_SELL,SECURITY,QUANTITY,DEAL_PRICE,FIRM,BROKER,IS_WASHTRADE) values (100472,'TIMWVSKU',to_timestamp('08-SEP-19 12.39.36.559000000 AM','DD-MON-RR HH.MI.SSXFF AM'),'buy',1204,2602,199.23034931588256,103,'ICICI DIRECT',0);
Insert into TRADES (TRADE_ID,TRADER,TIMESTAMP,BUY_SELL,SECURITY,QUANTITY,DEAL_PRICE,FIRM,BROKER,IS_WASHTRADE) values (100473,'FRATO0TG',to_timestamp('08-SEP-19 11.09.31.388000000 PM','DD-MON-RR HH.MI.SSXFF AM'),'buy',1204,79026,195.70255756661638,101,'ANGEL BROKING',0);
Insert into TRADES (TRADE_ID,TRADER,TIMESTAMP,BUY_SELL,SECURITY,QUANTITY,DEAL_PRICE,FIRM,BROKER,IS_WASHTRADE) values (100474,'TRIGVTRC',to_timestamp('08-SEP-19 10.32.30.303000000 AM','DD-MON-RR HH.MI.SSXFF AM'),'sell',7890,1098,183.94147366329813,101,'5PAISA',0);
Insert into TRADES (TRADE_ID,TRADER,TIMESTAMP,BUY_SELL,SECURITY,QUANTITY,DEAL_PRICE,FIRM,BROKER,IS_WASHTRADE) values (100475,'MATIBPRX',to_timestamp('08-SEP-19 11.00.33.361000000 PM','DD-MON-RR HH.MI.SSXFF AM'),'buy',9811,57488,194.60758010113508,103,'UPSTOX',0);
Insert into TRADES (TRADE_ID,TRADER,TIMESTAMP,BUY_SELL,SECURITY,QUANTITY,DEAL_PRICE,FIRM,BROKER,IS_WASHTRADE) values (100476,'CHAKNMZB',to_timestamp('08-SEP-19 08.07.51.499000000 PM','DD-MON-RR HH.MI.SSXFF AM'),'buy',1204,73910,193.31664068389765,101,'SHAREKHAN',0);
Insert into TRADES (TRADE_ID,TRADER,TIMESTAMP,BUY_SELL,SECURITY,QUANTITY,DEAL_PRICE,FIRM,BROKER,IS_WASHTRADE) values (100477,'NICHIDBT',to_timestamp('08-SEP-19 09.34.18.051000000 PM','DD-MON-RR HH.MI.SSXFF AM'),'buy',1204,98465,197.76704743285265,103,'SHAREKHAN',0);
Insert into TRADES (TRADE_ID,TRADER,TIMESTAMP,BUY_SELL,SECURITY,QUANTITY,DEAL_PRICE,FIRM,BROKER,IS_WASHTRADE) values (100478,'VIC3DJK9',to_timestamp('08-SEP-19 11.41.39.832000000 AM','DD-MON-RR HH.MI.SSXFF AM'),'sell',3030,56939,193.92619231428932,101,'UPSTOX',0);
Insert into TRADES (TRADE_ID,TRADER,TIMESTAMP,BUY_SELL,SECURITY,QUANTITY,DEAL_PRICE,FIRM,BROKER,IS_WASHTRADE) values (100479,'AMAXVHO4',to_timestamp('08-SEP-19 11.35.40.484000000 PM','DD-MON-RR HH.MI.SSXFF AM'),'sell',9811,7751,188.6678500781549,101,'ANGEL BROKING',0);
Insert into TRADES (TRADE_ID,TRADER,TIMESTAMP,BUY_SELL,SECURITY,QUANTITY,DEAL_PRICE,FIRM,BROKER,IS_WASHTRADE) values (100480,'VALZNDMP',to_timestamp('08-SEP-19 07.52.37.078000000 PM','DD-MON-RR HH.MI.SSXFF AM'),'buy',9811,62593,118.79662318215492,102,'MOTILAL OSWAL',0);
Insert into TRADES (TRADE_ID,TRADER,TIMESTAMP,BUY_SELL,SECURITY,QUANTITY,DEAL_PRICE,FIRM,BROKER,IS_WASHTRADE) values (100481,'COR73U4C',to_timestamp('08-SEP-19 12.24.05.965000000 PM','DD-MON-RR HH.MI.SSXFF AM'),'buy',3030,34203,195.41873115455275,101,'ZERODHA',0);
Insert into TRADES (TRADE_ID,TRADER,TIMESTAMP,BUY_SELL,SECURITY,QUANTITY,DEAL_PRICE,FIRM,BROKER,IS_WASHTRADE) values (100482,'BRI7Q8ED',to_timestamp('08-SEP-19 12.45.27.454000000 AM','DD-MON-RR HH.MI.SSXFF AM'),'buy',1204,72443,194.28157011797933,101,'ZERODHA',0);
Insert into TRADES (TRADE_ID,TRADER,TIMESTAMP,BUY_SELL,SECURITY,QUANTITY,DEAL_PRICE,FIRM,BROKER,IS_WASHTRADE) values (100483,'MYRV5CHW',to_timestamp('08-SEP-19 02.58.24.052000000 AM','DD-MON-RR HH.MI.SSXFF AM'),'sell',7890,43537,116.7927238909878,102,'SHAREKHAN',0);
Insert into TRADES (TRADE_ID,TRADER,TIMESTAMP,BUY_SELL,SECURITY,QUANTITY,DEAL_PRICE,FIRM,BROKER,IS_WASHTRADE) values (100484,'CHAIFE8J',to_timestamp('08-SEP-19 05.51.49.291000000 PM','DD-MON-RR HH.MI.SSXFF AM'),'buy',1204,97326,122.98416475136864,102,'UPSTOX',0);
Insert into TRADES (TRADE_ID,TRADER,TIMESTAMP,BUY_SELL,SECURITY,QUANTITY,DEAL_PRICE,FIRM,BROKER,IS_WASHTRADE) values (100485,'JUAGFC6U',to_timestamp('08-SEP-19 10.12.46.341000000 PM','DD-MON-RR HH.MI.SSXFF AM'),'buy',1204,31441,122.92712504985026,102,'MOTILAL OSWAL',0);
Insert into TRADES (TRADE_ID,TRADER,TIMESTAMP,BUY_SELL,SECURITY,QUANTITY,DEAL_PRICE,FIRM,BROKER,IS_WASHTRADE) values (100486,'CHAMQKSP',to_timestamp('08-SEP-19 08.50.17.586000000 AM','DD-MON-RR HH.MI.SSXFF AM'),'buy',7890,92148,117.29649103675311,102,'ICICI DIRECT',0);
Insert into TRADES (TRADE_ID,TRADER,TIMESTAMP,BUY_SELL,SECURITY,QUANTITY,DEAL_PRICE,FIRM,BROKER,IS_WASHTRADE) values (100487,'LOGQ4YTK',to_timestamp('08-SEP-19 01.46.35.557000000 PM','DD-MON-RR HH.MI.SSXFF AM'),'sell',1204,58782,197.61149024020503,103,'MOTILAL OSWAL',0);
Insert into TRADES (TRADE_ID,TRADER,TIMESTAMP,BUY_SELL,SECURITY,QUANTITY,DEAL_PRICE,FIRM,BROKER,IS_WASHTRADE) values (100488,'MAR8BQAC',to_timestamp('08-SEP-19 10.04.55.294000000 AM','DD-MON-RR HH.MI.SSXFF AM'),'sell',3030,29843,196.13116373229468,101,'5PAISA',0);
Insert into TRADES (TRADE_ID,TRADER,TIMESTAMP,BUY_SELL,SECURITY,QUANTITY,DEAL_PRICE,FIRM,BROKER,IS_WASHTRADE) values (100489,'MOT6H5OI',to_timestamp('08-SEP-19 09.34.22.330000000 PM','DD-MON-RR HH.MI.SSXFF AM'),'buy',7890,13682,186.7335765835886,101,'SHAREKHAN',0);
Insert into TRADES (TRADE_ID,TRADER,TIMESTAMP,BUY_SELL,SECURITY,QUANTITY,DEAL_PRICE,FIRM,BROKER,IS_WASHTRADE) values (100490,'MELNOFU6',to_timestamp('08-SEP-19 08.01.11.805000000 PM','DD-MON-RR HH.MI.SSXFF AM'),'sell',7890,24846,115.84717136602711,102,'MOTILAL OSWAL',0);
Insert into TRADES (TRADE_ID,TRADER,TIMESTAMP,BUY_SELL,SECURITY,QUANTITY,DEAL_PRICE,FIRM,BROKER,IS_WASHTRADE) values (100491,'JILL2VUQ',to_timestamp('08-SEP-19 03.04.53.448000000 PM','DD-MON-RR HH.MI.SSXFF AM'),'buy',3030,13930,200.48035214177023,103,'SHAREKHAN',0);
Insert into TRADES (TRADE_ID,TRADER,TIMESTAMP,BUY_SELL,SECURITY,QUANTITY,DEAL_PRICE,FIRM,BROKER,IS_WASHTRADE) values (100492,'TRAVTP0G',to_timestamp('08-SEP-19 10.30.19.731000000 PM','DD-MON-RR HH.MI.SSXFF AM'),'sell',3030,61326,200.63438761047698,103,'SHAREKHAN',0);
Insert into TRADES (TRADE_ID,TRADER,TIMESTAMP,BUY_SELL,SECURITY,QUANTITY,DEAL_PRICE,FIRM,BROKER,IS_WASHTRADE) values (100493,'RITI6EN1',to_timestamp('08-SEP-19 11.47.05.358000000 AM','DD-MON-RR HH.MI.SSXFF AM'),'buy',9811,28122,189.24575421023255,101,'UPSTOX',0);
Insert into TRADES (TRADE_ID,TRADER,TIMESTAMP,BUY_SELL,SECURITY,QUANTITY,DEAL_PRICE,FIRM,BROKER,IS_WASHTRADE) values (100494,'VIC3DJK9',to_timestamp('08-SEP-19 09.29.24.740000000 AM','DD-MON-RR HH.MI.SSXFF AM'),'sell',1204,89376,195.49973187656238,101,'ICICI DIRECT',0);
Insert into TRADES (TRADE_ID,TRADER,TIMESTAMP,BUY_SELL,SECURITY,QUANTITY,DEAL_PRICE,FIRM,BROKER,IS_WASHTRADE) values (100495,'RAYYHZEG',to_timestamp('08-SEP-19 12.23.24.022000000 PM','DD-MON-RR HH.MI.SSXFF AM'),'sell',3030,99127,199.35435997717676,103,'SHAREKHAN',0);
Insert into TRADES (TRADE_ID,TRADER,TIMESTAMP,BUY_SELL,SECURITY,QUANTITY,DEAL_PRICE,FIRM,BROKER,IS_WASHTRADE) values (100496,'EVE8BC2Y',to_timestamp('08-SEP-19 05.01.47.626000000 PM','DD-MON-RR HH.MI.SSXFF AM'),'buy',9811,29518,119.3220253914223,102,'ICICI DIRECT',0);
Insert into TRADES (TRADE_ID,TRADER,TIMESTAMP,BUY_SELL,SECURITY,QUANTITY,DEAL_PRICE,FIRM,BROKER,IS_WASHTRADE) values (100497,'AND4U4E9',to_timestamp('08-SEP-19 02.40.20.965000000 PM','DD-MON-RR HH.MI.SSXFF AM'),'buy',7890,14478,191.22539192736525,103,'ZERODHA',0);
Insert into TRADES (TRADE_ID,TRADER,TIMESTAMP,BUY_SELL,SECURITY,QUANTITY,DEAL_PRICE,FIRM,BROKER,IS_WASHTRADE) values (100498,'MARC6VSB',to_timestamp('08-SEP-19 12.56.21.986000000 AM','DD-MON-RR HH.MI.SSXFF AM'),'buy',9811,33652,192.96356045668983,103,'ANGEL BROKING',0);
Insert into TRADES (TRADE_ID,TRADER,TIMESTAMP,BUY_SELL,SECURITY,QUANTITY,DEAL_PRICE,FIRM,BROKER,IS_WASHTRADE) values (100499,'PATJROMB',to_timestamp('08-SEP-19 07.35.19.997000000 AM','DD-MON-RR HH.MI.SSXFF AM'),'sell',9811,15549,193.3270849498134,103,'UPSTOX',0);
Insert into TRADES (TRADE_ID,TRADER,TIMESTAMP,BUY_SELL,SECURITY,QUANTITY,DEAL_PRICE,FIRM,BROKER,IS_WASHTRADE) values (100500,'DARVGNYM',to_timestamp('08-SEP-19 05.16.44.622000000 PM','DD-MON-RR HH.MI.SSXFF AM'),'sell',9811,23656,190.38058700859585,101,'SHAREKHAN',0);
Insert into TRADES (TRADE_ID,TRADER,TIMESTAMP,BUY_SELL,SECURITY,QUANTITY,DEAL_PRICE,FIRM,BROKER,IS_WASHTRADE) values (100501,'MARIPLHR',to_timestamp('08-SEP-19 09.03.54.099000000 PM','DD-MON-RR HH.MI.SSXFF AM'),'sell',1204,92574,194.62382074144756,101,'MOTILAL OSWAL',0);
Insert into TRADES (TRADE_ID,TRADER,TIMESTAMP,BUY_SELL,SECURITY,QUANTITY,DEAL_PRICE,FIRM,BROKER,IS_WASHTRADE) values (100502,'SHI75KZ0',to_timestamp('08-SEP-19 03.03.58.014000000 AM','DD-MON-RR HH.MI.SSXFF AM'),'sell',1204,557,195.47994496535307,101,'FYERS',0);
Insert into TRADES (TRADE_ID,TRADER,TIMESTAMP,BUY_SELL,SECURITY,QUANTITY,DEAL_PRICE,FIRM,BROKER,IS_WASHTRADE) values (100503,'JUSB8YDF',to_timestamp('08-SEP-19 01.12.31.437000000 PM','DD-MON-RR HH.MI.SSXFF AM'),'buy',7890,35448,117.44230789763712,102,'MOTILAL OSWAL',0);
Insert into TRADES (TRADE_ID,TRADER,TIMESTAMP,BUY_SELL,SECURITY,QUANTITY,DEAL_PRICE,FIRM,BROKER,IS_WASHTRADE) values (100504,'CHR8CBOJ',to_timestamp('08-SEP-19 12.14.44.717000000 PM','DD-MON-RR HH.MI.SSXFF AM'),'sell',1204,45628,199.00594916733016,103,'MOTILAL OSWAL',0);
REM INSERTING into USERS
SET DEFINE OFF;
Insert into USERS (TRADER_ID,TRADER_NAME,DATE_REG,USERNAME,PASSWORD,EMAIL_ID,PHONE,DOB,IS_ADMIN) values ('SOUPBVBV','Soujanya Abbaraju',to_date('27-OCT-79','DD-MON-RR'),'Soujanya00','admin1','untilpull23@everyma1l.org','9037177977',to_date('06-JUN-64','DD-MON-RR'),1);
Insert into USERS (TRADER_ID,TRADER_NAME,DATE_REG,USERNAME,PASSWORD,EMAIL_ID,PHONE,DOB,IS_ADMIN) values ('RUPMVC0B','Rupashi Sangal',to_date('16-JUN-86','DD-MON-RR'),'Rupashi00','admin2','cmccray31@ma1lbox.biz','9022740253',to_date('17-NOV-75','DD-MON-RR'),1);
Insert into USERS (TRADER_ID,TRADER_NAME,DATE_REG,USERNAME,PASSWORD,EMAIL_ID,PHONE,DOB,IS_ADMIN) values ('SHR0ZTH7','Shreya Singh',to_date('16-DEC-88','DD-MON-RR'),'Shreya00','admin3','tovisions47@b1zmail.co.uk','9029152062',to_date('28-JUL-71','DD-MON-RR'),1);
Insert into USERS (TRADER_ID,TRADER_NAME,DATE_REG,USERNAME,PASSWORD,EMAIL_ID,PHONE,DOB,IS_ADMIN) values ('MANARYUL','Manisha Miriyala',to_date('16-MAR-98','DD-MON-RR'),'Manisha00','admin4','probablylots@ma1lbox.co.uk','9072488607',to_date('08-FEB-79','DD-MON-RR'),1);
Insert into USERS (TRADER_ID,TRADER_NAME,DATE_REG,USERNAME,PASSWORD,EMAIL_ID,PHONE,DOB,IS_ADMIN) values ('JYOKHC89','Jyothi M',to_date('11-JAN-90','DD-MON-RR'),'Jyothi00','admin5','wjoyner@hotma1l.com','9029340785',to_date('02-MAR-58','DD-MON-RR'),1);
Insert into USERS (TRADER_ID,TRADER_NAME,DATE_REG,USERNAME,PASSWORD,EMAIL_ID,PHONE,DOB,IS_ADMIN) values ('ANAMATVZ','Anand Varma',to_date('04-JUL-14','DD-MON-RR'),'Anand00','admin6','smatthews@ma1l2u.com','9078076761',to_date('04-DEC-57','DD-MON-RR'),1);
Insert into USERS (TRADER_ID,TRADER_NAME,DATE_REG,USERNAME,PASSWORD,EMAIL_ID,PHONE,DOB,IS_ADMIN) values ('TUHPV7Q7','Tuhina Tripathi',to_date('18-FEB-90','DD-MON-RR'),'Tuhina00','admin7','haveabout@hotma1l.com','9054441818',to_date('30-JUL-61','DD-MON-RR'),1);
Insert into USERS (TRADER_ID,TRADER_NAME,DATE_REG,USERNAME,PASSWORD,EMAIL_ID,PHONE,DOB,IS_ADMIN) values ('GAU7P0MO','Gaurav Mandia',to_date('16-JUL-87','DD-MON-RR'),'Gaurav00','admin8','crashdied@ma1lbox.us','9068812905',to_date('05-MAR-64','DD-MON-RR'),1);
Insert into USERS (TRADER_ID,TRADER_NAME,DATE_REG,USERNAME,PASSWORD,EMAIL_ID,PHONE,DOB,IS_ADMIN) values ('YAKE10NP','Yaksha RN',to_date('16-NOV-88','DD-MON-RR'),'Yaksha00','admin9','dbenton@yah00.biz','9081946383',to_date('03-NOV-63','DD-MON-RR'),1);
Insert into USERS (TRADER_ID,TRADER_NAME,DATE_REG,USERNAME,PASSWORD,EMAIL_ID,PHONE,DOB,IS_ADMIN) values ('RONCU0ZO','Ron Brady',to_date('26-JUN-04','DD-MON-RR'),'Ron68','eftppzpa','cballard@ma1l2u.biz','9093822422',to_date('30-NOV-75','DD-MON-RR'),0);
Insert into USERS (TRADER_ID,TRADER_NAME,DATE_REG,USERNAME,PASSWORD,EMAIL_ID,PHONE,DOB,IS_ADMIN) values ('SARDQDXB','Sara Love',to_date('06-SEP-04','DD-MON-RR'),'Sara82','krfljrar','amadden@ma1l2u.biz','9070946857',to_date('22-MAR-70','DD-MON-RR'),0);
Insert into USERS (TRADER_ID,TRADER_NAME,DATE_REG,USERNAME,PASSWORD,EMAIL_ID,PHONE,DOB,IS_ADMIN) values ('TERPCN7R','Teresa Best',to_date('07-JUL-87','DD-MON-RR'),'Teresa26','acojycfr','webtrees@hotma1l.org','9058130278',to_date('20-MAR-60','DD-MON-RR'),0);
Insert into USERS (TRADER_ID,TRADER_NAME,DATE_REG,USERNAME,PASSWORD,EMAIL_ID,PHONE,DOB,IS_ADMIN) values ('JOEBRA22','Joey Hogan',to_date('17-SEP-89','DD-MON-RR'),'Joey34','colejlvz','muchthey@ma1l2u.net','9094188203',to_date('19-NOV-70','DD-MON-RR'),0);
Insert into USERS (TRADER_ID,TRADER_NAME,DATE_REG,USERNAME,PASSWORD,EMAIL_ID,PHONE,DOB,IS_ADMIN) values ('PHYW7W43','Phyllis Allen',to_date('29-SEP-94','DD-MON-RR'),'Phyllis12','fkaullow','akemp@ma1l2u.com','9060954255',to_date('07-MAR-55','DD-MON-RR'),0);
Insert into USERS (TRADER_ID,TRADER_NAME,DATE_REG,USERNAME,PASSWORD,EMAIL_ID,PHONE,DOB,IS_ADMIN) values ('TREY57CZ','Trevor Shepherd',to_date('31-MAY-86','DD-MON-RR'),'Trevor21','vquupjpl','ofcame73@gma1l.co.uk','9088740227',to_date('14-MAR-83','DD-MON-RR'),0);
Insert into USERS (TRADER_ID,TRADER_NAME,DATE_REG,USERNAME,PASSWORD,EMAIL_ID,PHONE,DOB,IS_ADMIN) values ('TAMV4K48','Tammy Zimmerman',to_date('14-NOV-84','DD-MON-RR'),'Tammy12','svbmawzq','mle@b1zmail.com','9049837572',to_date('16-MAY-59','DD-MON-RR'),0);
Insert into USERS (TRADER_ID,TRADER_NAME,DATE_REG,USERNAME,PASSWORD,EMAIL_ID,PHONE,DOB,IS_ADMIN) values ('DIAU5Z18','Diane Beard',to_date('02-MAR-08','DD-MON-RR'),'Diane88','iatutsgt','gwhitehead@somema1l.biz','9039076638',to_date('05-JUL-70','DD-MON-RR'),0);
Insert into USERS (TRADER_ID,TRADER_NAME,DATE_REG,USERNAME,PASSWORD,EMAIL_ID,PHONE,DOB,IS_ADMIN) values ('KRIYBJG9','Krista Bernard',to_date('10-FEB-83','DD-MON-RR'),'Krista32','efsihbtq','havepeople57@gma1l.us','9023620521',to_date('02-FEB-56','DD-MON-RR'),0);
Insert into USERS (TRADER_ID,TRADER_NAME,DATE_REG,USERNAME,PASSWORD,EMAIL_ID,PHONE,DOB,IS_ADMIN) values ('COR73U4C','Cory Holcomb',to_date('23-JUN-06','DD-MON-RR'),'Cory36','luqxztgj','vmack@ma1l2u.biz','9044878801',to_date('27-FEB-78','DD-MON-RR'),0);
Insert into USERS (TRADER_ID,TRADER_NAME,DATE_REG,USERNAME,PASSWORD,EMAIL_ID,PHONE,DOB,IS_ADMIN) values ('MARKFAPZ','Marion Wolf',to_date('25-FEB-95','DD-MON-RR'),'Marion64','wclstakt','jmonroe73@gma1l.co.uk','9074958129',to_date('30-MAY-66','DD-MON-RR'),0);
Insert into USERS (TRADER_ID,TRADER_NAME,DATE_REG,USERNAME,PASSWORD,EMAIL_ID,PHONE,DOB,IS_ADMIN) values ('TERCINT0','Teresa Baldwin',to_date('20-JUL-94','DD-MON-RR'),'Teresa52','suhnohzu','tocame@b1zmail.biz','9010933961',to_date('26-FEB-68','DD-MON-RR'),0);
Insert into USERS (TRADER_ID,TRADER_NAME,DATE_REG,USERNAME,PASSWORD,EMAIL_ID,PHONE,DOB,IS_ADMIN) values ('BOBJ98CY','Bob Grimes',to_date('13-JAN-00','DD-MON-RR'),'Bob72','kvwlgpbr','onwords@b1zmail.us','9098805114',to_date('26-FEB-69','DD-MON-RR'),0);
Insert into USERS (TRADER_ID,TRADER_NAME,DATE_REG,USERNAME,PASSWORD,EMAIL_ID,PHONE,DOB,IS_ADMIN) values ('JAMFC06B','James Hoffman',to_date('03-JAN-96','DD-MON-RR'),'James27','qjoepshn','ofwhat@ma1l2u.org','9057409450',to_date('25-SEP-69','DD-MON-RR'),0);
Insert into USERS (TRADER_ID,TRADER_NAME,DATE_REG,USERNAME,PASSWORD,EMAIL_ID,PHONE,DOB,IS_ADMIN) values ('NICY8OJF','Nicholas Fox',to_date('01-MAR-78','DD-MON-RR'),'Nicholas63','hffjrtcc','badlyuntil@somema1l.com','9048975641',to_date('09-SEP-73','DD-MON-RR'),0);
Insert into USERS (TRADER_ID,TRADER_NAME,DATE_REG,USERNAME,PASSWORD,EMAIL_ID,PHONE,DOB,IS_ADMIN) values ('BRY0JA51','Bryan Franks',to_date('04-NOV-87','DD-MON-RR'),'Bryan13','oyhlhaxm','alawson55@b1zmail.com','9069480508',to_date('21-AUG-75','DD-MON-RR'),0);
Insert into USERS (TRADER_ID,TRADER_NAME,DATE_REG,USERNAME,PASSWORD,EMAIL_ID,PHONE,DOB,IS_ADMIN) values ('TRAVTP0G','Tracie Decker',to_date('18-JAN-02','DD-MON-RR'),'Tracie84','awxjmbot','gmacdonald@yah00.co.uk','9062692356',to_date('21-MAR-56','DD-MON-RR'),0);
Insert into USERS (TRADER_ID,TRADER_NAME,DATE_REG,USERNAME,PASSWORD,EMAIL_ID,PHONE,DOB,IS_ADMIN) values ('DEBBPH8V','Debbie Gallagher',to_date('03-SEP-80','DD-MON-RR'),'Debbie67','aeujidxw','illdemanded@gma1l.co.uk','9036111064',to_date('14-NOV-81','DD-MON-RR'),0);
Insert into USERS (TRADER_ID,TRADER_NAME,DATE_REG,USERNAME,PASSWORD,EMAIL_ID,PHONE,DOB,IS_ADMIN) values ('ROYZSC7D','Roy Gutierrez',to_date('02-AUG-17','DD-MON-RR'),'Roy36','qfszlkro','sgarner@ma1lbox.biz','9054982038',to_date('05-OCT-68','DD-MON-RR'),0);
Insert into USERS (TRADER_ID,TRADER_NAME,DATE_REG,USERNAME,PASSWORD,EMAIL_ID,PHONE,DOB,IS_ADMIN) values ('SHAI7AS0','Shawna Hernandez',to_date('05-JUL-02','DD-MON-RR'),'Shawna50','yfjdtshu','crashin@ma1lbox.org','9021781498',to_date('01-NOV-65','DD-MON-RR'),0);
Insert into USERS (TRADER_ID,TRADER_NAME,DATE_REG,USERNAME,PASSWORD,EMAIL_ID,PHONE,DOB,IS_ADMIN) values ('MADGO36M','Madison Barrett',to_date('14-AUG-19','DD-MON-RR'),'Madison56','jxvlyjnc','alwaysplane@ma1lbox.biz','9087432278',to_date('30-JUL-70','DD-MON-RR'),0);
Insert into USERS (TRADER_ID,TRADER_NAME,DATE_REG,USERNAME,PASSWORD,EMAIL_ID,PHONE,DOB,IS_ADMIN) values ('RONXONLA','Ron Schmidt',to_date('12-MAR-18','DD-MON-RR'),'Ron60','worapmve','tookis@ma1lbox.org','9079847084',to_date('07-NOV-71','DD-MON-RR'),0);
Insert into USERS (TRADER_ID,TRADER_NAME,DATE_REG,USERNAME,PASSWORD,EMAIL_ID,PHONE,DOB,IS_ADMIN) values ('BARK5S5E','Barb Holder',to_date('23-JUL-79','DD-MON-RR'),'Barb11','jbykqihk','toautomatically@somema1l.com','9064643099',to_date('13-APR-69','DD-MON-RR'),0);
Insert into USERS (TRADER_ID,TRADER_NAME,DATE_REG,USERNAME,PASSWORD,EMAIL_ID,PHONE,DOB,IS_ADMIN) values ('RENK17GN','Renee Acevedo',to_date('28-FEB-79','DD-MON-RR'),'Renee19','pqgkmrrm','gmays@everyma1l.org','9090795375',to_date('08-FEB-78','DD-MON-RR'),0);
Insert into USERS (TRADER_ID,TRADER_NAME,DATE_REG,USERNAME,PASSWORD,EMAIL_ID,PHONE,DOB,IS_ADMIN) values ('JAN8GMAC','Janet Haynes',to_date('16-AUG-96','DD-MON-RR'),'Janet59','caclmfpj','sparrish@hotma1l.com','9010488099',to_date('28-AUG-64','DD-MON-RR'),0);
Insert into USERS (TRADER_ID,TRADER_NAME,DATE_REG,USERNAME,PASSWORD,EMAIL_ID,PHONE,DOB,IS_ADMIN) values ('MARW3B7A','Martin Hall',to_date('08-MAR-85','DD-MON-RR'),'Martin37','smxgwgec','cwolfe82@gma1l.com','9092448908',to_date('18-MAR-56','DD-MON-RR'),0);
Insert into USERS (TRADER_ID,TRADER_NAME,DATE_REG,USERNAME,PASSWORD,EMAIL_ID,PHONE,DOB,IS_ADMIN) values ('MIR1ZXIB','Miranda McDonald',to_date('24-JUN-88','DD-MON-RR'),'Miranda65','kjraaxmm','boonthrough@yah00.org','9049037031',to_date('25-MAR-78','DD-MON-RR'),0);
Insert into USERS (TRADER_ID,TRADER_NAME,DATE_REG,USERNAME,PASSWORD,EMAIL_ID,PHONE,DOB,IS_ADMIN) values ('RIT8K7LO','Rita Scott',to_date('04-NOV-77','DD-MON-RR'),'Rita31','vtztmdhu','suspenseto@yah00.us','9083351916',to_date('17-JAN-62','DD-MON-RR'),0);
Insert into USERS (TRADER_ID,TRADER_NAME,DATE_REG,USERNAME,PASSWORD,EMAIL_ID,PHONE,DOB,IS_ADMIN) values ('CODOG0KJ','Cody Tanner',to_date('17-SEP-83','DD-MON-RR'),'Cody92','thlroddg','jdickinson27@b1zmail.org','9018484946',to_date('08-APR-57','DD-MON-RR'),0);
Insert into USERS (TRADER_ID,TRADER_NAME,DATE_REG,USERNAME,PASSWORD,EMAIL_ID,PHONE,DOB,IS_ADMIN) values ('CYNZN2JC','Cynthia Moody',to_date('28-AUG-75','DD-MON-RR'),'Cynthia23','mlknuqpq','jsanders@b1zmail.com','9086049207',to_date('29-MAY-61','DD-MON-RR'),0);
Insert into USERS (TRADER_ID,TRADER_NAME,DATE_REG,USERNAME,PASSWORD,EMAIL_ID,PHONE,DOB,IS_ADMIN) values ('JAD41VYX','Jade Medina',to_date('02-DEC-16','DD-MON-RR'),'Jade30','nkjlpygf','tmurphy52@ma1l2u.com','9019676043',to_date('19-MAY-61','DD-MON-RR'),0);
Insert into USERS (TRADER_ID,TRADER_NAME,DATE_REG,USERNAME,PASSWORD,EMAIL_ID,PHONE,DOB,IS_ADMIN) values ('DUSW8HIG','Dusty Dunlap',to_date('21-APR-15','DD-MON-RR'),'Dusty95','oxxmrxlg','writeball@everyma1l.net','9091847467',to_date('05-SEP-81','DD-MON-RR'),0);
Insert into USERS (TRADER_ID,TRADER_NAME,DATE_REG,USERNAME,PASSWORD,EMAIL_ID,PHONE,DOB,IS_ADMIN) values ('PATJROMB','Patricia Gibbs',to_date('21-APR-84','DD-MON-RR'),'Patricia21','rhcokkog','tpope@yah00.co.uk','9021130471',to_date('18-MAY-67','DD-MON-RR'),0);
Insert into USERS (TRADER_ID,TRADER_NAME,DATE_REG,USERNAME,PASSWORD,EMAIL_ID,PHONE,DOB,IS_ADMIN) values ('MARC6VSB','Mary Valenzuela',to_date('08-NOV-99','DD-MON-RR'),'Mary57','ekoswnrf','acote@b1zmail.us','9082397700',to_date('07-MAR-82','DD-MON-RR'),0);
Insert into USERS (TRADER_ID,TRADER_NAME,DATE_REG,USERNAME,PASSWORD,EMAIL_ID,PHONE,DOB,IS_ADMIN) values ('GINQJC3S','Ginger Spence',to_date('08-JUL-71','DD-MON-RR'),'Ginger97','eamlmxlj','mgamble@ma1l2u.com','9043560902',to_date('24-AUG-72','DD-MON-RR'),0);
Insert into USERS (TRADER_ID,TRADER_NAME,DATE_REG,USERNAME,PASSWORD,EMAIL_ID,PHONE,DOB,IS_ADMIN) values ('RACB6TS3','Rachael Pace',to_date('04-FEB-83','DD-MON-RR'),'Rachael78','pqvbepwi','discoveredto@yah00.com','9071396992',to_date('29-JAN-76','DD-MON-RR'),0);
Insert into USERS (TRADER_ID,TRADER_NAME,DATE_REG,USERNAME,PASSWORD,EMAIL_ID,PHONE,DOB,IS_ADMIN) values ('DREVKO1B','Drew Strong',to_date('26-APR-04','DD-MON-RR'),'Drew67','ccjvlfzy','bdickerson@everyma1l.co.uk','9095018890',to_date('31-JAN-73','DD-MON-RR'),0);
Insert into USERS (TRADER_ID,TRADER_NAME,DATE_REG,USERNAME,PASSWORD,EMAIL_ID,PHONE,DOB,IS_ADMIN) values ('HAL0GKCL','Haley Rivera',to_date('26-NOV-13','DD-MON-RR'),'Haley56','haacnizw','awilkins@ma1lbox.net','9010003367',to_date('31-DEC-55','DD-MON-RR'),0);
Insert into USERS (TRADER_ID,TRADER_NAME,DATE_REG,USERNAME,PASSWORD,EMAIL_ID,PHONE,DOB,IS_ADMIN) values ('SAR0JSNX','Sara Estes',to_date('21-APR-06','DD-MON-RR'),'Sara71','yyimhmpz','jkent63@ma1lbox.com','9089012620',to_date('28-JAN-77','DD-MON-RR'),0);
Insert into USERS (TRADER_ID,TRADER_NAME,DATE_REG,USERNAME,PASSWORD,EMAIL_ID,PHONE,DOB,IS_ADMIN) values ('JANRFYX6','Jan Cote',to_date('23-FEB-86','DD-MON-RR'),'Jan98','ckhgkeit','thisplane@hotma1l.net','9049820568',to_date('22-APR-77','DD-MON-RR'),0);
Insert into USERS (TRADER_ID,TRADER_NAME,DATE_REG,USERNAME,PASSWORD,EMAIL_ID,PHONE,DOB,IS_ADMIN) values ('JOHQRE47','Johnny Cortez',to_date('12-NOV-82','DD-MON-RR'),'Johnny35','ncyhxebt','nelliott@b1zmail.com','9077209992',to_date('30-JAN-79','DD-MON-RR'),0);
Insert into USERS (TRADER_ID,TRADER_NAME,DATE_REG,USERNAME,PASSWORD,EMAIL_ID,PHONE,DOB,IS_ADMIN) values ('BRIB1YL5','Brittany McLaughlin',to_date('20-AUG-97','DD-MON-RR'),'Brittany92','dipxwrby','peopleroom@everyma1l.co.uk','9034024646',to_date('02-JUL-59','DD-MON-RR'),0);
Insert into USERS (TRADER_ID,TRADER_NAME,DATE_REG,USERNAME,PASSWORD,EMAIL_ID,PHONE,DOB,IS_ADMIN) values ('TIM2D1WG','Tim Mercer',to_date('08-DEC-17','DD-MON-RR'),'Tim84','zqdktxmt','hatabout@gma1l.com','9091681295',to_date('13-JAN-80','DD-MON-RR'),0);
Insert into USERS (TRADER_ID,TRADER_NAME,DATE_REG,USERNAME,PASSWORD,EMAIL_ID,PHONE,DOB,IS_ADMIN) values ('NICG7WUU','Nicholas Jarvis',to_date('02-JAN-75','DD-MON-RR'),'Nicholas30','aoeiczay','dmccray@everyma1l.us','9079986706',to_date('12-MAR-56','DD-MON-RR'),0);
Insert into USERS (TRADER_ID,TRADER_NAME,DATE_REG,USERNAME,PASSWORD,EMAIL_ID,PHONE,DOB,IS_ADMIN) values ('CHRHJ8RG','Christopher Gonzalez',to_date('08-OCT-89','DD-MON-RR'),'Christopher26','dpevvdmk','asimmons@gma1l.co.uk','9095446842',to_date('02-MAY-78','DD-MON-RR'),0);
Insert into USERS (TRADER_ID,TRADER_NAME,DATE_REG,USERNAME,PASSWORD,EMAIL_ID,PHONE,DOB,IS_ADMIN) values ('DIXS805S','Dixie Little',to_date('24-JAN-14','DD-MON-RR'),'Dixie34','kanotrxr','willof@ma1lbox.co.uk','9095193570',to_date('08-MAY-80','DD-MON-RR'),0);
Insert into USERS (TRADER_ID,TRADER_NAME,DATE_REG,USERNAME,PASSWORD,EMAIL_ID,PHONE,DOB,IS_ADMIN) values ('LAUQ8TD9','Laura French',to_date('26-JUL-06','DD-MON-RR'),'Laura23','imoxdinh','tosecretly96@yah00.co.uk','9041341223',to_date('27-JUL-65','DD-MON-RR'),0);
Insert into USERS (TRADER_ID,TRADER_NAME,DATE_REG,USERNAME,PASSWORD,EMAIL_ID,PHONE,DOB,IS_ADMIN) values ('FRATO0TG','Frank Miller',to_date('12-JUN-91','DD-MON-RR'),'Frank14','qmdiaiul','aharding@yah00.com','9088560792',to_date('05-JAN-63','DD-MON-RR'),0);
Insert into USERS (TRADER_ID,TRADER_NAME,DATE_REG,USERNAME,PASSWORD,EMAIL_ID,PHONE,DOB,IS_ADMIN) values ('MARJOBL0','Marsha Lancaster',to_date('14-SEP-96','DD-MON-RR'),'Marsha81','gqogokbz','sofahave42@gma1l.org','9094511924',to_date('22-APR-80','DD-MON-RR'),0);
Insert into USERS (TRADER_ID,TRADER_NAME,DATE_REG,USERNAME,PASSWORD,EMAIL_ID,PHONE,DOB,IS_ADMIN) values ('CHR8CBOJ','Christina Myers',to_date('31-MAR-79','DD-MON-RR'),'Christina23','zbxzgili','ihad45@gma1l.biz','9087123801',to_date('03-FEB-79','DD-MON-RR'),0);
Insert into USERS (TRADER_ID,TRADER_NAME,DATE_REG,USERNAME,PASSWORD,EMAIL_ID,PHONE,DOB,IS_ADMIN) values ('JADOAQ6I','Jade Stewart',to_date('14-FEB-09','DD-MON-RR'),'Jade17','bgxutmyh','withwaited65@gma1l.biz','9055219559',to_date('18-SEP-80','DD-MON-RR'),0);
Insert into USERS (TRADER_ID,TRADER_NAME,DATE_REG,USERNAME,PASSWORD,EMAIL_ID,PHONE,DOB,IS_ADMIN) values ('SKY9T74O','Skyler Farmer',to_date('14-FEB-02','DD-MON-RR'),'Skyler58','bsjoijhe','findare@gma1l.net','9015150619',to_date('20-JAN-74','DD-MON-RR'),0);
Insert into USERS (TRADER_ID,TRADER_NAME,DATE_REG,USERNAME,PASSWORD,EMAIL_ID,PHONE,DOB,IS_ADMIN) values ('DARBS2TD','Darrell Hill',to_date('30-SEP-73','DD-MON-RR'),'Darrell52','nizdzeva','cward@ma1l2u.biz','9033066077',to_date('09-APR-72','DD-MON-RR'),0);
Insert into USERS (TRADER_ID,TRADER_NAME,DATE_REG,USERNAME,PASSWORD,EMAIL_ID,PHONE,DOB,IS_ADMIN) values ('REBCG146','Rebecca McKnight',to_date('20-JUN-14','DD-MON-RR'),'Rebecca52','ofgeggpn','insmoke@ma1lbox.co.uk','9073706177',to_date('17-JUN-79','DD-MON-RR'),0);
Insert into USERS (TRADER_ID,TRADER_NAME,DATE_REG,USERNAME,PASSWORD,EMAIL_ID,PHONE,DOB,IS_ADMIN) values ('PENNNOW3','Penny Mullins',to_date('30-SEP-95','DD-MON-RR'),'Penny37','ukoalesd','captainkeys@gma1l.us','9015413722',to_date('05-FEB-84','DD-MON-RR'),0);
Insert into USERS (TRADER_ID,TRADER_NAME,DATE_REG,USERNAME,PASSWORD,EMAIL_ID,PHONE,DOB,IS_ADMIN) values ('WANJU1CH','Wanda Dean',to_date('18-DEC-80','DD-MON-RR'),'Wanda18','raxenpbm','bwilder4@gma1l.net','9097630530',to_date('22-FEB-77','DD-MON-RR'),0);
Insert into USERS (TRADER_ID,TRADER_NAME,DATE_REG,USERNAME,PASSWORD,EMAIL_ID,PHONE,DOB,IS_ADMIN) values ('JUAGFC6U','Juanita Carpenter',to_date('21-MAY-10','DD-MON-RR'),'Juanita64','vkseeuez','cburris@hotma1l.net','9014650513',to_date('25-FEB-55','DD-MON-RR'),0);
Insert into USERS (TRADER_ID,TRADER_NAME,DATE_REG,USERNAME,PASSWORD,EMAIL_ID,PHONE,DOB,IS_ADMIN) values ('NICHIDBT','Nicholas Reese',to_date('16-SEP-12','DD-MON-RR'),'Nicholas31','qsfydyif','mmiranda@everyma1l.biz','9092814930',to_date('01-JUL-55','DD-MON-RR'),0);
Insert into USERS (TRADER_ID,TRADER_NAME,DATE_REG,USERNAME,PASSWORD,EMAIL_ID,PHONE,DOB,IS_ADMIN) values ('MAREZ57F','Marsha French',to_date('21-OCT-06','DD-MON-RR'),'Marsha90','wxvfecpd','rwheeler30@gma1l.co.uk','9021467303',to_date('13-DEC-68','DD-MON-RR'),0);
Insert into USERS (TRADER_ID,TRADER_NAME,DATE_REG,USERNAME,PASSWORD,EMAIL_ID,PHONE,DOB,IS_ADMIN) values ('RITI6EN1','Rita Kirkland',to_date('16-DEC-82','DD-MON-RR'),'Rita79','tqrqwwon','mwaters21@somema1l.net','9075927232',to_date('22-MAR-56','DD-MON-RR'),0);
Insert into USERS (TRADER_ID,TRADER_NAME,DATE_REG,USERNAME,PASSWORD,EMAIL_ID,PHONE,DOB,IS_ADMIN) values ('SHA8D8L3','Sharon Mathis',to_date('09-MAR-08','DD-MON-RR'),'Sharon56','mmjybyru','cvance42@somema1l.biz','9044793694',to_date('06-FEB-73','DD-MON-RR'),0);
Insert into USERS (TRADER_ID,TRADER_NAME,DATE_REG,USERNAME,PASSWORD,EMAIL_ID,PHONE,DOB,IS_ADMIN) values ('BRYYT98F','Bryan Montgomery',to_date('19-JUN-17','DD-MON-RR'),'Bryan18','yaklqazt','nburgess@everyma1l.net','9079176331',to_date('14-SEP-68','DD-MON-RR'),0);
Insert into USERS (TRADER_ID,TRADER_NAME,DATE_REG,USERNAME,PASSWORD,EMAIL_ID,PHONE,DOB,IS_ADMIN) values ('JONCYF5O','Jonathon Johnston',to_date('05-DEC-06','DD-MON-RR'),'Jonathon68','kzaeqxxh','lgarza@ma1lbox.us','9047819408',to_date('08-SEP-55','DD-MON-RR'),0);
Insert into USERS (TRADER_ID,TRADER_NAME,DATE_REG,USERNAME,PASSWORD,EMAIL_ID,PHONE,DOB,IS_ADMIN) values ('MAS8L20E','Mason Elliott',to_date('25-APR-98','DD-MON-RR'),'Mason30','tikubenb','ccampos@ma1l2u.us','9054828756',to_date('07-APR-78','DD-MON-RR'),0);
Insert into USERS (TRADER_ID,TRADER_NAME,DATE_REG,USERNAME,PASSWORD,EMAIL_ID,PHONE,DOB,IS_ADMIN) values ('ERIYFMJM','Erika Pratt',to_date('21-OCT-09','DD-MON-RR'),'Erika50','abulqvdr','treesmuch@ma1l2u.us','9026912937',to_date('24-JUN-74','DD-MON-RR'),0);
Insert into USERS (TRADER_ID,TRADER_NAME,DATE_REG,USERNAME,PASSWORD,EMAIL_ID,PHONE,DOB,IS_ADMIN) values ('ISAY6RVC','Isaac Cote',to_date('27-APR-91','DD-MON-RR'),'Isaac82','hbkbpycj','speedill@hotma1l.net','9071154035',to_date('25-OCT-74','DD-MON-RR'),0);
Insert into USERS (TRADER_ID,TRADER_NAME,DATE_REG,USERNAME,PASSWORD,EMAIL_ID,PHONE,DOB,IS_ADMIN) values ('PHILVLKJ','Phillip Cohen',to_date('08-MAY-99','DD-MON-RR'),'Phillip39','rngpifgx','peoplewords@everyma1l.net','9018576095',to_date('12-NOV-64','DD-MON-RR'),0);
Insert into USERS (TRADER_ID,TRADER_NAME,DATE_REG,USERNAME,PASSWORD,EMAIL_ID,PHONE,DOB,IS_ADMIN) values ('MARIPLHR','Martha Townsend',to_date('06-FEB-99','DD-MON-RR'),'Martha93','xzsyuego','ccotton@gma1l.us','9051283935',to_date('02-JUL-61','DD-MON-RR'),0);
Insert into USERS (TRADER_ID,TRADER_NAME,DATE_REG,USERNAME,PASSWORD,EMAIL_ID,PHONE,DOB,IS_ADMIN) values ('DON1MA27','Donna Fowler',to_date('13-AUG-07','DD-MON-RR'),'Donna55','kjmdquam','automaticallymany@somema1l.biz','9025042173',to_date('29-SEP-79','DD-MON-RR'),0);
Insert into USERS (TRADER_ID,TRADER_NAME,DATE_REG,USERNAME,PASSWORD,EMAIL_ID,PHONE,DOB,IS_ADMIN) values ('MARVBWK7','Mark McPherson',to_date('04-MAR-18','DD-MON-RR'),'Mark26','fjzntprz','jkline62@ma1lbox.biz','9031715386',to_date('30-JUL-72','DD-MON-RR'),0);
Insert into USERS (TRADER_ID,TRADER_NAME,DATE_REG,USERNAME,PASSWORD,EMAIL_ID,PHONE,DOB,IS_ADMIN) values ('REB4G6UJ','Rebecca Huff',to_date('05-JAN-04','DD-MON-RR'),'Rebecca48','tidaiimz','mferrell@ma1l2u.us','9034613370',to_date('29-AUG-61','DD-MON-RR'),0);
Insert into USERS (TRADER_ID,TRADER_NAME,DATE_REG,USERNAME,PASSWORD,EMAIL_ID,PHONE,DOB,IS_ADMIN) values ('CLAXGXUF','Clarence Tillman',to_date('25-NOV-11','DD-MON-RR'),'Clarence34','egxlbeiv','nterry@everyma1l.co.uk','9017358409',to_date('15-APR-74','DD-MON-RR'),0);
Insert into USERS (TRADER_ID,TRADER_NAME,DATE_REG,USERNAME,PASSWORD,EMAIL_ID,PHONE,DOB,IS_ADMIN) values ('CHRSPUOJ','Chris Morton',to_date('29-MAR-96','DD-MON-RR'),'Chris72','feemzlcn','waitednumbers@yah00.net','9074263329',to_date('03-JUN-73','DD-MON-RR'),0);
Insert into USERS (TRADER_ID,TRADER_NAME,DATE_REG,USERNAME,PASSWORD,EMAIL_ID,PHONE,DOB,IS_ADMIN) values ('CHR0XPDI','Christopher Sparks',to_date('21-AUG-13','DD-MON-RR'),'Christopher83','wedqlxbo','tknight@b1zmail.co.uk','9019968805',to_date('29-FEB-68','DD-MON-RR'),0);
Insert into USERS (TRADER_ID,TRADER_NAME,DATE_REG,USERNAME,PASSWORD,EMAIL_ID,PHONE,DOB,IS_ADMIN) values ('BRI7Q8ED','Brianna Goodwin',to_date('20-SEP-76','DD-MON-RR'),'Brianna60','edmwyqwl','onas@hotma1l.biz','9042549345',to_date('31-OCT-69','DD-MON-RR'),0);
Insert into USERS (TRADER_ID,TRADER_NAME,DATE_REG,USERNAME,PASSWORD,EMAIL_ID,PHONE,DOB,IS_ADMIN) values ('ANT56ANM','Antonio Wall',to_date('10-JUN-97','DD-MON-RR'),'Antonio41','jyxerzcg','pcombs@hotma1l.co.uk','9027364101',to_date('24-APR-75','DD-MON-RR'),0);
Insert into USERS (TRADER_ID,TRADER_NAME,DATE_REG,USERNAME,PASSWORD,EMAIL_ID,PHONE,DOB,IS_ADMIN) values ('JOR4SNLQ','Jordan Knapp',to_date('06-MAR-94','DD-MON-RR'),'Jordan59','aujldnpv','libraryisland@everyma1l.biz','9095231180',to_date('28-JUN-66','DD-MON-RR'),0);
Insert into USERS (TRADER_ID,TRADER_NAME,DATE_REG,USERNAME,PASSWORD,EMAIL_ID,PHONE,DOB,IS_ADMIN) values ('KENA8P1Q','Kenneth Morales',to_date('27-MAY-73','DD-MON-RR'),'Kenneth73','jjazrhom','crashbadly19@hotma1l.co.uk','9093740742',to_date('29-JAN-82','DD-MON-RR'),0);
Insert into USERS (TRADER_ID,TRADER_NAME,DATE_REG,USERNAME,PASSWORD,EMAIL_ID,PHONE,DOB,IS_ADMIN) values ('ALLHJ5TM','Allen Bradley',to_date('01-JAN-90','DD-MON-RR'),'Allen59','kkyiaklm','endgenerated@hotma1l.co.uk','9083252430',to_date('17-SEP-66','DD-MON-RR'),0);
Insert into USERS (TRADER_ID,TRADER_NAME,DATE_REG,USERNAME,PASSWORD,EMAIL_ID,PHONE,DOB,IS_ADMIN) values ('SUM39QPW','Summer Todd',to_date('16-AUG-96','DD-MON-RR'),'Summer17','unpedfup','dodays@ma1l2u.co.uk','9072471703',to_date('30-JUN-67','DD-MON-RR'),0);
Insert into USERS (TRADER_ID,TRADER_NAME,DATE_REG,USERNAME,PASSWORD,EMAIL_ID,PHONE,DOB,IS_ADMIN) values ('AMAXVHO4','Amanda Hopkins',to_date('19-NOV-13','DD-MON-RR'),'Amanda29','tqpnnusi','holdwarp@yah00.co.uk','9021707243',to_date('03-MAY-62','DD-MON-RR'),0);
Insert into USERS (TRADER_ID,TRADER_NAME,DATE_REG,USERNAME,PASSWORD,EMAIL_ID,PHONE,DOB,IS_ADMIN) values ('VALZNDMP','Valerie Nunez',to_date('13-DEC-90','DD-MON-RR'),'Valerie85','dyljcrih','isdo@gma1l.biz','9058730424',to_date('29-SEP-68','DD-MON-RR'),0);
Insert into USERS (TRADER_ID,TRADER_NAME,DATE_REG,USERNAME,PASSWORD,EMAIL_ID,PHONE,DOB,IS_ADMIN) values ('DARVGNYM','Darrell Blanchard',to_date('24-AUG-01','DD-MON-RR'),'Darrell25','nobwjfmq','or maybethis@everyma1l.biz','9036191363',to_date('05-MAR-78','DD-MON-RR'),0);
Insert into USERS (TRADER_ID,TRADER_NAME,DATE_REG,USERNAME,PASSWORD,EMAIL_ID,PHONE,DOB,IS_ADMIN) values ('KRIB342O','Kris Collins',to_date('12-JUL-98','DD-MON-RR'),'Kris71','nvmnkbsh','dayswhere@b1zmail.co.uk','9016711363',to_date('10-JUN-64','DD-MON-RR'),0);
Insert into USERS (TRADER_ID,TRADER_NAME,DATE_REG,USERNAME,PASSWORD,EMAIL_ID,PHONE,DOB,IS_ADMIN) values ('SUSNRB66','Susan Lott',to_date('29-JAN-71','DD-MON-RR'),'Susan49','dmzrahhb','speedautomatically@gma1l.biz','9047227284',to_date('20-SEP-62','DD-MON-RR'),0);
Insert into USERS (TRADER_ID,TRADER_NAME,DATE_REG,USERNAME,PASSWORD,EMAIL_ID,PHONE,DOB,IS_ADMIN) values ('CHA0655R','Charlie Larson',to_date('26-JUN-08','DD-MON-RR'),'Charlie63','lffcwtwg','tokeys@ma1l2u.com','9016806468',to_date('29-DEC-63','DD-MON-RR'),0);
Insert into USERS (TRADER_ID,TRADER_NAME,DATE_REG,USERNAME,PASSWORD,EMAIL_ID,PHONE,DOB,IS_ADMIN) values ('ERIVQJ78','Erica Osborn',to_date('26-OCT-73','DD-MON-RR'),'Erica26','nxipebmc','tookon@yah00.us','9052432910',to_date('25-JUL-65','DD-MON-RR'),0);
Insert into USERS (TRADER_ID,TRADER_NAME,DATE_REG,USERNAME,PASSWORD,EMAIL_ID,PHONE,DOB,IS_ADMIN) values ('JAN7R6US','Janet Rowe',to_date('25-DEC-12','DD-MON-RR'),'Janet70','trqjwzwp','bhiggins@yah00.co.uk','9083978901',to_date('18-NOV-70','DD-MON-RR'),0);
Insert into USERS (TRADER_ID,TRADER_NAME,DATE_REG,USERNAME,PASSWORD,EMAIL_ID,PHONE,DOB,IS_ADMIN) values ('EVE8BC2Y','Everett Boyd',to_date('12-MAR-09','DD-MON-RR'),'Everett24','egqafrut','willworld@ma1l2u.com','9098570529',to_date('24-AUG-59','DD-MON-RR'),0);
Insert into USERS (TRADER_ID,TRADER_NAME,DATE_REG,USERNAME,PASSWORD,EMAIL_ID,PHONE,DOB,IS_ADMIN) values ('TYLI65TP','Tyler Lancaster',to_date('07-SEP-97','DD-MON-RR'),'Tyler10','avtbamcf','findmoved@b1zmail.org','9078297862',to_date('24-MAY-76','DD-MON-RR'),0);
Insert into USERS (TRADER_ID,TRADER_NAME,DATE_REG,USERNAME,PASSWORD,EMAIL_ID,PHONE,DOB,IS_ADMIN) values ('JANA566T','Janet Barlow',to_date('08-SEP-97','DD-MON-RR'),'Janet61','wkbywxfk','dflynn@ma1lbox.biz','9098269988',to_date('16-AUG-81','DD-MON-RR'),0);
Insert into USERS (TRADER_ID,TRADER_NAME,DATE_REG,USERNAME,PASSWORD,EMAIL_ID,PHONE,DOB,IS_ADMIN) values ('STAQX443','Stanley McLean',to_date('01-JUL-93','DD-MON-RR'),'Stanley37','hpgmfjai','usalas@b1zmail.com','9063117076',to_date('22-MAR-77','DD-MON-RR'),0);
Insert into USERS (TRADER_ID,TRADER_NAME,DATE_REG,USERNAME,PASSWORD,EMAIL_ID,PHONE,DOB,IS_ADMIN) values ('JOEG72LE','Joel Vance',to_date('24-JUN-07','DD-MON-RR'),'Joel94','pfgmsvrw','torescue76@b1zmail.us','9015666169',to_date('17-APR-78','DD-MON-RR'),0);
Insert into USERS (TRADER_ID,TRADER_NAME,DATE_REG,USERNAME,PASSWORD,EMAIL_ID,PHONE,DOB,IS_ADMIN) values ('DANAJLHH','Dana Sellers',to_date('18-SEP-72','DD-MON-RR'),'Dana69','qpdwtqid','handledkeys@ma1lbox.org','9068232023',to_date('08-NOV-81','DD-MON-RR'),0);
Insert into USERS (TRADER_ID,TRADER_NAME,DATE_REG,USERNAME,PASSWORD,EMAIL_ID,PHONE,DOB,IS_ADMIN) values ('ROXCSRZ3','Roxanne McLean',to_date('16-DEC-70','DD-MON-RR'),'Roxanne40','eyyhajov','rwashington@ma1lbox.net','9025163118',to_date('16-APR-83','DD-MON-RR'),0);
Insert into USERS (TRADER_ID,TRADER_NAME,DATE_REG,USERNAME,PASSWORD,EMAIL_ID,PHONE,DOB,IS_ADMIN) values ('LOGQ4YTK','Logan Merrill',to_date('16-OCT-86','DD-MON-RR'),'Logan82','pzmtmkea','movedweb@yah00.biz','9030212053',to_date('26-MAR-71','DD-MON-RR'),0);
Insert into USERS (TRADER_ID,TRADER_NAME,DATE_REG,USERNAME,PASSWORD,EMAIL_ID,PHONE,DOB,IS_ADMIN) values ('SHAFLFRR','Sharon Banks',to_date('29-JUN-85','DD-MON-RR'),'Sharon50','gtjvdgtk','towill@yah00.com','9091108561',to_date('08-JUL-68','DD-MON-RR'),0);
Insert into USERS (TRADER_ID,TRADER_NAME,DATE_REG,USERNAME,PASSWORD,EMAIL_ID,PHONE,DOB,IS_ADMIN) values ('MELNOFU6','Melissa Barnes',to_date('12-JAN-93','DD-MON-RR'),'Melissa25','zsmdzjxy','whencold@b1zmail.co.uk','9046185717',to_date('24-JAN-75','DD-MON-RR'),0);
Insert into USERS (TRADER_ID,TRADER_NAME,DATE_REG,USERNAME,PASSWORD,EMAIL_ID,PHONE,DOB,IS_ADMIN) values ('ALB6U2ZV','Albert Scott',to_date('05-NOV-88','DD-MON-RR'),'Albert16','cnhrtsll','aharvey@hotma1l.co.uk','9077255782',to_date('27-OCT-78','DD-MON-RR'),0);
Insert into USERS (TRADER_ID,TRADER_NAME,DATE_REG,USERNAME,PASSWORD,EMAIL_ID,PHONE,DOB,IS_ADMIN) values ('JACLJKAL','Jacob Clay',to_date('02-AUG-05','DD-MON-RR'),'Jacob26','tjutslpx','cfranklin@yah00.org','9071055781',to_date('17-MAR-81','DD-MON-RR'),0);
Insert into USERS (TRADER_ID,TRADER_NAME,DATE_REG,USERNAME,PASSWORD,EMAIL_ID,PHONE,DOB,IS_ADMIN) values ('VERZZMJY','Veronica Wiley',to_date('04-JUL-00','DD-MON-RR'),'Veronica67','esqvdocc','throwsofa@ma1lbox.us','9026198315',to_date('15-JAN-64','DD-MON-RR'),0);
Insert into USERS (TRADER_ID,TRADER_NAME,DATE_REG,USERNAME,PASSWORD,EMAIL_ID,PHONE,DOB,IS_ADMIN) values ('KAYYTQEK','Kaylee Snyder',to_date('22-APR-15','DD-MON-RR'),'Kaylee51','xufgmjqg','pguzman@gma1l.com','9085694993',to_date('25-OCT-82','DD-MON-RR'),0);
Insert into USERS (TRADER_ID,TRADER_NAME,DATE_REG,USERNAME,PASSWORD,EMAIL_ID,PHONE,DOB,IS_ADMIN) values ('HEAK6C0G','Heath Garza',to_date('31-MAR-70','DD-MON-RR'),'Heath73','rhwrdykd','tmelton@hotma1l.org','9014573425',to_date('11-MAR-74','DD-MON-RR'),0);
Insert into USERS (TRADER_ID,TRADER_NAME,DATE_REG,USERNAME,PASSWORD,EMAIL_ID,PHONE,DOB,IS_ADMIN) values ('PATDWRGX','Patricia Spence',to_date('04-JAN-16','DD-MON-RR'),'Patricia40','pxbgvqjn','willhot@b1zmail.com','9082831946',to_date('21-JAN-57','DD-MON-RR'),0);
Insert into USERS (TRADER_ID,TRADER_NAME,DATE_REG,USERNAME,PASSWORD,EMAIL_ID,PHONE,DOB,IS_ADMIN) values ('MEL2F69L','Melanie Sanchez',to_date('05-MAY-99','DD-MON-RR'),'Melanie26','hrzgtxuh','aortega@ma1lbox.us','9023153714',to_date('06-JUN-83','DD-MON-RR'),0);
Insert into USERS (TRADER_ID,TRADER_NAME,DATE_REG,USERNAME,PASSWORD,EMAIL_ID,PHONE,DOB,IS_ADMIN) values ('BRIB9W3N','Brittany Evans',to_date('17-FEB-07','DD-MON-RR'),'Brittany66','hajroczb','tharrington@gma1l.com','9062173842',to_date('28-JUL-73','DD-MON-RR'),0);
Insert into USERS (TRADER_ID,TRADER_NAME,DATE_REG,USERNAME,PASSWORD,EMAIL_ID,PHONE,DOB,IS_ADMIN) values ('HEL7FGWO','Helen Sharp',to_date('06-JAN-86','DD-MON-RR'),'Helen56','gpshtyow','mfarmer@gma1l.us','9033690361',to_date('10-DEC-69','DD-MON-RR'),0);
Insert into USERS (TRADER_ID,TRADER_NAME,DATE_REG,USERNAME,PASSWORD,EMAIL_ID,PHONE,DOB,IS_ADMIN) values ('SHEZT1T2','Sherri Armstrong',to_date('11-MAR-81','DD-MON-RR'),'Sherri11','owwjabff','showinterest76@ma1lbox.org','9075285482',to_date('13-JAN-60','DD-MON-RR'),0);
Insert into USERS (TRADER_ID,TRADER_NAME,DATE_REG,USERNAME,PASSWORD,EMAIL_ID,PHONE,DOB,IS_ADMIN) values ('LACFSS25','Lacey Barker',to_date('20-SEP-17','DD-MON-RR'),'Lacey51','hlwqdoro','ldavid26@b1zmail.org','9014769089',to_date('31-JAN-81','DD-MON-RR'),0);
Insert into USERS (TRADER_ID,TRADER_NAME,DATE_REG,USERNAME,PASSWORD,EMAIL_ID,PHONE,DOB,IS_ADMIN) values ('DAVFQAR6','Dave Avery',to_date('08-OCT-79','DD-MON-RR'),'Dave92','oothamoa','eforeman@somema1l.us','9077725069',to_date('09-NOV-64','DD-MON-RR'),0);
Insert into USERS (TRADER_ID,TRADER_NAME,DATE_REG,USERNAME,PASSWORD,EMAIL_ID,PHONE,DOB,IS_ADMIN) values ('VIC3DJK9','Victoria Tate',to_date('20-DEC-83','DD-MON-RR'),'Victoria92','uctzsaqf','awood28@everyma1l.co.uk','9065805187',to_date('14-DEC-60','DD-MON-RR'),0);
Insert into USERS (TRADER_ID,TRADER_NAME,DATE_REG,USERNAME,PASSWORD,EMAIL_ID,PHONE,DOB,IS_ADMIN) values ('AND4U4E9','Andrea Knapp',to_date('31-AUG-91','DD-MON-RR'),'Andrea33','tlmzymum','apeck54@yah00.com','9047567407',to_date('21-JUN-71','DD-MON-RR'),0);
Insert into USERS (TRADER_ID,TRADER_NAME,DATE_REG,USERNAME,PASSWORD,EMAIL_ID,PHONE,DOB,IS_ADMIN) values ('CANI669U','Candy Howe',to_date('02-AUG-80','DD-MON-RR'),'Candy61','dezxgyjs','kbarnett@yah00.co.uk','9063805474',to_date('02-JUN-80','DD-MON-RR'),0);
Insert into USERS (TRADER_ID,TRADER_NAME,DATE_REG,USERNAME,PASSWORD,EMAIL_ID,PHONE,DOB,IS_ADMIN) values ('VIVUVTZX','Vivian McGee',to_date('30-AUG-06','DD-MON-RR'),'Vivian43','hnnidewc','piquekeys@ma1l2u.com','9017546416',to_date('01-APR-61','DD-MON-RR'),0);
Insert into USERS (TRADER_ID,TRADER_NAME,DATE_REG,USERNAME,PASSWORD,EMAIL_ID,PHONE,DOB,IS_ADMIN) values ('STAD8RYX','Stacey Whitaker',to_date('21-FEB-11','DD-MON-RR'),'Stacey56','cuaxjalx','warpwant75@somema1l.org','9092855915',to_date('25-SEP-72','DD-MON-RR'),0);
Insert into USERS (TRADER_ID,TRADER_NAME,DATE_REG,USERNAME,PASSWORD,EMAIL_ID,PHONE,DOB,IS_ADMIN) values ('ROYK4MJL','Roy Burke',to_date('08-FEB-77','DD-MON-RR'),'Roy57','zjgxjozz','chall23@b1zmail.co.uk','9095089729',to_date('31-JAN-56','DD-MON-RR'),0);
Insert into USERS (TRADER_ID,TRADER_NAME,DATE_REG,USERNAME,PASSWORD,EMAIL_ID,PHONE,DOB,IS_ADMIN) values ('ANNTUIDW','Annette Jarvis',to_date('21-APR-90','DD-MON-RR'),'Annette79','rhhqajai','bjefferson@yah00.biz','9073127189',to_date('01-OCT-61','DD-MON-RR'),0);
Insert into USERS (TRADER_ID,TRADER_NAME,DATE_REG,USERNAME,PASSWORD,EMAIL_ID,PHONE,DOB,IS_ADMIN) values ('RUS646VJ','Russell Hobbs',to_date('22-DEC-07','DD-MON-RR'),'Russell78','zqaphgvj','cmayo@everyma1l.us','9096463559',to_date('08-NOV-57','DD-MON-RR'),0);
Insert into USERS (TRADER_ID,TRADER_NAME,DATE_REG,USERNAME,PASSWORD,EMAIL_ID,PHONE,DOB,IS_ADMIN) values ('SIED4H9U','Sierra Schneider',to_date('19-JAN-02','DD-MON-RR'),'Sierra13','mmncoezh','inin@gma1l.org','9030679811',to_date('22-MAY-60','DD-MON-RR'),0);
Insert into USERS (TRADER_ID,TRADER_NAME,DATE_REG,USERNAME,PASSWORD,EMAIL_ID,PHONE,DOB,IS_ADMIN) values ('HUNXK69E','Hunter Baldwin',to_date('04-MAY-77','DD-MON-RR'),'Hunter77','ryxzlwwq','ecardenas84@gma1l.biz','9037045507',to_date('20-JAN-74','DD-MON-RR'),0);
Insert into USERS (TRADER_ID,TRADER_NAME,DATE_REG,USERNAME,PASSWORD,EMAIL_ID,PHONE,DOB,IS_ADMIN) values ('JUSB8YDF','Justin Carpenter',to_date('20-MAY-83','DD-MON-RR'),'Justin79','chtxmzna','vdeleon@gma1l.net','9046754227',to_date('22-JUN-82','DD-MON-RR'),0);
Insert into USERS (TRADER_ID,TRADER_NAME,DATE_REG,USERNAME,PASSWORD,EMAIL_ID,PHONE,DOB,IS_ADMIN) values ('BRIXQ3K7','Brianna Powell',to_date('23-SEP-75','DD-MON-RR'),'Brianna10','fvhaeafv','camedied@everyma1l.us','9059948470',to_date('24-JAN-79','DD-MON-RR'),0);
Insert into USERS (TRADER_ID,TRADER_NAME,DATE_REG,USERNAME,PASSWORD,EMAIL_ID,PHONE,DOB,IS_ADMIN) values ('ARTAVQGP','Arthur Holmes',to_date('29-JUL-71','DD-MON-RR'),'Arthur88','cbhekebs','secretlyor maybe@ma1l2u.us','9089980390',to_date('17-SEP-55','DD-MON-RR'),0);
Insert into USERS (TRADER_ID,TRADER_NAME,DATE_REG,USERNAME,PASSWORD,EMAIL_ID,PHONE,DOB,IS_ADMIN) values ('MAR8BQAC','Marion Cash',to_date('24-JUN-92','DD-MON-RR'),'Marion31','ynhnkcwh','cmcmillan@gma1l.com','9067560308',to_date('17-APR-62','DD-MON-RR'),0);
Insert into USERS (TRADER_ID,TRADER_NAME,DATE_REG,USERNAME,PASSWORD,EMAIL_ID,PHONE,DOB,IS_ADMIN) values ('JEN7R9DV','Jenny Head',to_date('22-JUN-92','DD-MON-RR'),'Jenny29','fwjeielp','abernard@b1zmail.biz','9095602995',to_date('09-JAN-55','DD-MON-RR'),0);
Insert into USERS (TRADER_ID,TRADER_NAME,DATE_REG,USERNAME,PASSWORD,EMAIL_ID,PHONE,DOB,IS_ADMIN) values ('HERSPFIE','Herbert Osborn',to_date('22-JUN-15','DD-MON-RR'),'Herbert46','pnmtpveb','banginghave21@ma1l2u.net','9035441832',to_date('10-NOV-69','DD-MON-RR'),0);
Insert into USERS (TRADER_ID,TRADER_NAME,DATE_REG,USERNAME,PASSWORD,EMAIL_ID,PHONE,DOB,IS_ADMIN) values ('MOT6H5OI','Mother Johnston',to_date('02-JUN-80','DD-MON-RR'),'Mother57','dyjuqzul','hatit''s@somema1l.com','9060061424',to_date('23-FEB-60','DD-MON-RR'),0);
Insert into USERS (TRADER_ID,TRADER_NAME,DATE_REG,USERNAME,PASSWORD,EMAIL_ID,PHONE,DOB,IS_ADMIN) values ('TIA83MIF','Tia Yang',to_date('03-SEP-85','DD-MON-RR'),'Tia89','dnobttng','entersofa@b1zmail.biz','9067671212',to_date('22-JUL-56','DD-MON-RR'),0);
Insert into USERS (TRADER_ID,TRADER_NAME,DATE_REG,USERNAME,PASSWORD,EMAIL_ID,PHONE,DOB,IS_ADMIN) values ('MATIBPRX','Matt Kerr',to_date('02-FEB-86','DD-MON-RR'),'Matt70','spsyoyxe','amay@everyma1l.org','9079183300',to_date('28-JUN-69','DD-MON-RR'),0);
Insert into USERS (TRADER_ID,TRADER_NAME,DATE_REG,USERNAME,PASSWORD,EMAIL_ID,PHONE,DOB,IS_ADMIN) values ('RAYYHZEG','Raymond Blevins',to_date('17-MAY-05','DD-MON-RR'),'Raymond83','fvsohyut','itwrite@gma1l.com','9095630722',to_date('30-JUL-56','DD-MON-RR'),0);
Insert into USERS (TRADER_ID,TRADER_NAME,DATE_REG,USERNAME,PASSWORD,EMAIL_ID,PHONE,DOB,IS_ADMIN) values ('DAR1WVXN','Darrell George',to_date('10-JUN-71','DD-MON-RR'),'Darrell41','tgztkbmi','sofrom@yah00.org','9087669126',to_date('19-SEP-62','DD-MON-RR'),0);
Insert into USERS (TRADER_ID,TRADER_NAME,DATE_REG,USERNAME,PASSWORD,EMAIL_ID,PHONE,DOB,IS_ADMIN) values ('MIT661AZ','Mitchell Glenn',to_date('31-JUL-82','DD-MON-RR'),'Mitchell52','dwrxwapg','nrodriquez@gma1l.us','9076001108',to_date('19-NOV-61','DD-MON-RR'),0);
Insert into USERS (TRADER_ID,TRADER_NAME,DATE_REG,USERNAME,PASSWORD,EMAIL_ID,PHONE,DOB,IS_ADMIN) values ('BRAM63Y4','Brady Carey',to_date('26-DEC-91','DD-MON-RR'),'Brady86','nkmpvxnk','ismoke@everyma1l.org','9028719989',to_date('29-OCT-69','DD-MON-RR'),0);
Insert into USERS (TRADER_ID,TRADER_NAME,DATE_REG,USERNAME,PASSWORD,EMAIL_ID,PHONE,DOB,IS_ADMIN) values ('AUTLA924','Autumn Hernandez',to_date('26-FEB-01','DD-MON-RR'),'Autumn94','gsuwyqef','vsummers43@b1zmail.co.uk','9068080063',to_date('25-JUN-77','DD-MON-RR'),0);
Insert into USERS (TRADER_ID,TRADER_NAME,DATE_REG,USERNAME,PASSWORD,EMAIL_ID,PHONE,DOB,IS_ADMIN) values ('DOR7L4B1','Dorothy Stafford',to_date('14-DEC-72','DD-MON-RR'),'Dorothy64','oszmdeuh','jweiss@ma1l2u.org','9030439353',to_date('03-DEC-76','DD-MON-RR'),0);
Insert into USERS (TRADER_ID,TRADER_NAME,DATE_REG,USERNAME,PASSWORD,EMAIL_ID,PHONE,DOB,IS_ADMIN) values ('JILL2VUQ','Jill Kelly',to_date('09-JAN-16','DD-MON-RR'),'Jill53','xvtewosr','vengland@yah00.us','9026171898',to_date('06-AUG-65','DD-MON-RR'),0);
Insert into USERS (TRADER_ID,TRADER_NAME,DATE_REG,USERNAME,PASSWORD,EMAIL_ID,PHONE,DOB,IS_ADMIN) values ('CHAIFE8J','Chastity Hooper',to_date('17-DEC-71','DD-MON-RR'),'Chastity90','wcicmvbn','enterworld@everyma1l.co.uk','9038182072',to_date('17-AUG-73','DD-MON-RR'),0);
Insert into USERS (TRADER_ID,TRADER_NAME,DATE_REG,USERNAME,PASSWORD,EMAIL_ID,PHONE,DOB,IS_ADMIN) values ('KRI0MJOW','Kristin Cash',to_date('04-MAY-72','DD-MON-RR'),'Kristin15','oiirrkmx','lpena46@somema1l.net','9034765814',to_date('30-OCT-69','DD-MON-RR'),0);
Insert into USERS (TRADER_ID,TRADER_NAME,DATE_REG,USERNAME,PASSWORD,EMAIL_ID,PHONE,DOB,IS_ADMIN) values ('DONFRLL8','Donna Fields',to_date('17-JUL-12','DD-MON-RR'),'Donna12','ggvaxcsj','magneticwith@somema1l.co.uk','9099714687',to_date('20-DEC-59','DD-MON-RR'),0);
Insert into USERS (TRADER_ID,TRADER_NAME,DATE_REG,USERNAME,PASSWORD,EMAIL_ID,PHONE,DOB,IS_ADMIN) values ('DARAQA2D','Darlene Black',to_date('17-JUN-71','DD-MON-RR'),'Darlene41','jopjustx','toconnor@hotma1l.org','9031053008',to_date('09-AUG-76','DD-MON-RR'),0);
Insert into USERS (TRADER_ID,TRADER_NAME,DATE_REG,USERNAME,PASSWORD,EMAIL_ID,PHONE,DOB,IS_ADMIN) values ('DON4EW08','Don Griffith',to_date('05-APR-93','DD-MON-RR'),'Don32','zqcoxcpf','mruiz@gma1l.biz','9071034404',to_date('22-OCT-64','DD-MON-RR'),0);
Insert into USERS (TRADER_ID,TRADER_NAME,DATE_REG,USERNAME,PASSWORD,EMAIL_ID,PHONE,DOB,IS_ADMIN) values ('CARX4UT9','Carl Goodwin',to_date('08-NOV-81','DD-MON-RR'),'Carl32','ozzxmmvn','vpitts@everyma1l.us','9088063322',to_date('30-APR-74','DD-MON-RR'),0);
Insert into USERS (TRADER_ID,TRADER_NAME,DATE_REG,USERNAME,PASSWORD,EMAIL_ID,PHONE,DOB,IS_ADMIN) values ('LINN4YBL','Lindsey Stein',to_date('05-MAY-08','DD-MON-RR'),'Lindsey85','wjmggsyy','ldelaney91@everyma1l.biz','9030268598',to_date('11-JUN-79','DD-MON-RR'),0);
Insert into USERS (TRADER_ID,TRADER_NAME,DATE_REG,USERNAME,PASSWORD,EMAIL_ID,PHONE,DOB,IS_ADMIN) values ('RYABX0ZU','Ryan Durham',to_date('30-OCT-77','DD-MON-RR'),'Ryan79','ueomijky','smoss13@somema1l.com','9046136802',to_date('21-MAR-81','DD-MON-RR'),0);
Insert into USERS (TRADER_ID,TRADER_NAME,DATE_REG,USERNAME,PASSWORD,EMAIL_ID,PHONE,DOB,IS_ADMIN) values ('MYRV5CHW','Myron O''neil',to_date('07-OCT-76','DD-MON-RR'),'Myron20','bupxmiba','smarquez@gma1l.com','9069428097',to_date('03-DEC-61','DD-MON-RR'),0);
Insert into USERS (TRADER_ID,TRADER_NAME,DATE_REG,USERNAME,PASSWORD,EMAIL_ID,PHONE,DOB,IS_ADMIN) values ('STEB2TU3','Stephen Brown',to_date('19-NOV-02','DD-MON-RR'),'Stephen17','jsivrrji','tookare@everyma1l.us','9021392353',to_date('08-NOV-71','DD-MON-RR'),0);
Insert into USERS (TRADER_ID,TRADER_NAME,DATE_REG,USERNAME,PASSWORD,EMAIL_ID,PHONE,DOB,IS_ADMIN) values ('TRIGVTRC','Trisha Gomez',to_date('29-NOV-17','DD-MON-RR'),'Trisha98','zsluqdvm','untilhold@ma1l2u.us','9079942945',to_date('14-SEP-71','DD-MON-RR'),0);
Insert into USERS (TRADER_ID,TRADER_NAME,DATE_REG,USERNAME,PASSWORD,EMAIL_ID,PHONE,DOB,IS_ADMIN) values ('SHEJAMB5','Sherry Poole',to_date('13-APR-00','DD-MON-RR'),'Sherry52','fypeeetv','inin19@yah00.biz','9045796069',to_date('01-FEB-65','DD-MON-RR'),0);
Insert into USERS (TRADER_ID,TRADER_NAME,DATE_REG,USERNAME,PASSWORD,EMAIL_ID,PHONE,DOB,IS_ADMIN) values ('OLIAEKB2','Olivia Hancock',to_date('28-MAY-96','DD-MON-RR'),'Olivia14','zcqxxhip','into@b1zmail.us','9061192199',to_date('15-APR-76','DD-MON-RR'),0);
Insert into USERS (TRADER_ID,TRADER_NAME,DATE_REG,USERNAME,PASSWORD,EMAIL_ID,PHONE,DOB,IS_ADMIN) values ('ALBR3WC5','Albert Santos',to_date('17-OCT-80','DD-MON-RR'),'Albert49','gagonrvb','tbryant@everyma1l.biz','9028109904',to_date('25-AUG-84','DD-MON-RR'),0);
Insert into USERS (TRADER_ID,TRADER_NAME,DATE_REG,USERNAME,PASSWORD,EMAIL_ID,PHONE,DOB,IS_ADMIN) values ('SUEAMIOQ','Sue Dorsey',to_date('10-AUG-89','DD-MON-RR'),'Sue22','uxqukeva','lightfind@everyma1l.us','9030913745',to_date('27-JAN-73','DD-MON-RR'),0);
Insert into USERS (TRADER_ID,TRADER_NAME,DATE_REG,USERNAME,PASSWORD,EMAIL_ID,PHONE,DOB,IS_ADMIN) values ('CAR77HKO','Carl Ashley',to_date('18-FEB-91','DD-MON-RR'),'Carl93','xriljcwl','rfinch71@somema1l.biz','9025578432',to_date('22-JUN-81','DD-MON-RR'),0);
Insert into USERS (TRADER_ID,TRADER_NAME,DATE_REG,USERNAME,PASSWORD,EMAIL_ID,PHONE,DOB,IS_ADMIN) values ('VER1YZU3','Vernon Butler',to_date('06-MAY-75','DD-MON-RR'),'Vernon52','chcnuhyp','crutledge@yah00.biz','9075223975',to_date('05-DEC-81','DD-MON-RR'),0);
Insert into USERS (TRADER_ID,TRADER_NAME,DATE_REG,USERNAME,PASSWORD,EMAIL_ID,PHONE,DOB,IS_ADMIN) values ('TRE8B8QO','Trent Ramsey',to_date('21-NOV-87','DD-MON-RR'),'Trent52','pcsbesmc','sacrificetook@yah00.us','9077910862',to_date('16-FEB-81','DD-MON-RR'),0);
Insert into USERS (TRADER_ID,TRADER_NAME,DATE_REG,USERNAME,PASSWORD,EMAIL_ID,PHONE,DOB,IS_ADMIN) values ('TASI9OQI','Tasha Fuentes',to_date('26-NOV-85','DD-MON-RR'),'Tasha58','pspipdky','avargas@everyma1l.org','9047340045',to_date('07-MAY-56','DD-MON-RR'),0);
Insert into USERS (TRADER_ID,TRADER_NAME,DATE_REG,USERNAME,PASSWORD,EMAIL_ID,PHONE,DOB,IS_ADMIN) values ('STADC932','Stacey Sanford',to_date('11-JUN-13','DD-MON-RR'),'Stacey47','rzwqkpzp','klove@ma1l2u.co.uk','9082610516',to_date('04-JAN-70','DD-MON-RR'),0);
Insert into USERS (TRADER_ID,TRADER_NAME,DATE_REG,USERNAME,PASSWORD,EMAIL_ID,PHONE,DOB,IS_ADMIN) values ('ALIEGC6Z','Alice Koch',to_date('29-APR-04','DD-MON-RR'),'Alice10','agcmhvut','aspull@hotma1l.us','9086440674',to_date('11-JUL-65','DD-MON-RR'),0);
Insert into USERS (TRADER_ID,TRADER_NAME,DATE_REG,USERNAME,PASSWORD,EMAIL_ID,PHONE,DOB,IS_ADMIN) values ('RALM7D8P','Ralph Koch',to_date('07-FEB-86','DD-MON-RR'),'Ralph71','zxirmtes','probablyisland@everyma1l.co.uk','9095281734',to_date('21-AUG-62','DD-MON-RR'),0);
Insert into USERS (TRADER_ID,TRADER_NAME,DATE_REG,USERNAME,PASSWORD,EMAIL_ID,PHONE,DOB,IS_ADMIN) values ('HOPODPDM','Hope Leblanc',to_date('23-DEC-93','DD-MON-RR'),'Hope84','wbcdyalc','ithot4@hotma1l.us','9072614814',to_date('15-SEP-78','DD-MON-RR'),0);
Insert into USERS (TRADER_ID,TRADER_NAME,DATE_REG,USERNAME,PASSWORD,EMAIL_ID,PHONE,DOB,IS_ADMIN) values ('DALU9A06','Dalton Daniel',to_date('30-SEP-81','DD-MON-RR'),'Dalton37','pbopvntt','willinterest@ma1lbox.com','9049329235',to_date('15-MAY-79','DD-MON-RR'),0);
Insert into USERS (TRADER_ID,TRADER_NAME,DATE_REG,USERNAME,PASSWORD,EMAIL_ID,PHONE,DOB,IS_ADMIN) values ('DEN6RW88','Dennis Farley',to_date('28-MAR-06','DD-MON-RR'),'Dennis53','vlgwmrfk','egibson@yah00.biz','9078139889',to_date('17-FEB-71','DD-MON-RR'),0);
Insert into USERS (TRADER_ID,TRADER_NAME,DATE_REG,USERNAME,PASSWORD,EMAIL_ID,PHONE,DOB,IS_ADMIN) values ('LINFZQ8J','Lindsey Craft',to_date('06-JUN-76','DD-MON-RR'),'Lindsey23','wyypgqor','isheadphones@ma1lbox.net','9050091680',to_date('15-OCT-65','DD-MON-RR'),0);
Insert into USERS (TRADER_ID,TRADER_NAME,DATE_REG,USERNAME,PASSWORD,EMAIL_ID,PHONE,DOB,IS_ADMIN) values ('LER8F16X','Leroy Avery',to_date('24-MAR-71','DD-MON-RR'),'Leroy46','ndaaweth','mywhat@somema1l.biz','9031758634',to_date('03-FEB-74','DD-MON-RR'),0);
Insert into USERS (TRADER_ID,TRADER_NAME,DATE_REG,USERNAME,PASSWORD,EMAIL_ID,PHONE,DOB,IS_ADMIN) values ('SHI75KZ0','Shirley McCarthy',to_date('27-JAN-05','DD-MON-RR'),'Shirley55','sdhxavzf','monsterconstantly@yah00.co.uk','9011080117',to_date('05-SEP-68','DD-MON-RR'),0);
Insert into USERS (TRADER_ID,TRADER_NAME,DATE_REG,USERNAME,PASSWORD,EMAIL_ID,PHONE,DOB,IS_ADMIN) values ('CHE110KQ','Chester Stanley',to_date('11-JUN-15','DD-MON-RR'),'Chester38','jqtstemd','wicketthrough@b1zmail.com','9043764487',to_date('04-NOV-76','DD-MON-RR'),0);
Insert into USERS (TRADER_ID,TRADER_NAME,DATE_REG,USERNAME,PASSWORD,EMAIL_ID,PHONE,DOB,IS_ADMIN) values ('ALIPN1XA','Alisha Casey',to_date('26-JUN-86','DD-MON-RR'),'Alisha70','wpbuzdbi','wordssmoke@gma1l.net','9093548137',to_date('15-JUN-83','DD-MON-RR'),0);
Insert into USERS (TRADER_ID,TRADER_NAME,DATE_REG,USERNAME,PASSWORD,EMAIL_ID,PHONE,DOB,IS_ADMIN) values ('ETHSI05R','Ethan Keller',to_date('12-MAY-07','DD-MON-RR'),'Ethan76','kjxhxuua','ona@ma1lbox.us','9073205443',to_date('28-AUG-74','DD-MON-RR'),0);
Insert into USERS (TRADER_ID,TRADER_NAME,DATE_REG,USERNAME,PASSWORD,EMAIL_ID,PHONE,DOB,IS_ADMIN) values ('VEREGPYO','Veronica Robbins',to_date('02-MAY-82','DD-MON-RR'),'Veronica88','fvzpixqe','monsterdo96@hotma1l.com','9070179439',to_date('17-JUN-76','DD-MON-RR'),0);
Insert into USERS (TRADER_ID,TRADER_NAME,DATE_REG,USERNAME,PASSWORD,EMAIL_ID,PHONE,DOB,IS_ADMIN) values ('GREVR7JO','Gregory Finch',to_date('02-AUG-83','DD-MON-RR'),'Gregory29','jleqshli','it''sthe@ma1l2u.biz','9077274872',to_date('22-DEC-65','DD-MON-RR'),0);
Insert into USERS (TRADER_ID,TRADER_NAME,DATE_REG,USERNAME,PASSWORD,EMAIL_ID,PHONE,DOB,IS_ADMIN) values ('LEEXDIQ6','Lee Henry',to_date('01-DEC-06','DD-MON-RR'),'Lee50','kgfpzcrt','kkirkland79@yah00.biz','9095443810',to_date('04-NOV-65','DD-MON-RR'),0);
Insert into USERS (TRADER_ID,TRADER_NAME,DATE_REG,USERNAME,PASSWORD,EMAIL_ID,PHONE,DOB,IS_ADMIN) values ('BETMDF3O','Betty Sharpe',to_date('05-AUG-96','DD-MON-RR'),'Betty43','cwzginho','badlylist@b1zmail.co.uk','9094226440',to_date('23-APR-73','DD-MON-RR'),0);
Insert into USERS (TRADER_ID,TRADER_NAME,DATE_REG,USERNAME,PASSWORD,EMAIL_ID,PHONE,DOB,IS_ADMIN) values ('CHAMQKSP','Chad Buckner',to_date('19-OCT-91','DD-MON-RR'),'Chad34','oscxvtct','ssharp12@yah00.org','9055149750',to_date('23-AUG-61','DD-MON-RR'),0);
Insert into USERS (TRADER_ID,TRADER_NAME,DATE_REG,USERNAME,PASSWORD,EMAIL_ID,PHONE,DOB,IS_ADMIN) values ('JANLI2VQ','Janice Carroll',to_date('09-JUN-04','DD-MON-RR'),'Janice51','gefrurcm','camewho@yah00.us','9093672291',to_date('13-DEC-62','DD-MON-RR'),0);
Insert into USERS (TRADER_ID,TRADER_NAME,DATE_REG,USERNAME,PASSWORD,EMAIL_ID,PHONE,DOB,IS_ADMIN) values ('KAT2G7RQ','Kathryn Tanner',to_date('03-SEP-90','DD-MON-RR'),'Kathryn23','spwcifdd','openof@ma1lbox.biz','9082537238',to_date('14-DEC-61','DD-MON-RR'),0);
Insert into USERS (TRADER_ID,TRADER_NAME,DATE_REG,USERNAME,PASSWORD,EMAIL_ID,PHONE,DOB,IS_ADMIN) values ('CHAKNMZB','Chad Lane',to_date('21-MAR-77','DD-MON-RR'),'Chad86','ciqhiksy','keysdreams79@gma1l.net','9055975787',to_date('11-JUL-71','DD-MON-RR'),0);
Insert into USERS (TRADER_ID,TRADER_NAME,DATE_REG,USERNAME,PASSWORD,EMAIL_ID,PHONE,DOB,IS_ADMIN) values ('WAYM2L83','Wayne Bryan',to_date('26-SEP-15','DD-MON-RR'),'Wayne69','ebxmoyuc','zbarrett@yah00.org','9073131562',to_date('09-JUL-79','DD-MON-RR'),0);
Insert into USERS (TRADER_ID,TRADER_NAME,DATE_REG,USERNAME,PASSWORD,EMAIL_ID,PHONE,DOB,IS_ADMIN) values ('ROB6I552','Roberta Sears',to_date('17-OCT-94','DD-MON-RR'),'Roberta69','tdkamipf','sidekickmy@yah00.us','9047731271',to_date('26-OCT-80','DD-MON-RR'),0);
Insert into USERS (TRADER_ID,TRADER_NAME,DATE_REG,USERNAME,PASSWORD,EMAIL_ID,PHONE,DOB,IS_ADMIN) values ('TIMWVSKU','Tim Christensen',to_date('13-MAR-92','DD-MON-RR'),'Tim72','egwrrrum','jmoses@everyma1l.com','9070286896',to_date('08-SEP-76','DD-MON-RR'),0);
Insert into USERS (TRADER_ID,TRADER_NAME,DATE_REG,USERNAME,PASSWORD,EMAIL_ID,PHONE,DOB,IS_ADMIN) values ('ALII5JS8','Alice Humphrey',to_date('09-SEP-72','DD-MON-RR'),'Alice86','xopirswk','firepeople@ma1lbox.biz','9023216465',to_date('20-JAN-62','DD-MON-RR'),0);
Insert into USERS (TRADER_ID,TRADER_NAME,DATE_REG,USERNAME,PASSWORD,EMAIL_ID,PHONE,DOB,IS_ADMIN) values ('DAL1U0FH','Dale Small',to_date('31-MAY-99','DD-MON-RR'),'Dale31','zvqijvcn','manysmoke@somema1l.biz','9071433218',to_date('07-NOV-65','DD-MON-RR'),0);
Insert into USERS (TRADER_ID,TRADER_NAME,DATE_REG,USERNAME,PASSWORD,EMAIL_ID,PHONE,DOB,IS_ADMIN) values ('BRO54WAF','Brooklyn Flores',to_date('04-SEP-96','DD-MON-RR'),'Brooklyn56','glwqvnbz','goodthey@everyma1l.biz','9033631148',to_date('11-MAY-79','DD-MON-RR'),0);
Insert into USERS (TRADER_ID,TRADER_NAME,DATE_REG,USERNAME,PASSWORD,EMAIL_ID,PHONE,DOB,IS_ADMIN) values ('JOH7UULZ','Johnathan McDonald',to_date('15-JAN-82','DD-MON-RR'),'Johnathan26','xplqcuvi','alwaysheadphones@gma1l.co.uk','9026847535',to_date('27-MAY-62','DD-MON-RR'),0);
Insert into USERS (TRADER_ID,TRADER_NAME,DATE_REG,USERNAME,PASSWORD,EMAIL_ID,PHONE,DOB,IS_ADMIN) values ('ELA9XE31','Elaine Young',to_date('31-JAN-74','DD-MON-RR'),'Elaine97','lsjqzzef','mblackwell@hotma1l.com','9012169392',to_date('30-JUL-81','DD-MON-RR'),0);
Insert into USERS (TRADER_ID,TRADER_NAME,DATE_REG,USERNAME,PASSWORD,EMAIL_ID,PHONE,DOB,IS_ADMIN) values ('PAIG91XK','Paige Whitehead',to_date('01-AUG-94','DD-MON-RR'),'Paige24','ahikpdzn','aromero@everyma1l.us','9067859447',to_date('10-OCT-60','DD-MON-RR'),0);
Insert into USERS (TRADER_ID,TRADER_NAME,DATE_REG,USERNAME,PASSWORD,EMAIL_ID,PHONE,DOB,IS_ADMIN) values ('SEAK7405','Sean Jacobs',to_date('16-AUG-11','DD-MON-RR'),'Sean67','lllcbmyv','throwtook@everyma1l.com','9081208819',to_date('28-AUG-65','DD-MON-RR'),0);
Insert into USERS (TRADER_ID,TRADER_NAME,DATE_REG,USERNAME,PASSWORD,EMAIL_ID,PHONE,DOB,IS_ADMIN) values ('JES58RJ1','Jesse Reyes',to_date('12-NOV-05','DD-MON-RR'),'Jesse89','ormdwvck','bwinters@ma1lbox.net','9088333845',to_date('30-DEC-78','DD-MON-RR'),0);
Insert into USERS (TRADER_ID,TRADER_NAME,DATE_REG,USERNAME,PASSWORD,EMAIL_ID,PHONE,DOB,IS_ADMIN) values ('JOA4K3H2','Joann Dillon',to_date('26-APR-73','DD-MON-RR'),'Joann79','euzefrcl','medwards@everyma1l.biz','9051656699',to_date('13-AUG-59','DD-MON-RR'),0);
Insert into USERS (TRADER_ID,TRADER_NAME,DATE_REG,USERNAME,PASSWORD,EMAIL_ID,PHONE,DOB,IS_ADMIN) values ('TYL8J2LI','Tyler Nolan',to_date('01-JAN-06','DD-MON-RR'),'Tyler16','cjosivgy','hnewton@yah00.co.uk','9035666563',to_date('21-AUG-56','DD-MON-RR'),0);
Insert into USERS (TRADER_ID,TRADER_NAME,DATE_REG,USERNAME,PASSWORD,EMAIL_ID,PHONE,DOB,IS_ADMIN) values ('LAWOH3PS','Lawrence Bender',to_date('15-FEB-15','DD-MON-RR'),'Lawrence20','slyuevua','monsterwhat20@hotma1l.us','9063713505',to_date('27-NOV-76','DD-MON-RR'),0);
Insert into USERS (TRADER_ID,TRADER_NAME,DATE_REG,USERNAME,PASSWORD,EMAIL_ID,PHONE,DOB,IS_ADMIN) values ('BON7USKP','Bonnie Chen',to_date('11-JUL-02','DD-MON-RR'),'Bonnie20','fcqrniwf','pskinner@everyma1l.com','9078644936',to_date('29-NOV-63','DD-MON-RR'),0);
Insert into USERS (TRADER_ID,TRADER_NAME,DATE_REG,USERNAME,PASSWORD,EMAIL_ID,PHONE,DOB,IS_ADMIN) values ('CHAXPYSK','Charlene Wilkins',to_date('30-JUN-75','DD-MON-RR'),'Charlene21','unmxpzab','peoplein@ma1lbox.biz','9018492760',to_date('02-JAN-60','DD-MON-RR'),0);
